station_code,station_name,station_type,city,town,elevation_m,longitude,latitude,address,source_file,source_name,source_url,year,month,raw_obs_month,raw_station_pressure_hpa,raw_temperature_c,raw_tmax_c,raw_tmin_c,raw_wind_speed_ms,raw_wind_direction_degree,raw_gust_speed_ms,raw_relative_humidity_percent,raw_precip_mm,raw_precip_days,raw_precip_1day_max_mm,raw_precip_1day_max_time,processed_precip_mm,processed_precip_days,processed_rain_intensity_mm_per_rain_day,processed_rainfall_level,processed_data_status,processed_method
C0E550,明德,署屬自動站,苗栗縣,頭屋鄉,84,120.885411,24.583486,明德水庫水利工作站屋頂上,C0E550-2025.csv,中央氣象署 CODiS / 現存測站清單,https://codis.cwa.gov.tw/ ; https://hdps.cwa.gov.tw/static/state.html,2025,2025-01,01,1011.4,14.9,24.5,4.6,1.2,51,14.4,74,31.5,8,7.5,2025/01/02 00:00:00,31.5,8,3.94,偏低,完整,以該測站 CODiS 2025 年月報表之降水量作為整理後月降雨量；降雨強度=月降水量/降水日數；未做鄉鎮推估。
C0E550,明德,署屬自動站,苗栗縣,頭屋鄉,84,120.885411,24.583486,明德水庫水利工作站屋頂上,C0E550-2025.csv,中央氣象署 CODiS / 現存測站清單,https://codis.cwa.gov.tw/ ; https://hdps.cwa.gov.tw/static/state.html,2025,2025-02,02,1011.7,15.4,25.4,7.3,1.1,51,13.5,81,77.0,8,32.0,2025/02/13 00:00:00,77,8,9.62,中等,完整,以該測站 CODiS 2025 年月報表之降水量作為整理後月降雨量；降雨強度=月降水量/降水日數；未做鄉鎮推估。
C0E550,明德,署屬自動站,苗栗縣,頭屋鄉,84,120.885411,24.583486,明德水庫水利工作站屋頂上,C0E550-2025.csv,中央氣象署 CODiS / 現存測站清單,https://codis.cwa.gov.tw/ ; https://hdps.cwa.gov.tw/static/state.html,2025,2025-03,03,1008.1,17.9,34.9,6.7,1.3,53,16.0,79,264.0,12,53.5,2025/03/15 00:00:00,264,12,22,偏高,完整,以該測站 CODiS 2025 年月報表之降水量作為整理後月降雨量；降雨強度=月降水量/降水日數；未做鄉鎮推估。
C0E550,明德,署屬自動站,苗栗縣,頭屋鄉,84,120.885411,24.583486,明德水庫水利工作站屋頂上,C0E550-2025.csv,中央氣象署 CODiS / 現存測站清單,https://codis.cwa.gov.tw/ ; https://hdps.cwa.gov.tw/static/state.html,2025,2025-04,04,1004.1,22.0,33.6,13.0,0.9,56,23.9,79,157.5,13,58.5,2025/04/12 00:00:00,157.5,13,12.12,偏高,完整,以該測站 CODiS 2025 年月報表之降水量作為整理後月降雨量；降雨強度=月降水量/降水日數；未做鄉鎮推估。
C0E550,明德,署屬自動站,苗栗縣,頭屋鄉,84,120.885411,24.583486,明德水庫水利工作站屋頂上,C0E550-2025.csv,中央氣象署 CODiS / 現存測站清單,https://codis.cwa.gov.tw/ ; https://hdps.cwa.gov.tw/static/state.html,2025,2025-05,05,1002.0,25.5,34.3,18.0,0.8,261,11.4,81,294.0,12,84.0,2025/05/07 00:00:00,294,12,24.50,偏高,完整,以該測站 CODiS 2025 年月報表之降水量作為整理後月降雨量；降雨強度=月降水量/降水日數；未做鄉鎮推估。
C0E550,明德,署屬自動站,苗栗縣,頭屋鄉,84,120.885411,24.583486,明德水庫水利工作站屋頂上,C0E550-2025.csv,中央氣象署 CODiS / 現存測站清單,https://codis.cwa.gov.tw/ ; https://hdps.cwa.gov.tw/static/state.html,2025,2025-06,06,999.4,28.5,35.7,22.5,0.8,255,13.8,78,94.0,9,30.0,2025/06/05 00:00:00,94,9,10.44,中等,完整,以該測站 CODiS 2025 年月報表之降水量作為整理後月降雨量；降雨強度=月降水量/降水日數；未做鄉鎮推估。
C0E550,明德,署屬自動站,苗栗縣,頭屋鄉,84,120.885411,24.583486,明德水庫水利工作站屋頂上,C0E550-2025.csv,中央氣象署 CODiS / 現存測站清單,https://codis.cwa.gov.tw/ ; https://hdps.cwa.gov.tw/static/state.html,2025,2025-07,07,993.4,28.6,36.1,22.3,1.0,255,17.4,81,461.0,19,162.0,2025/07/09 00:00:00,461,19,24.26,極高,完整,以該測站 CODiS 2025 年月報表之降水量作為整理後月降雨量；降雨強度=月降水量/降水日數；未做鄉鎮推估。
C0E550,明德,署屬自動站,苗栗縣,頭屋鄉,84,120.885411,24.583486,明德水庫水利工作站屋頂上,C0E550-2025.csv,中央氣象署 CODiS / 現存測站清單,https://codis.cwa.gov.tw/ ; https://hdps.cwa.gov.tw/static/state.html,2025,2025-08,08,1000.4,28.8,35.4,22.2,0.7,213,15.1,77,57.5,9,18.0,2025/08/27 00:00:00,57.5,9,6.39,中等,完整,以該測站 CODiS 2025 年月報表之降水量作為整理後月降雨量；降雨強度=月降水量/降水日數；未做鄉鎮推估。
C0E550,明德,署屬自動站,苗栗縣,頭屋鄉,84,120.885411,24.583486,明德水庫水利工作站屋頂上,C0E550-2025.csv,中央氣象署 CODiS / 現存測站清單,https://codis.cwa.gov.tw/ ; https://hdps.cwa.gov.tw/static/state.html,2025,2025-09,09,1001.8,28.3,35.5,24.1,0.4,286,11.4,82,110.5,8,70.5,2025/09/07 00:00:00,110.5,8,13.81,中等,完整,以該測站 CODiS 2025 年月報表之降水量作為整理後月降雨量；降雨強度=月降水量/降水日數；未做鄉鎮推估。
C0E550,明德,署屬自動站,苗栗縣,頭屋鄉,84,120.885411,24.583486,明德水庫水利工作站屋頂上,C0E550-2025.csv,中央氣象署 CODiS / 現存測站清單,https://codis.cwa.gov.tw/ ; https://hdps.cwa.gov.tw/static/state.html,2025,2025-10,10,1005.0,26.5,36.0,20.8,1.2,44,18.4,79,70.5,6,30.0,2025/10/20 00:00:00,70.5,6,11.75,中等,完整,以該測站 CODiS 2025 年月報表之降水量作為整理後月降雨量；降雨強度=月降水量/降水日數；未做鄉鎮推估。
C0E550,明德,署屬自動站,苗栗縣,頭屋鄉,84,120.885411,24.583486,明德水庫水利工作站屋頂上,C0E550-2025.csv,中央氣象署 CODiS / 現存測站清單,https://codis.cwa.gov.tw/ ; https://hdps.cwa.gov.tw/static/state.html,2025,2025-11,11,1007.3,21.6,31.7,13.0,1.5,54,16.2,77,31.5,5,16.0,2025/11/12 00:00:00,31.5,5,6.30,偏低,完整,以該測站 CODiS 2025 年月報表之降水量作為整理後月降雨量；降雨強度=月降水量/降水日數；未做鄉鎮推估。
C0E550,明德,署屬自動站,苗栗縣,頭屋鄉,84,120.885411,24.583486,明德水庫水利工作站屋頂上,C0E550-2025.csv,中央氣象署 CODiS / 現存測站清單,https://codis.cwa.gov.tw/ ; https://hdps.cwa.gov.tw/static/state.html,2025,2025-12,12,1009.3,18.4,27.0,10.6,1.3,50,13.5,80,3.0,3,1.5,2025/12/25 00:00:00,3,3,1,偏低,完整,以該測站 CODiS 2025 年月報表之降水量作為整理後月降雨量；降雨強度=月降水量/降水日數；未做鄉鎮推估。
C0E570,白沙屯,署屬自動站,苗栗縣,通霄鎮,31,120.696803,24.549447,新埔里19鄰新埔151-2號,C0E570-2025.csv,中央氣象署 CODiS / 現存測站清單,https://codis.cwa.gov.tw/ ; https://hdps.cwa.gov.tw/static/state.html,2025,2025-01,01,--,--,--,--,--,--,--,--,--,--,--,--,,,,,缺值,以該測站 CODiS 2025 年月報表之降水量作為整理後月降雨量；降雨強度=月降水量/降水日數；未做鄉鎮推估。
C0E570,白沙屯,署屬自動站,苗栗縣,通霄鎮,31,120.696803,24.549447,新埔里19鄰新埔151-2號,C0E570-2025.csv,中央氣象署 CODiS / 現存測站清單,https://codis.cwa.gov.tw/ ; https://hdps.cwa.gov.tw/static/state.html,2025,2025-02,02,1019.6,15.0,19.9,9.3,5.9,25,22.4,83,45.0,4,25.5,2025/02/13 00:00:00,45,4,11.25,偏低,完整,以該測站 CODiS 2025 年月報表之降水量作為整理後月降雨量；降雨強度=月降水量/降水日數；未做鄉鎮推估。
C0E570,白沙屯,署屬自動站,苗栗縣,通霄鎮,31,120.696803,24.549447,新埔里19鄰新埔151-2號,C0E570-2025.csv,中央氣象署 CODiS / 現存測站清單,https://codis.cwa.gov.tw/ ; https://hdps.cwa.gov.tw/static/state.html,2025,2025-03,03,1015.3,17.9,29.7,11.0,5.8,36,24.5,78,202.5,11,51.0,2025/03/04 00:00:00,202.5,11,18.41,偏高,完整,以該測站 CODiS 2025 年月報表之降水量作為整理後月降雨量；降雨強度=月降水量/降水日數；未做鄉鎮推估。
C0E570,白沙屯,署屬自動站,苗栗縣,通霄鎮,31,120.696803,24.549447,新埔里19鄰新埔151-2號,C0E570-2025.csv,中央氣象署 CODiS / 現存測站清單,https://codis.cwa.gov.tw/ ; https://hdps.cwa.gov.tw/static/state.html,2025,2025-04,04,1011.1,22.4,29.9,13.5,4.2,37,24.4,76,118.5,13,46.0,2025/04/12 00:00:00,118.5,13,9.12,中等,完整,以該測站 CODiS 2025 年月報表之降水量作為整理後月降雨量；降雨強度=月降水量/降水日數；未做鄉鎮推估。
C0E570,白沙屯,署屬自動站,苗栗縣,通霄鎮,31,120.696803,24.549447,新埔里19鄰新埔151-2號,C0E570-2025.csv,中央氣象署 CODiS / 現存測站清單,https://codis.cwa.gov.tw/ ; https://hdps.cwa.gov.tw/static/state.html,2025,2025-05,05,1008.8,25.5,30.9,19.1,3.7,42,17.1,80,227.5,9,62.5,2025/05/07 00:00:00,227.5,9,25.28,偏高,完整,以該測站 CODiS 2025 年月報表之降水量作為整理後月降雨量；降雨強度=月降水量/降水日數；未做鄉鎮推估。
C0E570,白沙屯,署屬自動站,苗栗縣,通霄鎮,31,120.696803,24.549447,新埔里19鄰新埔151-2號,C0E570-2025.csv,中央氣象署 CODiS / 現存測站清單,https://codis.cwa.gov.tw/ ; https://hdps.cwa.gov.tw/static/state.html,2025,2025-06,06,1006.2,28.4,32.5,22.3,3.7,231,17.6,79,58.0,9,13.0,2025/06/03 00:00:00,58,9,6.44,中等,完整,以該測站 CODiS 2025 年月報表之降水量作為整理後月降雨量；降雨強度=月降水量/降水日數；未做鄉鎮推估。
C0E570,白沙屯,署屬自動站,苗栗縣,通霄鎮,31,120.696803,24.549447,新埔里19鄰新埔151-2號,C0E570-2025.csv,中央氣象署 CODiS / 現存測站清單,https://codis.cwa.gov.tw/ ; https://hdps.cwa.gov.tw/static/state.html,2025,2025-07,07,1000.1,28.4,33.5,23.0,3.9,192,20.8,82,580.0,17,302.5,2025/07/09 00:00:00,580,17,34.12,極高,完整,以該測站 CODiS 2025 年月報表之降水量作為整理後月降雨量；降雨強度=月降水量/降水日數；未做鄉鎮推估。
C0E570,白沙屯,署屬自動站,苗栗縣,通霄鎮,31,120.696803,24.549447,新埔里19鄰新埔151-2號,C0E570-2025.csv,中央氣象署 CODiS / 現存測站清單,https://codis.cwa.gov.tw/ ; https://hdps.cwa.gov.tw/static/state.html,2025,2025-08,08,1007.0,28.8,34.5,24.0,3.4,225,19.5,78,34.0,4,16.5,2025/08/03 00:00:00,34,4,8.50,偏低,完整,以該測站 CODiS 2025 年月報表之降水量作為整理後月降雨量；降雨強度=月降水量/降水日數；未做鄉鎮推估。
C0E570,白沙屯,署屬自動站,苗栗縣,通霄鎮,31,120.696803,24.549447,新埔里19鄰新埔151-2號,C0E570-2025.csv,中央氣象署 CODiS / 現存測站清單,https://codis.cwa.gov.tw/ ; https://hdps.cwa.gov.tw/static/state.html,2025,2025-09,09,1008.4,28.7,34.4,25.0,2.6,317,18.1,80,63.0,5,33.0,2025/09/07 00:00:00,63,5,12.60,中等,完整,以該測站 CODiS 2025 年月報表之降水量作為整理後月降雨量；降雨強度=月降水量/降水日數；未做鄉鎮推估。
C0E570,白沙屯,署屬自動站,苗栗縣,通霄鎮,31,120.696803,24.549447,新埔里19鄰新埔151-2號,C0E570-2025.csv,中央氣象署 CODiS / 現存測站清單,https://codis.cwa.gov.tw/ ; https://hdps.cwa.gov.tw/static/state.html,2025,2025-10,10,1011.6,26.5,32.9,20.9,5.1,35,24.4,80,27.5,3,12.0,2025/10/20 00:00:00,27.5,3,9.17,偏低,完整,以該測站 CODiS 2025 年月報表之降水量作為整理後月降雨量；降雨強度=月降水量/降水日數；未做鄉鎮推估。
C0E570,白沙屯,署屬自動站,苗栗縣,通霄鎮,31,120.696803,24.549447,新埔里19鄰新埔151-2號,C0E570-2025.csv,中央氣象署 CODiS / 現存測站清單,https://codis.cwa.gov.tw/ ; https://hdps.cwa.gov.tw/static/state.html,2025,2025-11,11,1014.1,21.7,28.2,15.2,7.1,39,26.0,77,22.0,3,12.5,2025/11/13 00:00:00,22,3,7.33,偏低,完整,以該測站 CODiS 2025 年月報表之降水量作為整理後月降雨量；降雨強度=月降水量/降水日數；未做鄉鎮推估。
C0E570,白沙屯,署屬自動站,苗栗縣,通霄鎮,31,120.696803,24.549447,新埔里19鄰新埔151-2號,C0E570-2025.csv,中央氣象署 CODiS / 現存測站清單,https://codis.cwa.gov.tw/ ; https://hdps.cwa.gov.tw/static/state.html,2025,2025-12,12,1016.3,18.8,23.9,13.0,6.0,38,22.8,80,1.0,2,0.5,2025/12/25 00:00:00,1,2,0.50,偏低,完整,以該測站 CODiS 2025 年月報表之降水量作為整理後月降雨量；降雨強度=月降水量/降水日數；未做鄉鎮推估。
C0E590,通霄,署屬自動站,苗栗縣,通霄鎮,40,120.704622,24.471892,城北里1鄰13號(通霄鎮城中國民小學內),C0E590-2025.csv,中央氣象署 CODiS / 現存測站清單,https://codis.cwa.gov.tw/ ; https://hdps.cwa.gov.tw/static/state.html,2025,2025-01,01,1015.0,14.9,24.8,4.4,1.9,23,15.7,75,24.0,8,6.5,2025/01/02 00:00:00,24,8,3,偏低,完整,以該測站 CODiS 2025 年月報表之降水量作為整理後月降雨量；降雨強度=月降水量/降水日數；未做鄉鎮推估。
C0E590,通霄,署屬自動站,苗栗縣,通霄鎮,40,120.704622,24.471892,城北里1鄰13號(通霄鎮城中國民小學內),C0E590-2025.csv,中央氣象署 CODiS / 現存測站清單,https://codis.cwa.gov.tw/ ; https://hdps.cwa.gov.tw/static/state.html,2025,2025-02,02,1015.3,15.2,25.3,6.5,1.9,21,15.4,84,62.0,7,34.0,2025/02/13 00:00:00,62,7,8.86,中等,完整,以該測站 CODiS 2025 年月報表之降水量作為整理後月降雨量；降雨強度=月降水量/降水日數；未做鄉鎮推估。
C0E590,通霄,署屬自動站,苗栗縣,通霄鎮,40,120.704622,24.471892,城北里1鄰13號(通霄鎮城中國民小學內),C0E590-2025.csv,中央氣象署 CODiS / 現存測站清單,https://codis.cwa.gov.tw/ ; https://hdps.cwa.gov.tw/static/state.html,2025,2025-03,03,1011.7,17.9,32.2,6.6,2.1,32,15.2,81,188.0,9,50.5,2025/03/04 00:00:00,188,9,20.89,偏高,完整,以該測站 CODiS 2025 年月報表之降水量作為整理後月降雨量；降雨強度=月降水量/降水日數；未做鄉鎮推估。
C0E590,通霄,署屬自動站,苗栗縣,通霄鎮,40,120.704622,24.471892,城北里1鄰13號(通霄鎮城中國民小學內),C0E590-2025.csv,中央氣象署 CODiS / 現存測站清單,https://codis.cwa.gov.tw/ ; https://hdps.cwa.gov.tw/static/state.html,2025,2025-04,04,1007.7,22.2,31.4,12.8,1.7,99,13.2,81,136.0,12,47.0,2025/04/12 00:00:00,136,12,11.33,中等,完整,以該測站 CODiS 2025 年月報表之降水量作為整理後月降雨量；降雨強度=月降水量/降水日數；未做鄉鎮推估。
C0E590,通霄,署屬自動站,苗栗縣,通霄鎮,40,120.704622,24.471892,城北里1鄰13號(通霄鎮城中國民小學內),C0E590-2025.csv,中央氣象署 CODiS / 現存測站清單,https://codis.cwa.gov.tw/ ; https://hdps.cwa.gov.tw/static/state.html,2025,2025-05,05,1005.4,25.4,34.1,17.5,1.5,317,11.2,83,254.0,8,84.5,2025/05/24 00:00:00,254,8,31.75,偏高,完整,以該測站 CODiS 2025 年月報表之降水量作為整理後月降雨量；降雨強度=月降水量/降水日數；未做鄉鎮推估。
C0E590,通霄,署屬自動站,苗栗縣,通霄鎮,40,120.704622,24.471892,城北里1鄰13號(通霄鎮城中國民小學內),C0E590-2025.csv,中央氣象署 CODiS / 現存測站清單,https://codis.cwa.gov.tw/ ; https://hdps.cwa.gov.tw/static/state.html,2025,2025-06,06,1002.8,28.2,34.6,22.1,1.7,320,13.1,82,90.0,10,24.5,2025/06/13 00:00:00,90,10,9,中等,完整,以該測站 CODiS 2025 年月報表之降水量作為整理後月降雨量；降雨強度=月降水量/降水日數；未做鄉鎮推估。
C0E590,通霄,署屬自動站,苗栗縣,通霄鎮,40,120.704622,24.471892,城北里1鄰13號(通霄鎮城中國民小學內),C0E590-2025.csv,中央氣象署 CODiS / 現存測站清單,https://codis.cwa.gov.tw/ ; https://hdps.cwa.gov.tw/static/state.html,2025,2025-07,07,996.8,28.2,35.4,21.9,1.9,189,14.6,85,642.0,17,229.0,2025/07/09 00:00:00,642,17,37.76,極高,完整,以該測站 CODiS 2025 年月報表之降水量作為整理後月降雨量；降雨強度=月降水量/降水日數；未做鄉鎮推估。
C0E590,通霄,署屬自動站,苗栗縣,通霄鎮,40,120.704622,24.471892,城北里1鄰13號(通霄鎮城中國民小學內),C0E590-2025.csv,中央氣象署 CODiS / 現存測站清單,https://codis.cwa.gov.tw/ ; https://hdps.cwa.gov.tw/static/state.html,2025,2025-08,08,1003.7,28.8,35.0,22.1,1.7,102,11.1,80,87.0,6,37.5,2025/08/03 00:00:00,87,6,14.50,中等,完整,以該測站 CODiS 2025 年月報表之降水量作為整理後月降雨量；降雨強度=月降水量/降水日數；未做鄉鎮推估。
C0E590,通霄,署屬自動站,苗栗縣,通霄鎮,40,120.704622,24.471892,城北里1鄰13號(通霄鎮城中國民小學內),C0E590-2025.csv,中央氣象署 CODiS / 現存測站清單,https://codis.cwa.gov.tw/ ; https://hdps.cwa.gov.tw/static/state.html,2025,2025-09,09,1005.0,28.6,35.5,24.4,1.2,101,9.7,83,71.0,6,37.5,2025/09/07 00:00:00,71,6,11.83,中等,完整,以該測站 CODiS 2025 年月報表之降水量作為整理後月降雨量；降雨強度=月降水量/降水日數；未做鄉鎮推估。
C0E590,通霄,署屬自動站,苗栗縣,通霄鎮,40,120.704622,24.471892,城北里1鄰13號(通霄鎮城中國民小學內),C0E590-2025.csv,中央氣象署 CODiS / 現存測站清單,https://codis.cwa.gov.tw/ ; https://hdps.cwa.gov.tw/static/state.html,2025,2025-10,10,1008.1,26.5,35.5,20.6,1.8,28,17.9,81,31.0,5,12.0,2025/10/28 00:00:00,31,5,6.20,偏低,完整,以該測站 CODiS 2025 年月報表之降水量作為整理後月降雨量；降雨強度=月降水量/降水日數；未做鄉鎮推估。
C0E590,通霄,署屬自動站,苗栗縣,通霄鎮,40,120.704622,24.471892,城北里1鄰13號(通霄鎮城中國民小學內),C0E590-2025.csv,中央氣象署 CODiS / 現存測站清單,https://codis.cwa.gov.tw/ ; https://hdps.cwa.gov.tw/static/state.html,2025,2025-11,11,1010.5,21.9,32.8,12.9,2.0,32,15.3,77,29.0,3,17.5,2025/11/12 00:00:00,29,3,9.67,偏低,完整,以該測站 CODiS 2025 年月報表之降水量作為整理後月降雨量；降雨強度=月降水量/降水日數；未做鄉鎮推估。
C0E590,通霄,署屬自動站,苗栗縣,通霄鎮,40,120.704622,24.471892,城北里1鄰13號(通霄鎮城中國民小學內),C0E590-2025.csv,中央氣象署 CODiS / 現存測站清單,https://codis.cwa.gov.tw/ ; https://hdps.cwa.gov.tw/static/state.html,2025,2025-12,12,1012.6,18.9,27.3,12.3,1.8,39,15.5,80,2.0,2,1.0,2025/12/01 00:00:00,2,2,1,偏低,完整,以該測站 CODiS 2025 年月報表之降水量作為整理後月降雨量；降雨強度=月降水量/降水日數；未做鄉鎮推估。
C0E610,馬都安,署屬自動站,苗栗縣,泰安鄉,850,120.930192,24.451272,錦水村(由泰安開車約2小時瞭望台旁),C0E610-2025.csv,中央氣象署 CODiS / 現存測站清單,https://codis.cwa.gov.tw/ ; https://hdps.cwa.gov.tw/static/state.html,2025,2025-01,01,923.7,11.8,20.0,3.1,0.1,0,9.2,78,50.0,9,12.5,2025/01/01 00:00:00,50,9,5.56,中等,完整,以該測站 CODiS 2025 年月報表之降水量作為整理後月降雨量；降雨強度=月降水量/降水日數；未做鄉鎮推估。
C0E610,馬都安,署屬自動站,苗栗縣,泰安鄉,850,120.930192,24.451272,錦水村(由泰安開車約2小時瞭望台旁),C0E610-2025.csv,中央氣象署 CODiS / 現存測站清單,https://codis.cwa.gov.tw/ ; https://hdps.cwa.gov.tw/static/state.html,2025,2025-02,02,924.1,12.9,23.7,2.7,0.1,0,7.1,87,90.0,10,41.0,2025/02/12 00:00:00,90,10,9,中等,完整,以該測站 CODiS 2025 年月報表之降水量作為整理後月降雨量；降雨強度=月降水量/降水日數；未做鄉鎮推估。
C0E610,馬都安,署屬自動站,苗栗縣,泰安鄉,850,120.930192,24.451272,錦水村(由泰安開車約2小時瞭望台旁),C0E610-2025.csv,中央氣象署 CODiS / 現存測站清單,https://codis.cwa.gov.tw/ ; https://hdps.cwa.gov.tw/static/state.html,2025,2025-03,03,921.8,15.7,30.2,5.9,0.2,0,20.3,80,289.0,13,91.5,2025/03/04 00:00:00,289,13,22.23,偏高,完整,以該測站 CODiS 2025 年月報表之降水量作為整理後月降雨量；降雨強度=月降水量/降水日數；未做鄉鎮推估。
C0E610,馬都安,署屬自動站,苗栗縣,泰安鄉,850,120.930192,24.451272,錦水村(由泰安開車約2小時瞭望台旁),C0E610-2025.csv,中央氣象署 CODiS / 現存測站清單,https://codis.cwa.gov.tw/ ; https://hdps.cwa.gov.tw/static/state.html,2025,2025-04,04,919.4,19.0,28.9,9.0,0.2,0,6.8,81,136.0,14,39.5,2025/04/12 00:00:00,136,14,9.71,中等,完整,以該測站 CODiS 2025 年月報表之降水量作為整理後月降雨量；降雨強度=月降水量/降水日數；未做鄉鎮推估。
C0E610,馬都安,署屬自動站,苗栗縣,泰安鄉,850,120.930192,24.451272,錦水村(由泰安開車約2小時瞭望台旁),C0E610-2025.csv,中央氣象署 CODiS / 現存測站清單,https://codis.cwa.gov.tw/ ; https://hdps.cwa.gov.tw/static/state.html,2025,2025-05,05,918.3,21.8,31.7,15.1,0.2,0,8.2,86,376.0,11,110.0,2025/05/29 00:00:00,376,11,34.18,極高,完整,以該測站 CODiS 2025 年月報表之降水量作為整理後月降雨量；降雨強度=月降水量/降水日數；未做鄉鎮推估。
C0E610,馬都安,署屬自動站,苗栗縣,泰安鄉,850,120.930192,24.451272,錦水村(由泰安開車約2小時瞭望台旁),C0E610-2025.csv,中央氣象署 CODiS / 現存測站清單,https://codis.cwa.gov.tw/ ; https://hdps.cwa.gov.tw/static/state.html,2025,2025-06,06,916.8,23.5,31.7,19.0,0.2,0,8.5,87,241.0,15,41.0,2025/06/29 00:00:00,241,15,16.07,偏高,完整,以該測站 CODiS 2025 年月報表之降水量作為整理後月降雨量；降雨強度=月降水量/降水日數；未做鄉鎮推估。
C0E610,馬都安,署屬自動站,苗栗縣,泰安鄉,850,120.930192,24.451272,錦水村(由泰安開車約2小時瞭望台旁),C0E610-2025.csv,中央氣象署 CODiS / 現存測站清單,https://codis.cwa.gov.tw/ ; https://hdps.cwa.gov.tw/static/state.html,2025,2025-07,07,911.6,23.5,31.3,18.4,0.2,0,8.5,89,460.0,23,90.0,2025/07/09 00:00:00,460,23,20,極高,完整,以該測站 CODiS 2025 年月報表之降水量作為整理後月降雨量；降雨強度=月降水量/降水日數；未做鄉鎮推估。
C0E610,馬都安,署屬自動站,苗栗縣,泰安鄉,850,120.930192,24.451272,錦水村(由泰安開車約2小時瞭望台旁),C0E610-2025.csv,中央氣象署 CODiS / 現存測站清單,https://codis.cwa.gov.tw/ ; https://hdps.cwa.gov.tw/static/state.html,2025,2025-08,08,917.9,23.8,30.9,18.9,0.2,0,8.3,85,146.5,13,41.5,2025/08/03 00:00:00,146.5,13,11.27,中等,完整,以該測站 CODiS 2025 年月報表之降水量作為整理後月降雨量；降雨強度=月降水量/降水日數；未做鄉鎮推估。
C0E610,馬都安,署屬自動站,苗栗縣,泰安鄉,850,120.930192,24.451272,錦水村(由泰安開車約2小時瞭望台旁),C0E610-2025.csv,中央氣象署 CODiS / 現存測站清單,https://codis.cwa.gov.tw/ ; https://hdps.cwa.gov.tw/static/state.html,2025,2025-09,09,919.1,23.5,29.7,19.7,0.1,0,4.1,87,174.0,14,86.0,2025/09/07 00:00:00,174,14,12.43,偏高,完整,以該測站 CODiS 2025 年月報表之降水量作為整理後月降雨量；降雨強度=月降水量/降水日數；未做鄉鎮推估。
C0E610,馬都安,署屬自動站,苗栗縣,泰安鄉,850,120.930192,24.451272,錦水村(由泰安開車約2小時瞭望台旁),C0E610-2025.csv,中央氣象署 CODiS / 現存測站清單,https://codis.cwa.gov.tw/ ; https://hdps.cwa.gov.tw/static/state.html,2025,2025-10,10,921.0,21.7,29.9,16.6,0.1,0,11.5,88,31.5,4,20.5,2025/10/28 00:00:00,31.5,4,7.88,偏低,完整,以該測站 CODiS 2025 年月報表之降水量作為整理後月降雨量；降雨強度=月降水量/降水日數；未做鄉鎮推估。
C0E610,馬都安,署屬自動站,苗栗縣,泰安鄉,850,120.930192,24.451272,錦水村(由泰安開車約2小時瞭望台旁),C0E610-2025.csv,中央氣象署 CODiS / 現存測站清單,https://codis.cwa.gov.tw/ ; https://hdps.cwa.gov.tw/static/state.html,2025,2025-11,11,921.8,17.8,27.1,9.7,0.1,0,9.2,87,11.5,7,6.0,2025/11/14 00:00:00,11.5,7,1.64,偏低,完整,以該測站 CODiS 2025 年月報表之降水量作為整理後月降雨量；降雨強度=月降水量/降水日數；未做鄉鎮推估。
C0E610,馬都安,署屬自動站,苗栗縣,泰安鄉,850,120.930192,24.451272,錦水村(由泰安開車約2小時瞭望台旁),C0E610-2025.csv,中央氣象署 CODiS / 現存測站清單,https://codis.cwa.gov.tw/ ; https://hdps.cwa.gov.tw/static/state.html,2025,2025-12,12,922.9,15.2,23.2,6.9,0.2,0,5.9,82,12.5,3,8.0,2025/12/01 00:00:00,12.5,3,4.17,偏低,完整,以該測站 CODiS 2025 年月報表之降水量作為整理後月降雨量；降雨強度=月降水量/降水日數；未做鄉鎮推估。
C0E730,頭份,署屬自動站,苗栗縣,頭份市,26,120.912206,24.688247,中正路219號(苗栗縣頭份鎮頭份國小校園內),C0E730-2025.csv,中央氣象署 CODiS / 現存測站清單,https://codis.cwa.gov.tw/ ; https://hdps.cwa.gov.tw/static/state.html,2025,2025-01,01,1015.9,16.2,27.0,5.8,1.3,49,13.5,69,31.5,10,7.0,2025/01/02 00:00:00,31.5,10,3.15,偏低,完整,以該測站 CODiS 2025 年月報表之降水量作為整理後月降雨量；降雨強度=月降水量/降水日數；未做鄉鎮推估。
C0E730,頭份,署屬自動站,苗栗縣,頭份市,26,120.912206,24.688247,中正路219號(苗栗縣頭份鎮頭份國小校園內),C0E730-2025.csv,中央氣象署 CODiS / 現存測站清單,https://codis.cwa.gov.tw/ ; https://hdps.cwa.gov.tw/static/state.html,2025,2025-02,02,1016.2,16.4,27.0,8.4,1.3,51,14.2,78,65.5,11,28.0,2025/02/13 00:00:00,65.5,11,5.95,中等,完整,以該測站 CODiS 2025 年月報表之降水量作為整理後月降雨量；降雨強度=月降水量/降水日數；未做鄉鎮推估。
C0E730,頭份,署屬自動站,苗栗縣,頭份市,26,120.912206,24.688247,中正路219號(苗栗縣頭份鎮頭份國小校園內),C0E730-2025.csv,中央氣象署 CODiS / 現存測站清單,https://codis.cwa.gov.tw/ ; https://hdps.cwa.gov.tw/static/state.html,2025,2025-03,03,1012.5,18.9,35.7,9.0,1.1,49,12.5,75,256.5,11,56.0,2025/03/15 00:00:00,256.5,11,23.32,偏高,完整,以該測站 CODiS 2025 年月報表之降水量作為整理後月降雨量；降雨強度=月降水量/降水日數；未做鄉鎮推估。
C0E730,頭份,署屬自動站,苗栗縣,頭份市,26,120.912206,24.688247,中正路219號(苗栗縣頭份鎮頭份國小校園內),C0E730-2025.csv,中央氣象署 CODiS / 現存測站清單,https://codis.cwa.gov.tw/ ; https://hdps.cwa.gov.tw/static/state.html,2025,2025-04,04,1008.2,23.2,34.3,13.4,0.8,52,10.5,75,179.5,13,44.5,2025/04/12 00:00:00,179.5,13,13.81,偏高,完整,以該測站 CODiS 2025 年月報表之降水量作為整理後月降雨量；降雨強度=月降水量/降水日數；未做鄉鎮推估。
C0E730,頭份,署屬自動站,苗栗縣,頭份市,26,120.912206,24.688247,中正路219號(苗栗縣頭份鎮頭份國小校園內),C0E730-2025.csv,中央氣象署 CODiS / 現存測站清單,https://codis.cwa.gov.tw/ ; https://hdps.cwa.gov.tw/static/state.html,2025,2025-05,05,1005.9,26.8,36.9,18.7,0.7,53,10.7,77,308.5,9,80.5,2025/05/07 00:00:00,308.5,9,34.28,偏高,完整,以該測站 CODiS 2025 年月報表之降水量作為整理後月降雨量；降雨強度=月降水量/降水日數；未做鄉鎮推估。
C0E730,頭份,署屬自動站,苗栗縣,頭份市,26,120.912206,24.688247,中正路219號(苗栗縣頭份鎮頭份國小校園內),C0E730-2025.csv,中央氣象署 CODiS / 現存測站清單,https://codis.cwa.gov.tw/ ; https://hdps.cwa.gov.tw/static/state.html,2025,2025-06,06,1003.3,29.7,38.6,22.8,0.7,125,9.4,75,150.5,10,49.0,2025/06/29 00:00:00,150.5,10,15.05,偏高,完整,以該測站 CODiS 2025 年月報表之降水量作為整理後月降雨量；降雨強度=月降水量/降水日數；未做鄉鎮推估。
C0E730,頭份,署屬自動站,苗栗縣,頭份市,26,120.912206,24.688247,中正路219號(苗栗縣頭份鎮頭份國小校園內),C0E730-2025.csv,中央氣象署 CODiS / 現存測站清單,https://codis.cwa.gov.tw/ ; https://hdps.cwa.gov.tw/static/state.html,2025,2025-07,07,997.7,29.1,37.4,21.9,0.7,223,13.0,78,535.0,18,183.5,2025/07/09 00:00:00,535,18,29.72,極高,完整,以該測站 CODiS 2025 年月報表之降水量作為整理後月降雨量；降雨強度=月降水量/降水日數；未做鄉鎮推估。
C0E730,頭份,署屬自動站,苗栗縣,頭份市,26,120.912206,24.688247,中正路219號(苗栗縣頭份鎮頭份國小校園內),C0E730-2025.csv,中央氣象署 CODiS / 現存測站清單,https://codis.cwa.gov.tw/ ; https://hdps.cwa.gov.tw/static/state.html,2025,2025-08,08,1004.7,30.1,36.7,23.8,0.8,125,17.0,72,24.0,4,17.0,2025/08/27 00:00:00,24,4,6,偏低,完整,以該測站 CODiS 2025 年月報表之降水量作為整理後月降雨量；降雨強度=月降水量/降水日數；未做鄉鎮推估。
C0E730,頭份,署屬自動站,苗栗縣,頭份市,26,120.912206,24.688247,中正路219號(苗栗縣頭份鎮頭份國小校園內),C0E730-2025.csv,中央氣象署 CODiS / 現存測站清單,https://codis.cwa.gov.tw/ ; https://hdps.cwa.gov.tw/static/state.html,2025,2025-09,09,1006.1,29.7,37.5,24.5,0.8,128,17.2,77,64.5,10,29.0,2025/09/07 00:00:00,64.5,10,6.45,中等,完整,以該測站 CODiS 2025 年月報表之降水量作為整理後月降雨量；降雨強度=月降水量/降水日數；未做鄉鎮推估。
C0E730,頭份,署屬自動站,苗栗縣,頭份市,26,120.912206,24.688247,中正路219號(苗栗縣頭份鎮頭份國小校園內),C0E730-2025.csv,中央氣象署 CODiS / 現存測站清單,https://codis.cwa.gov.tw/ ; https://hdps.cwa.gov.tw/static/state.html,2025,2025-10,10,1009.6,27.7,38.5,21.0,1.5,51,16.6,75,100.0,6,48.5,2025/10/20 00:00:00,100,6,16.67,中等,完整,以該測站 CODiS 2025 年月報表之降水量作為整理後月降雨量；降雨強度=月降水量/降水日數；未做鄉鎮推估。
C0E730,頭份,署屬自動站,苗栗縣,頭份市,26,120.912206,24.688247,中正路219號(苗栗縣頭份鎮頭份國小校園內),C0E730-2025.csv,中央氣象署 CODiS / 現存測站清單,https://codis.cwa.gov.tw/ ; https://hdps.cwa.gov.tw/static/state.html,2025,2025-11,11,1012.1,23.1,34.1,14.8,2.0,51,18.3,72,16.0,4,7.0,2025/11/12 00:00:00,16,4,4,偏低,完整,以該測站 CODiS 2025 年月報表之降水量作為整理後月降雨量；降雨強度=月降水量/降水日數；未做鄉鎮推估。
C0E730,頭份,署屬自動站,苗栗縣,頭份市,26,120.912206,24.688247,中正路219號(苗栗縣頭份鎮頭份國小校園內),C0E730-2025.csv,中央氣象署 CODiS / 現存測站清單,https://codis.cwa.gov.tw/ ; https://hdps.cwa.gov.tw/static/state.html,2025,2025-12,12,1014.1,19.3,33.9,12.5,1.5,54,14.3,76,7.0,2,6.0,2025/12/01 00:00:00,7,2,3.50,偏低,完整,以該測站 CODiS 2025 年月報表之降水量作為整理後月降雨量；降雨強度=月降水量/降水日數；未做鄉鎮推估。
C0E740,造橋,署屬自動站,苗栗縣,造橋鄉,27,120.864778,24.637056,造橋村14鄰3號(造橋國小),C0E740-2025.csv,中央氣象署 CODiS / 現存測站清單,https://codis.cwa.gov.tw/ ; https://hdps.cwa.gov.tw/static/state.html,2025,2025-01,01,1017.9,14.9,24.7,2.8,1.2,50,11.5,74,29.0,9,8.5,2025/01/02 00:00:00,29,9,3.22,偏低,完整,以該測站 CODiS 2025 年月報表之降水量作為整理後月降雨量；降雨強度=月降水量/降水日數；未做鄉鎮推估。
C0E740,造橋,署屬自動站,苗栗縣,造橋鄉,27,120.864778,24.637056,造橋村14鄰3號(造橋國小),C0E740-2025.csv,中央氣象署 CODiS / 現存測站清單,https://codis.cwa.gov.tw/ ; https://hdps.cwa.gov.tw/static/state.html,2025,2025-02,02,1018.1,15.4,27.0,6.5,1.2,50,12.4,81,71.0,7,35.5,2025/02/13 00:00:00,71,7,10.14,中等,完整,以該測站 CODiS 2025 年月報表之降水量作為整理後月降雨量；降雨強度=月降水量/降水日數；未做鄉鎮推估。
C0E740,造橋,署屬自動站,苗栗縣,造橋鄉,27,120.864778,24.637056,造橋村14鄰3號(造橋國小),C0E740-2025.csv,中央氣象署 CODiS / 現存測站清單,https://codis.cwa.gov.tw/ ; https://hdps.cwa.gov.tw/static/state.html,2025,2025-03,03,1014.3,17.7,34.0,5.9,1.2,47,12.9,80,246.5,10,59.0,2025/03/04 00:00:00,246.5,10,24.65,偏高,完整,以該測站 CODiS 2025 年月報表之降水量作為整理後月降雨量；降雨強度=月降水量/降水日數；未做鄉鎮推估。
C0E740,造橋,署屬自動站,苗栗縣,造橋鄉,27,120.864778,24.637056,造橋村14鄰3號(造橋國小),C0E740-2025.csv,中央氣象署 CODiS / 現存測站清單,https://codis.cwa.gov.tw/ ; https://hdps.cwa.gov.tw/static/state.html,2025,2025-04,04,1010.1,21.9,32.3,12.0,1.0,49,14.9,80,175.5,14,55.5,2025/04/12 00:00:00,175.5,14,12.54,偏高,完整,以該測站 CODiS 2025 年月報表之降水量作為整理後月降雨量；降雨強度=月降水量/降水日數；未做鄉鎮推估。
C0E740,造橋,署屬自動站,苗栗縣,造橋鄉,27,120.864778,24.637056,造橋村14鄰3號(造橋國小),C0E740-2025.csv,中央氣象署 CODiS / 現存測站清單,https://codis.cwa.gov.tw/ ; https://hdps.cwa.gov.tw/static/state.html,2025,2025-05,05,1007.8,25.4,33.8,17.3,0.9,48,11.0,82,286.5,10,72.5,2025/05/07 00:00:00,286.5,10,28.65,偏高,完整,以該測站 CODiS 2025 年月報表之降水量作為整理後月降雨量；降雨強度=月降水量/降水日數；未做鄉鎮推估。
C0E740,造橋,署屬自動站,苗栗縣,造橋鄉,27,120.864778,24.637056,造橋村14鄰3號(造橋國小),C0E740-2025.csv,中央氣象署 CODiS / 現存測站清單,https://codis.cwa.gov.tw/ ; https://hdps.cwa.gov.tw/static/state.html,2025,2025-06,06,1005.0,28.6,36.3,22.2,1.0,237,11.7,79,95.5,9,26.5,2025/06/05 00:00:00,95.5,9,10.61,中等,完整,以該測站 CODiS 2025 年月報表之降水量作為整理後月降雨量；降雨強度=月降水量/降水日數；未做鄉鎮推估。
C0E740,造橋,署屬自動站,苗栗縣,造橋鄉,27,120.864778,24.637056,造橋村14鄰3號(造橋國小),C0E740-2025.csv,中央氣象署 CODiS / 現存測站清單,https://codis.cwa.gov.tw/ ; https://hdps.cwa.gov.tw/static/state.html,2025,2025-07,07,998.9,28.4,36.7,21.6,1.0,234,11.2,83,526.5,19,196.5,2025/07/09 00:00:00,526.5,19,27.71,極高,完整,以該測站 CODiS 2025 年月報表之降水量作為整理後月降雨量；降雨強度=月降水量/降水日數；未做鄉鎮推估。
C0E740,造橋,署屬自動站,苗栗縣,造橋鄉,27,120.864778,24.637056,造橋村14鄰3號(造橋國小),C0E740-2025.csv,中央氣象署 CODiS / 現存測站清單,https://codis.cwa.gov.tw/ ; https://hdps.cwa.gov.tw/static/state.html,2025,2025-08,08,1005.9,28.8,35.4,22.0,0.9,234,11.1,79,37.5,4,17.0,2025/08/27 00:00:00,37.5,4,9.38,偏低,完整,以該測站 CODiS 2025 年月報表之降水量作為整理後月降雨量；降雨強度=月降水量/降水日數；未做鄉鎮推估。
C0E740,造橋,署屬自動站,苗栗縣,造橋鄉,27,120.864778,24.637056,造橋村14鄰3號(造橋國小),C0E740-2025.csv,中央氣象署 CODiS / 現存測站清單,https://codis.cwa.gov.tw/ ; https://hdps.cwa.gov.tw/static/state.html,2025,2025-09,09,1007.3,28.4,36.0,23.4,0.6,228,13.0,82,54.5,8,35.0,2025/09/07 00:00:00,54.5,8,6.81,中等,完整,以該測站 CODiS 2025 年月報表之降水量作為整理後月降雨量；降雨強度=月降水量/降水日數；未做鄉鎮推估。
C0E740,造橋,署屬自動站,苗栗縣,造橋鄉,27,120.864778,24.637056,造橋村14鄰3號(造橋國小),C0E740-2025.csv,中央氣象署 CODiS / 現存測站清單,https://codis.cwa.gov.tw/ ; https://hdps.cwa.gov.tw/static/state.html,2025,2025-10,10,1010.7,26.5,37.0,20.7,1.1,51,27.5,80,80.0,5,33.5,2025/10/20 00:00:00,80,5,16,中等,完整,以該測站 CODiS 2025 年月報表之降水量作為整理後月降雨量；降雨強度=月降水量/降水日數；未做鄉鎮推估。
C0E740,造橋,署屬自動站,苗栗縣,造橋鄉,27,120.864778,24.637056,造橋村14鄰3號(造橋國小),C0E740-2025.csv,中央氣象署 CODiS / 現存測站清單,https://codis.cwa.gov.tw/ ; https://hdps.cwa.gov.tw/static/state.html,2025,2025-11,11,1013.2,21.7,33.1,11.6,1.4,51,14.9,76,29.5,3,15.0,2025/11/12 00:00:00,29.5,3,9.83,偏低,完整,以該測站 CODiS 2025 年月報表之降水量作為整理後月降雨量；降雨強度=月降水量/降水日數；未做鄉鎮推估。
C0E740,造橋,署屬自動站,苗栗縣,造橋鄉,27,120.864778,24.637056,造橋村14鄰3號(造橋國小),C0E740-2025.csv,中央氣象署 CODiS / 現存測站清單,https://codis.cwa.gov.tw/ ; https://hdps.cwa.gov.tw/static/state.html,2025,2025-12,12,1015.4,18.5,27.6,9.8,1.1,54,12.3,80,3.5,3,2.0,2025/12/01 00:00:00,3.5,3,1.17,偏低,完整,以該測站 CODiS 2025 年月報表之降水量作為整理後月降雨量；降雨強度=月降水量/降水日數；未做鄉鎮推估。
C0E750,苗栗,署屬自動站,苗栗縣,苗栗市,72,120.824575,24.564569,中正路241號(建功國小),C0E750-2025.csv,中央氣象署 CODiS / 現存測站清單,https://codis.cwa.gov.tw/ ; https://hdps.cwa.gov.tw/static/state.html,2025,2025-01,01,1014.7,15.0,24.1,6.6,1.6,35,14.2,71,23.5,8,6.5,2025/01/02 00:00:00,23.5,8,2.94,偏低,完整,以該測站 CODiS 2025 年月報表之降水量作為整理後月降雨量；降雨強度=月降水量/降水日數；未做鄉鎮推估。
C0E750,苗栗,署屬自動站,苗栗縣,苗栗市,72,120.824575,24.564569,中正路241號(建功國小),C0E750-2025.csv,中央氣象署 CODiS / 現存測站清單,https://codis.cwa.gov.tw/ ; https://hdps.cwa.gov.tw/static/state.html,2025,2025-02,02,1014.7,15.4,25.4,8.2,1.6,44,14.7,79,70.0,9,37.0,2025/02/13 00:00:00,70,9,7.78,中等,完整,以該測站 CODiS 2025 年月報表之降水量作為整理後月降雨量；降雨強度=月降水量/降水日數；未做鄉鎮推估。
C0E750,苗栗,署屬自動站,苗栗縣,苗栗市,72,120.824575,24.564569,中正路241號(建功國小),C0E750-2025.csv,中央氣象署 CODiS / 現存測站清單,https://codis.cwa.gov.tw/ ; https://hdps.cwa.gov.tw/static/state.html,2025,2025-03,03,1011.0,18.1,33.2,8.1,1.8,27,14.4,75,244.0,11,55.5,2025/03/13 00:00:00,244,11,22.18,偏高,完整,以該測站 CODiS 2025 年月報表之降水量作為整理後月降雨量；降雨強度=月降水量/降水日數；未做鄉鎮推估。
C0E750,苗栗,署屬自動站,苗栗縣,苗栗市,72,120.824575,24.564569,中正路241號(建功國小),C0E750-2025.csv,中央氣象署 CODiS / 現存測站清單,https://codis.cwa.gov.tw/ ; https://hdps.cwa.gov.tw/static/state.html,2025,2025-04,04,1006.8,22.5,31.7,12.8,1.6,233,18.0,72,145.5,13,55.0,2025/04/12 00:00:00,145.5,13,11.19,中等,完整,以該測站 CODiS 2025 年月報表之降水量作為整理後月降雨量；降雨強度=月降水量/降水日數；未做鄉鎮推估。
C0E750,苗栗,署屬自動站,苗栗縣,苗栗市,72,120.824575,24.564569,中正路241號(建功國小),C0E750-2025.csv,中央氣象署 CODiS / 現存測站清單,https://codis.cwa.gov.tw/ ; https://hdps.cwa.gov.tw/static/state.html,2025,2025-05,05,1004.0,25.9,32.8,18.6,1.5,224,11.3,73,275.0,10,70.0,2025/05/07 00:00:00,275,10,27.50,偏高,完整,以該測站 CODiS 2025 年月報表之降水量作為整理後月降雨量；降雨強度=月降水量/降水日數；未做鄉鎮推估。
C0E750,苗栗,署屬自動站,苗栗縣,苗栗市,72,120.824575,24.564569,中正路241號(建功國小),C0E750-2025.csv,中央氣象署 CODiS / 現存測站清單,https://codis.cwa.gov.tw/ ; https://hdps.cwa.gov.tw/static/state.html,2025,2025-06,06,1001.2,28.6,35.0,22.4,1.8,249,13.5,71,93.5,9,30.5,2025/06/29 00:00:00,93.5,9,10.39,中等,完整,以該測站 CODiS 2025 年月報表之降水量作為整理後月降雨量；降雨強度=月降水量/降水日數；未做鄉鎮推估。
C0E750,苗栗,署屬自動站,苗栗縣,苗栗市,72,120.824575,24.564569,中正路241號(建功國小),C0E750-2025.csv,中央氣象署 CODiS / 現存測站清單,https://codis.cwa.gov.tw/ ; https://hdps.cwa.gov.tw/static/state.html,2025,2025-07,07,995.2,28.5,35.5,22.0,1.8,201,15.1,75,543.0,18,177.0,2025/07/09 00:00:00,543,18,30.17,極高,完整,以該測站 CODiS 2025 年月報表之降水量作為整理後月降雨量；降雨強度=月降水量/降水日數；未做鄉鎮推估。
C0E750,苗栗,署屬自動站,苗栗縣,苗栗市,72,120.824575,24.564569,中正路241號(建功國小),C0E750-2025.csv,中央氣象署 CODiS / 現存測站清單,https://codis.cwa.gov.tw/ ; https://hdps.cwa.gov.tw/static/state.html,2025,2025-08,08,1002.1,29.0,34.2,23.8,1.7,203,14.2,70,58.5,5,36.5,2025/08/27 00:00:00,58.5,5,11.70,中等,完整,以該測站 CODiS 2025 年月報表之降水量作為整理後月降雨量；降雨強度=月降水量/降水日數；未做鄉鎮推估。
C0E750,苗栗,署屬自動站,苗栗縣,苗栗市,72,120.824575,24.564569,中正路241號(建功國小),C0E750-2025.csv,中央氣象署 CODiS / 現存測站清單,https://codis.cwa.gov.tw/ ; https://hdps.cwa.gov.tw/static/state.html,2025,2025-09,09,1003.0,28.9,36.5,24.6,1.2,202,13.0,73,113.0,6,77.5,2025/09/07 00:00:00,113,6,18.83,中等,完整,以該測站 CODiS 2025 年月報表之降水量作為整理後月降雨量；降雨強度=月降水量/降水日數；未做鄉鎮推估。
C0E750,苗栗,署屬自動站,苗栗縣,苗栗市,72,120.824575,24.564569,中正路241號(建功國小),C0E750-2025.csv,中央氣象署 CODiS / 現存測站清單,https://codis.cwa.gov.tw/ ; https://hdps.cwa.gov.tw/static/state.html,2025,2025-10,10,1006.0,26.7,36.7,20.6,1.8,15,14.9,74,42.5,7,13.0,2025/10/20 00:00:00,42.5,7,6.07,偏低,完整,以該測站 CODiS 2025 年月報表之降水量作為整理後月降雨量；降雨強度=月降水量/降水日數；未做鄉鎮推估。
C0E750,苗栗,署屬自動站,苗栗縣,苗栗市,72,120.824575,24.564569,中正路241號(建功國小),C0E750-2025.csv,中央氣象署 CODiS / 現存測站清單,https://codis.cwa.gov.tw/ ; https://hdps.cwa.gov.tw/static/state.html,2025,2025-11,11,1008.4,21.7,32.8,13.9,2.1,21,14.5,73,30.0,4,18.0,2025/11/12 00:00:00,30,4,7.50,偏低,完整,以該測站 CODiS 2025 年月報表之降水量作為整理後月降雨量；降雨強度=月降水量/降水日數；未做鄉鎮推估。
C0E750,苗栗,署屬自動站,苗栗縣,苗栗市,72,120.824575,24.564569,中正路241號(建功國小),C0E750-2025.csv,中央氣象署 CODiS / 現存測站清單,https://codis.cwa.gov.tw/ ; https://hdps.cwa.gov.tw/static/state.html,2025,2025-12,12,1010.5,18.5,27.5,11.1,1.8,25,15.7,76,2.0,3,1.0,2025/12/25 00:00:00,2,3,0.67,偏低,完整,以該測站 CODiS 2025 年月報表之降水量作為整理後月降雨量；降雨強度=月降水量/降水日數；未做鄉鎮推估。
C0E780,銅鑼,署屬自動站,苗栗縣,銅鑼鄉,160,120.790853,24.489681,福興村文化街1號(銅鑼國小),C0E780-2025.csv,中央氣象署 CODiS / 現存測站清單,https://codis.cwa.gov.tw/ ; https://hdps.cwa.gov.tw/static/state.html,2025,2025-01,01,1001.5,14.0,24.2,5.4,1.3,320,10.3,X,16.5,6,6.0,2025/01/31 00:00:00,16.5,6,2.75,偏低,完整,以該測站 CODiS 2025 年月報表之降水量作為整理後月降雨量；降雨強度=月降水量/降水日數；未做鄉鎮推估。
C0E780,銅鑼,署屬自動站,苗栗縣,銅鑼鄉,160,120.790853,24.489681,福興村文化街1號(銅鑼國小),C0E780-2025.csv,中央氣象署 CODiS / 現存測站清單,https://codis.cwa.gov.tw/ ; https://hdps.cwa.gov.tw/static/state.html,2025,2025-02,02,1001.8,14.5,28.7,7.4,1.3,330,10.9,87,83.5,9,38.5,2025/02/13 00:00:00,83.5,9,9.28,中等,完整,以該測站 CODiS 2025 年月報表之降水量作為整理後月降雨量；降雨強度=月降水量/降水日數；未做鄉鎮推估。
C0E780,銅鑼,署屬自動站,苗栗縣,銅鑼鄉,160,120.790853,24.489681,福興村文化街1號(銅鑼國小),C0E780-2025.csv,中央氣象署 CODiS / 現存測站清單,https://codis.cwa.gov.tw/ ; https://hdps.cwa.gov.tw/static/state.html,2025,2025-03,03,998.4,17.3,33.9,6.9,1.3,323,18.3,79,225.5,10,58.5,2025/03/15 00:00:00,225.5,10,22.55,偏高,完整,以該測站 CODiS 2025 年月報表之降水量作為整理後月降雨量；降雨強度=月降水量/降水日數；未做鄉鎮推估。
C0E780,銅鑼,署屬自動站,苗栗縣,銅鑼鄉,160,120.790853,24.489681,福興村文化街1號(銅鑼國小),C0E780-2025.csv,中央氣象署 CODiS / 現存測站清單,https://codis.cwa.gov.tw/ ; https://hdps.cwa.gov.tw/static/state.html,2025,2025-04,04,994.5,21.8,30.8,12.2,1.0,320,10.8,77,125.0,14,44.5,2025/04/12 00:00:00,125,14,8.93,中等,完整,以該測站 CODiS 2025 年月報表之降水量作為整理後月降雨量；降雨強度=月降水量/降水日數；未做鄉鎮推估。
C0E780,銅鑼,署屬自動站,苗栗縣,銅鑼鄉,160,120.790853,24.489681,福興村文化街1號(銅鑼國小),C0E780-2025.csv,中央氣象署 CODiS / 現存測站清單,https://codis.cwa.gov.tw/ ; https://hdps.cwa.gov.tw/static/state.html,2025,2025-05,05,992.4,25.2,36.9,16.9,1.0,213,9.5,79,288.5,11,72.0,2025/05/07 00:00:00,288.5,11,26.23,偏高,完整,以該測站 CODiS 2025 年月報表之降水量作為整理後月降雨量；降雨強度=月降水量/降水日數；未做鄉鎮推估。
C0E780,銅鑼,署屬自動站,苗栗縣,銅鑼鄉,160,120.790853,24.489681,福興村文化街1號(銅鑼國小),C0E780-2025.csv,中央氣象署 CODiS / 現存測站清單,https://codis.cwa.gov.tw/ ; https://hdps.cwa.gov.tw/static/state.html,2025,2025-06,06,989.9,28.0,36.2,20.7,1.2,218,10.5,78,89.0,11,32.5,2025/06/05 00:00:00,89,11,8.09,中等,完整,以該測站 CODiS 2025 年月報表之降水量作為整理後月降雨量；降雨強度=月降水量/降水日數；未做鄉鎮推估。
C0E780,銅鑼,署屬自動站,苗栗縣,銅鑼鄉,160,120.790853,24.489681,福興村文化街1號(銅鑼國小),C0E780-2025.csv,中央氣象署 CODiS / 現存測站清單,https://codis.cwa.gov.tw/ ; https://hdps.cwa.gov.tw/static/state.html,2025,2025-07,07,984.1,27.9,35.7,20.0,1.2,317,13.8,82,507.5,18,151.5,2025/07/09 00:00:00,507.5,18,28.19,極高,完整,以該測站 CODiS 2025 年月報表之降水量作為整理後月降雨量；降雨強度=月降水量/降水日數；未做鄉鎮推估。
C0E780,銅鑼,署屬自動站,苗栗縣,銅鑼鄉,160,120.790853,24.489681,福興村文化街1號(銅鑼國小),C0E780-2025.csv,中央氣象署 CODiS / 現存測站清單,https://codis.cwa.gov.tw/ ; https://hdps.cwa.gov.tw/static/state.html,2025,2025-08,08,990.9,28.3,35.7,20.4,1.2,320,9.4,77,79.5,7,36.0,2025/08/27 00:00:00,79.5,7,11.36,中等,完整,以該測站 CODiS 2025 年月報表之降水量作為整理後月降雨量；降雨強度=月降水量/降水日數；未做鄉鎮推估。
C0E780,銅鑼,署屬自動站,苗栗縣,銅鑼鄉,160,120.790853,24.489681,福興村文化街1號(銅鑼國小),C0E780-2025.csv,中央氣象署 CODiS / 現存測站清單,https://codis.cwa.gov.tw/ ; https://hdps.cwa.gov.tw/static/state.html,2025,2025-09,09,992.3,28.2,36.6,23.8,0.9,317,7.1,80,115.0,10,61.5,2025/09/07 00:00:00,115,10,11.50,中等,完整,以該測站 CODiS 2025 年月報表之降水量作為整理後月降雨量；降雨強度=月降水量/降水日數；未做鄉鎮推估。
C0E780,銅鑼,署屬自動站,苗栗縣,銅鑼鄉,160,120.790853,24.489681,福興村文化街1號(銅鑼國小),C0E780-2025.csv,中央氣象署 CODiS / 現存測站清單,https://codis.cwa.gov.tw/ ; https://hdps.cwa.gov.tw/static/state.html,2025,2025-10,10,995.3,25.8,37.2,19.0,1.3,316,12.4,80,37.0,5,12.0,2025/10/28 00:00:00,37,5,7.40,偏低,完整,以該測站 CODiS 2025 年月報表之降水量作為整理後月降雨量；降雨強度=月降水量/降水日數；未做鄉鎮推估。
C0E780,銅鑼,署屬自動站,苗栗縣,銅鑼鄉,160,120.790853,24.489681,福興村文化街1號(銅鑼國小),C0E780-2025.csv,中央氣象署 CODiS / 現存測站清單,https://codis.cwa.gov.tw/ ; https://hdps.cwa.gov.tw/static/state.html,2025,2025-11,11,997.4,20.9,31.2,13.2,1.3,323,10.4,80,21.5,2,15.5,2025/11/12 00:00:00,21.5,2,10.75,偏低,完整,以該測站 CODiS 2025 年月報表之降水量作為整理後月降雨量；降雨強度=月降水量/降水日數；未做鄉鎮推估。
C0E780,銅鑼,署屬自動站,苗栗縣,銅鑼鄉,160,120.790853,24.489681,福興村文化街1號(銅鑼國小),C0E780-2025.csv,中央氣象署 CODiS / 現存測站清單,https://codis.cwa.gov.tw/ ; https://hdps.cwa.gov.tw/static/state.html,2025,2025-12,12,999.3,19.1,28.6,12.8,1.1,324,11.0,81,3.5,3,2.5,2025/12/01 00:00:00,3.5,3,1.17,偏低,完整,以該測站 CODiS 2025 年月報表之降水量作為整理後月降雨量；降雨強度=月降水量/降水日數；未做鄉鎮推估。
C0E791,卓蘭,署屬自動站,苗栗縣,卓蘭鎮,366,120.8244,24.3126,中山路125-1號(卓蘭鎮圖書館樓頂),C0E791-2025.csv,中央氣象署 CODiS / 現存測站清單,https://codis.cwa.gov.tw/ ; https://hdps.cwa.gov.tw/static/state.html,2025,2025-01,01,979.3,14.6,24.3,5.5,1.4,44,15.5,75,29.5,8,9.5,2025/01/01 00:00:00,29.5,8,3.69,偏低,完整,以該測站 CODiS 2025 年月報表之降水量作為整理後月降雨量；降雨強度=月降水量/降水日數；未做鄉鎮推估。
C0E791,卓蘭,署屬自動站,苗栗縣,卓蘭鎮,366,120.8244,24.3126,中山路125-1號(卓蘭鎮圖書館樓頂),C0E791-2025.csv,中央氣象署 CODiS / 現存測站清單,https://codis.cwa.gov.tw/ ; https://hdps.cwa.gov.tw/static/state.html,2025,2025-02,02,979.4,15.6,28.2,5.6,1.3,46,46.9,82,70.0,7,38.5,2025/02/13 00:00:00,70,7,10,中等,完整,以該測站 CODiS 2025 年月報表之降水量作為整理後月降雨量；降雨強度=月降水量/降水日數；未做鄉鎮推估。
C0E791,卓蘭,署屬自動站,苗栗縣,卓蘭鎮,366,120.8244,24.3126,中山路125-1號(卓蘭鎮圖書館樓頂),C0E791-2025.csv,中央氣象署 CODiS / 現存測站清單,https://codis.cwa.gov.tw/ ; https://hdps.cwa.gov.tw/static/state.html,2025,2025-03,03,974.1,18.2,32.8,9.0,1.4,52,26.3,79,180.5,10,47.0,2025/03/04 00:00:00,180.5,10,18.05,偏高,完整,以該測站 CODiS 2025 年月報表之降水量作為整理後月降雨量；降雨強度=月降水量/降水日數；未做鄉鎮推估。
C0E791,卓蘭,署屬自動站,苗栗縣,卓蘭鎮,366,120.8244,24.3126,中山路125-1號(卓蘭鎮圖書館樓頂),C0E791-2025.csv,中央氣象署 CODiS / 現存測站清單,https://codis.cwa.gov.tw/ ; https://hdps.cwa.gov.tw/static/state.html,2025,2025-04,04,971.1,22.2,32.6,12.0,1.2,286,15.7,78,107.5,11,49.5,2025/04/12 00:00:00,107.5,11,9.77,中等,完整,以該測站 CODiS 2025 年月報表之降水量作為整理後月降雨量；降雨強度=月降水量/降水日數；未做鄉鎮推估。
C0E791,卓蘭,署屬自動站,苗栗縣,卓蘭鎮,366,120.8244,24.3126,中山路125-1號(卓蘭鎮圖書館樓頂),C0E791-2025.csv,中央氣象署 CODiS / 現存測站清單,https://codis.cwa.gov.tw/ ; https://hdps.cwa.gov.tw/static/state.html,2025,2025-05,05,969.3,25.6,34.8,18.3,1.2,253,11.3,80,267.5,11,76.0,2025/05/29 00:00:00,267.5,11,24.32,偏高,完整,以該測站 CODiS 2025 年月報表之降水量作為整理後月降雨量；降雨強度=月降水量/降水日數；未做鄉鎮推估。
C0E791,卓蘭,署屬自動站,苗栗縣,卓蘭鎮,366,120.8244,24.3126,中山路125-1號(卓蘭鎮圖書館樓頂),C0E791-2025.csv,中央氣象署 CODiS / 現存測站清單,https://codis.cwa.gov.tw/ ; https://hdps.cwa.gov.tw/static/state.html,2025,2025-06,06,967.4,27.8,34.5,20.8,1.4,234,10.1,80,287.0,15,61.0,2025/06/13 00:00:00,287,15,19.13,偏高,完整,以該測站 CODiS 2025 年月報表之降水量作為整理後月降雨量；降雨強度=月降水量/降水日數；未做鄉鎮推估。
C0E791,卓蘭,署屬自動站,苗栗縣,卓蘭鎮,366,120.8244,24.3126,中山路125-1號(卓蘭鎮圖書館樓頂),C0E791-2025.csv,中央氣象署 CODiS / 現存測站清單,https://codis.cwa.gov.tw/ ; https://hdps.cwa.gov.tw/static/state.html,2025,2025-07,07,961.7,27.6,34.3,22.9,1.4,199,13.9,83,914.0,23,170.5,2025/07/31 00:00:00,914,23,39.74,極高,完整,以該測站 CODiS 2025 年月報表之降水量作為整理後月降雨量；降雨強度=月降水量/降水日數；未做鄉鎮推估。
C0E791,卓蘭,署屬自動站,苗栗縣,卓蘭鎮,366,120.8244,24.3126,中山路125-1號(卓蘭鎮圖書館樓頂),C0E791-2025.csv,中央氣象署 CODiS / 現存測站清單,https://codis.cwa.gov.tw/ ; https://hdps.cwa.gov.tw/static/state.html,2025,2025-08,08,968.3,27.5,34.7,21.1,1.3,289,7.7,79,306.5,11,80.0,2025/08/03 00:00:00,306.5,11,27.86,偏高,完整,以該測站 CODiS 2025 年月報表之降水量作為整理後月降雨量；降雨強度=月降水量/降水日數；未做鄉鎮推估。
C0E791,卓蘭,署屬自動站,苗栗縣,卓蘭鎮,366,120.8244,24.3126,中山路125-1號(卓蘭鎮圖書館樓頂),C0E791-2025.csv,中央氣象署 CODiS / 現存測站清單,https://codis.cwa.gov.tw/ ; https://hdps.cwa.gov.tw/static/state.html,2025,2025-09,09,969.5,27.0,34.3,22.1,1.0,291,7.5,82,250.0,9,130.0,2025/09/07 00:00:00,250,9,27.78,偏高,完整,以該測站 CODiS 2025 年月報表之降水量作為整理後月降雨量；降雨強度=月降水量/降水日數；未做鄉鎮推估。
C0E791,卓蘭,署屬自動站,苗栗縣,卓蘭鎮,366,120.8244,24.3126,中山路125-1號(卓蘭鎮圖書館樓頂),C0E791-2025.csv,中央氣象署 CODiS / 現存測站清單,https://codis.cwa.gov.tw/ ; https://hdps.cwa.gov.tw/static/state.html,2025,2025-10,10,971.9,25.8,33.8,19.8,1.4,44,20.8,79,22.0,3,13.0,2025/10/20 00:00:00,22,3,7.33,偏低,完整,以該測站 CODiS 2025 年月報表之降水量作為整理後月降雨量；降雨強度=月降水量/降水日數；未做鄉鎮推估。
C0E791,卓蘭,署屬自動站,苗栗縣,卓蘭鎮,366,120.8244,24.3126,中山路125-1號(卓蘭鎮圖書館樓頂),C0E791-2025.csv,中央氣象署 CODiS / 現存測站清單,https://codis.cwa.gov.tw/ ; https://hdps.cwa.gov.tw/static/state.html,2025,2025-11,11,973.4,21.3,32.3,13.5,1.3,45,13.9,79,6.0,5,2.5,2025/11/14 00:00:00,6,5,1.20,偏低,完整,以該測站 CODiS 2025 年月報表之降水量作為整理後月降雨量；降雨強度=月降水量/降水日數；未做鄉鎮推估。
C0E791,卓蘭,署屬自動站,苗栗縣,卓蘭鎮,366,120.8244,24.3126,中山路125-1號(卓蘭鎮圖書館樓頂),C0E791-2025.csv,中央氣象署 CODiS / 現存測站清單,https://codis.cwa.gov.tw/ ; https://hdps.cwa.gov.tw/static/state.html,2025,2025-12,12,975.1,18.2,28.2,10.8,1.2,46,15.3,79,3.0,2,2.5,2025/12/27 00:00:00,3,2,1.50,偏低,完整,以該測站 CODiS 2025 年月報表之降水量作為整理後月降雨量；降雨強度=月降水量/降水日數；未做鄉鎮推估。
C0E810,西湖,署屬自動站,苗栗縣,西湖鄉,53,120.7485,24.562947,二湖村2鄰22號(僑文國小),C0E810-2025.csv,中央氣象署 CODiS / 現存測站清單,https://codis.cwa.gov.tw/ ; https://hdps.cwa.gov.tw/static/state.html,2025,2025-01,01,1015.1,14.7,25.0,4.3,3.4,22,18.8,76,17.5,9,5.5,2025/01/02 00:00:00,17.5,9,1.94,偏低,完整,以該測站 CODiS 2025 年月報表之降水量作為整理後月降雨量；降雨強度=月降水量/降水日數；未做鄉鎮推估。
C0E810,西湖,署屬自動站,苗栗縣,西湖鄉,53,120.7485,24.562947,二湖村2鄰22號(僑文國小),C0E810-2025.csv,中央氣象署 CODiS / 現存測站清單,https://codis.cwa.gov.tw/ ; https://hdps.cwa.gov.tw/static/state.html,2025,2025-02,02,1015.5,15.0,26.4,6.7,3.6,23,19.4,85,57.5,8,29.5,2025/02/13 00:00:00,57.5,8,7.19,中等,完整,以該測站 CODiS 2025 年月報表之降水量作為整理後月降雨量；降雨強度=月降水量/降水日數；未做鄉鎮推估。
C0E810,西湖,署屬自動站,苗栗縣,西湖鄉,53,120.7485,24.562947,二湖村2鄰22號(僑文國小),C0E810-2025.csv,中央氣象署 CODiS / 現存測站清單,https://codis.cwa.gov.tw/ ; https://hdps.cwa.gov.tw/static/state.html,2025,2025-03,03,1011.7,17.6,33.5,6.5,2.9,23,19.7,82,234.5,10,58.5,2025/03/04 00:00:00,234.5,10,23.45,偏高,完整,以該測站 CODiS 2025 年月報表之降水量作為整理後月降雨量；降雨強度=月降水量/降水日數；未做鄉鎮推估。
C0E810,西湖,署屬自動站,苗栗縣,西湖鄉,53,120.7485,24.562947,二湖村2鄰22號(僑文國小),C0E810-2025.csv,中央氣象署 CODiS / 現存測站清單,https://codis.cwa.gov.tw/ ; https://hdps.cwa.gov.tw/static/state.html,2025,2025-04,04,1007.6,21.7,31.8,12.5,1.6,39,15.8,83,44.5,6,33.0,2025/04/12 00:00:00,44.5,6,7.42,偏低,完整,以該測站 CODiS 2025 年月報表之降水量作為整理後月降雨量；降雨強度=月降水量/降水日數；未做鄉鎮推估。
C0E810,西湖,署屬自動站,苗栗縣,西湖鄉,53,120.7485,24.562947,二湖村2鄰22號(僑文國小),C0E810-2025.csv,中央氣象署 CODiS / 現存測站清單,https://codis.cwa.gov.tw/ ; https://hdps.cwa.gov.tw/static/state.html,2025,2025-05,05,1005.4,24.9,34.2,17.1,1.3,213,12.1,86,115.5,5,52.5,2025/05/24 00:00:00,115.5,5,23.10,中等,完整,以該測站 CODiS 2025 年月報表之降水量作為整理後月降雨量；降雨強度=月降水量/降水日數；未做鄉鎮推估。
C0E810,西湖,署屬自動站,苗栗縣,西湖鄉,53,120.7485,24.562947,二湖村2鄰22號(僑文國小),C0E810-2025.csv,中央氣象署 CODiS / 現存測站清單,https://codis.cwa.gov.tw/ ; https://hdps.cwa.gov.tw/static/state.html,2025,2025-06,06,1002.7,28.0,35.0,22.0,1.1,207,15.0,84,80.0,9,21.0,2025/06/12 00:00:00,80,9,8.89,中等,完整,以該測站 CODiS 2025 年月報表之降水量作為整理後月降雨量；降雨強度=月降水量/降水日數；未做鄉鎮推估。
C0E810,西湖,署屬自動站,苗栗縣,西湖鄉,53,120.7485,24.562947,二湖村2鄰22號(僑文國小),C0E810-2025.csv,中央氣象署 CODiS / 現存測站清單,https://codis.cwa.gov.tw/ ; https://hdps.cwa.gov.tw/static/state.html,2025,2025-07,07,996.6,27.8,35.8,21.7,1.2,205,17.3,88,596.5,18,268.5,2025/07/09 00:00:00,596.5,18,33.14,極高,完整,以該測站 CODiS 2025 年月報表之降水量作為整理後月降雨量；降雨強度=月降水量/降水日數；未做鄉鎮推估。
C0E810,西湖,署屬自動站,苗栗縣,西湖鄉,53,120.7485,24.562947,二湖村2鄰22號(僑文國小),C0E810-2025.csv,中央氣象署 CODiS / 現存測站清單,https://codis.cwa.gov.tw/ ; https://hdps.cwa.gov.tw/static/state.html,2025,2025-08,08,1003.6,28.4,36.6,21.5,1.1,205,15.5,83,60.0,7,19.0,2025/08/03 00:00:00,60,7,8.57,中等,完整,以該測站 CODiS 2025 年月報表之降水量作為整理後月降雨量；降雨強度=月降水量/降水日數；未做鄉鎮推估。
C0E810,西湖,署屬自動站,苗栗縣,西湖鄉,53,120.7485,24.562947,二湖村2鄰22號(僑文國小),C0E810-2025.csv,中央氣象署 CODiS / 現存測站清單,https://codis.cwa.gov.tw/ ; https://hdps.cwa.gov.tw/static/state.html,2025,2025-09,09,1004.9,28.2,36.5,23.4,0.8,174,15.8,85,82.5,6,52.0,2025/09/07 00:00:00,82.5,6,13.75,中等,完整,以該測站 CODiS 2025 年月報表之降水量作為整理後月降雨量；降雨強度=月降水量/降水日數；未做鄉鎮推估。
C0E810,西湖,署屬自動站,苗栗縣,西湖鄉,53,120.7485,24.562947,二湖村2鄰22號(僑文國小),C0E810-2025.csv,中央氣象署 CODiS / 現存測站清單,https://codis.cwa.gov.tw/ ; https://hdps.cwa.gov.tw/static/state.html,2025,2025-10,10,1008.1,26.1,36.4,20.4,2.5,27,20.5,83,24.5,5,10.0,2025/10/20 00:00:00,24.5,5,4.90,偏低,完整,以該測站 CODiS 2025 年月報表之降水量作為整理後月降雨量；降雨強度=月降水量/降水日數；未做鄉鎮推估。
C0E810,西湖,署屬自動站,苗栗縣,西湖鄉,53,120.7485,24.562947,二湖村2鄰22號(僑文國小),C0E810-2025.csv,中央氣象署 CODiS / 現存測站清單,https://codis.cwa.gov.tw/ ; https://hdps.cwa.gov.tw/static/state.html,2025,2025-11,11,1010.5,21.2,34.2,12.1,3.7,26,20.2,80,33.5,3,17.5,2025/11/13 00:00:00,33.5,3,11.17,偏低,完整,以該測站 CODiS 2025 年月報表之降水量作為整理後月降雨量；降雨強度=月降水量/降水日數；未做鄉鎮推估。
C0E810,西湖,署屬自動站,苗栗縣,西湖鄉,53,120.7485,24.562947,二湖村2鄰22號(僑文國小),C0E810-2025.csv,中央氣象署 CODiS / 現存測站清單,https://codis.cwa.gov.tw/ ; https://hdps.cwa.gov.tw/static/state.html,2025,2025-12,12,1012.7,18.2,28.2,11.2,3.2,23,20.4,83,2.0,3,1.0,2025/12/27 00:00:00,2,3,0.67,偏低,完整,以該測站 CODiS 2025 年月報表之降水量作為整理後月降雨量；降雨強度=月降水量/降水日數；未做鄉鎮推估。
C0E820,獅潭,署屬自動站,苗栗縣,獅潭鄉,220,120.920042,24.539133,新店村11鄰103-2號(獅潭鄉公所圖書館樓頂),C0E820-2025.csv,中央氣象署 CODiS / 現存測站清單,https://codis.cwa.gov.tw/ ; https://hdps.cwa.gov.tw/static/state.html,2025,2025-01,01,995.1,13.0,23.1,2.4,1.5,200,14.9,80,44.5,10,10.5,2025/01/01 00:00:00,44.5,10,4.45,偏低,完整,以該測站 CODiS 2025 年月報表之降水量作為整理後月降雨量；降雨強度=月降水量/降水日數；未做鄉鎮推估。
C0E820,獅潭,署屬自動站,苗栗縣,獅潭鄉,220,120.920042,24.539133,新店村11鄰103-2號(獅潭鄉公所圖書館樓頂),C0E820-2025.csv,中央氣象署 CODiS / 現存測站清單,https://codis.cwa.gov.tw/ ; https://hdps.cwa.gov.tw/static/state.html,2025,2025-02,02,995.4,14.1,25.1,6.6,1.6,203,14.0,85,100.5,12,36.5,2025/02/13 00:00:00,100.5,12,8.38,中等,完整,以該測站 CODiS 2025 年月報表之降水量作為整理後月降雨量；降雨強度=月降水量/降水日數；未做鄉鎮推估。
C0E820,獅潭,署屬自動站,苗栗縣,獅潭鄉,220,120.920042,24.539133,新店村11鄰103-2號(獅潭鄉公所圖書館樓頂),C0E820-2025.csv,中央氣象署 CODiS / 現存測站清單,https://codis.cwa.gov.tw/ ; https://hdps.cwa.gov.tw/static/state.html,2025,2025-03,03,991.9,16.7,33.8,5.4,1.7,0,15.0,82,331.5,15,81.0,2025/03/04 00:00:00,331.5,15,22.10,偏高,完整,以該測站 CODiS 2025 年月報表之降水量作為整理後月降雨量；降雨強度=月降水量/降水日數；未做鄉鎮推估。
C0E820,獅潭,署屬自動站,苗栗縣,獅潭鄉,220,120.920042,24.539133,新店村11鄰103-2號(獅潭鄉公所圖書館樓頂),C0E820-2025.csv,中央氣象署 CODiS / 現存測站清單,https://codis.cwa.gov.tw/ ; https://hdps.cwa.gov.tw/static/state.html,2025,2025-04,04,988.2,20.8,33.7,10.9,1.4,212,15.2,81,158.0,16,40.5,2025/04/12 00:00:00,158,16,9.88,偏高,完整,以該測站 CODiS 2025 年月報表之降水量作為整理後月降雨量；降雨強度=月降水量/降水日數；未做鄉鎮推估。
C0E820,獅潭,署屬自動站,苗栗縣,獅潭鄉,220,120.920042,24.539133,新店村11鄰103-2號(獅潭鄉公所圖書館樓頂),C0E820-2025.csv,中央氣象署 CODiS / 現存測站清單,https://codis.cwa.gov.tw/ ; https://hdps.cwa.gov.tw/static/state.html,2025,2025-05,05,986.1,24.2,33.6,16.4,1.1,217,14.5,83,393.5,11,109.0,2025/05/07 00:00:00,393.5,11,35.77,極高,完整,以該測站 CODiS 2025 年月報表之降水量作為整理後月降雨量；降雨強度=月降水量/降水日數；未做鄉鎮推估。
C0E820,獅潭,署屬自動站,苗栗縣,獅潭鄉,220,120.920042,24.539133,新店村11鄰103-2號(獅潭鄉公所圖書館樓頂),C0E820-2025.csv,中央氣象署 CODiS / 現存測站清單,https://codis.cwa.gov.tw/ ; https://hdps.cwa.gov.tw/static/state.html,2025,2025-06,06,983.6,27.1,34.4,21.2,1.5,217,14.9,80,87.5,10,25.0,2025/06/13 00:00:00,87.5,10,8.75,中等,完整,以該測站 CODiS 2025 年月報表之降水量作為整理後月降雨量；降雨強度=月降水量/降水日數；未做鄉鎮推估。
C0E820,獅潭,署屬自動站,苗栗縣,獅潭鄉,220,120.920042,24.539133,新店村11鄰103-2號(獅潭鄉公所圖書館樓頂),C0E820-2025.csv,中央氣象署 CODiS / 現存測站清單,https://codis.cwa.gov.tw/ ; https://hdps.cwa.gov.tw/static/state.html,2025,2025-07,07,977.4,27.0,34.9,21.1,1.5,218,15.5,85,552.5,21,145.5,2025/07/09 00:00:00,552.5,21,26.31,極高,完整,以該測站 CODiS 2025 年月報表之降水量作為整理後月降雨量；降雨強度=月降水量/降水日數；未做鄉鎮推估。
C0E820,獅潭,署屬自動站,苗栗縣,獅潭鄉,220,120.920042,24.539133,新店村11鄰103-2號(獅潭鄉公所圖書館樓頂),C0E820-2025.csv,中央氣象署 CODiS / 現存測站清單,https://codis.cwa.gov.tw/ ; https://hdps.cwa.gov.tw/static/state.html,2025,2025-08,08,984.5,27.2,34.4,20.9,1.2,218,12.4,82,108.0,13,43.5,2025/08/20 00:00:00,108,13,8.31,中等,完整,以該測站 CODiS 2025 年月報表之降水量作為整理後月降雨量；降雨強度=月降水量/降水日數；未做鄉鎮推估。
C0E820,獅潭,署屬自動站,苗栗縣,獅潭鄉,220,120.920042,24.539133,新店村11鄰103-2號(獅潭鄉公所圖書館樓頂),C0E820-2025.csv,中央氣象署 CODiS / 現存測站清單,https://codis.cwa.gov.tw/ ; https://hdps.cwa.gov.tw/static/state.html,2025,2025-09,09,986.0,26.8,35.5,21.8,0.7,41,8.9,85,239.0,14,140.0,2025/09/07 00:00:00,239,14,17.07,偏高,完整,以該測站 CODiS 2025 年月報表之降水量作為整理後月降雨量；降雨強度=月降水量/降水日數；未做鄉鎮推估。
C0E820,獅潭,署屬自動站,苗栗縣,獅潭鄉,220,120.920042,24.539133,新店村11鄰103-2號(獅潭鄉公所圖書館樓頂),C0E820-2025.csv,中央氣象署 CODiS / 現存測站清單,https://codis.cwa.gov.tw/ ; https://hdps.cwa.gov.tw/static/state.html,2025,2025-10,10,989.0,25.1,35.5,18.9,1.7,29,19.4,82,70.5,8,27.5,2025/10/20 00:00:00,70.5,8,8.81,中等,完整,以該測站 CODiS 2025 年月報表之降水量作為整理後月降雨量；降雨強度=月降水量/降水日數；未做鄉鎮推估。
C0E820,獅潭,署屬自動站,苗栗縣,獅潭鄉,220,120.920042,24.539133,新店村11鄰103-2號(獅潭鄉公所圖書館樓頂),C0E820-2025.csv,中央氣象署 CODiS / 現存測站清單,https://codis.cwa.gov.tw/ ; https://hdps.cwa.gov.tw/static/state.html,2025,2025-11,11,991.0,20.1,30.4,10.9,1.7,29,17.1,83,20.5,6,9.0,2025/11/12 00:00:00,20.5,6,3.42,偏低,完整,以該測站 CODiS 2025 年月報表之降水量作為整理後月降雨量；降雨強度=月降水量/降水日數；未做鄉鎮推估。
C0E820,獅潭,署屬自動站,苗栗縣,獅潭鄉,220,120.920042,24.539133,新店村11鄰103-2號(獅潭鄉公所圖書館樓頂),C0E820-2025.csv,中央氣象署 CODiS / 現存測站清單,https://codis.cwa.gov.tw/ ; https://hdps.cwa.gov.tw/static/state.html,2025,2025-12,12,992.9,17.2,26.3,8.0,1.5,26,15.1,84,5.5,6,2.5,2025/12/01 00:00:00,5.5,6,0.92,偏低,完整,以該測站 CODiS 2025 年月報表之降水量作為整理後月降雨量；降雨強度=月降水量/降水日數；未做鄉鎮推估。
C0E830,苑裡,署屬自動站,苗栗縣,苑裡鎮,37,120.653053,24.439714,信義路1號(苑裡鎮公所),C0E830-2025.csv,中央氣象署 CODiS / 現存測站清單,https://codis.cwa.gov.tw/ ; https://hdps.cwa.gov.tw/static/state.html,2025,2025-01,01,1015.3,15.0,22.0,8.9,3.5,34,20.0,73,14.0,6,4.5,2025/01/01 00:00:00,14,6,2.33,偏低,完整,以該測站 CODiS 2025 年月報表之降水量作為整理後月降雨量；降雨強度=月降水量/降水日數；未做鄉鎮推估。
C0E830,苑裡,署屬自動站,苗栗縣,苑裡鎮,37,120.653053,24.439714,信義路1號(苑裡鎮公所),C0E830-2025.csv,中央氣象署 CODiS / 現存測站清單,https://codis.cwa.gov.tw/ ; https://hdps.cwa.gov.tw/static/state.html,2025,2025-02,02,1015.7,15.0,23.0,9.1,3.5,24,18.5,82,53.5,5,28.5,2025/02/13 00:00:00,53.5,5,10.70,中等,完整,以該測站 CODiS 2025 年月報表之降水量作為整理後月降雨量；降雨強度=月降水量/降水日數；未做鄉鎮推估。
C0E830,苑裡,署屬自動站,苗栗縣,苑裡鎮,37,120.653053,24.439714,信義路1號(苑裡鎮公所),C0E830-2025.csv,中央氣象署 CODiS / 現存測站清單,https://codis.cwa.gov.tw/ ; https://hdps.cwa.gov.tw/static/state.html,2025,2025-03,03,1012.0,18.1,31.0,8.7,3.3,25,21.4,77,160.5,9,45.0,2025/03/04 00:00:00,160.5,9,17.83,偏高,完整,以該測站 CODiS 2025 年月報表之降水量作為整理後月降雨量；降雨強度=月降水量/降水日數；未做鄉鎮推估。
C0E830,苑裡,署屬自動站,苗栗縣,苑裡鎮,37,120.653053,24.439714,信義路1號(苑裡鎮公所),C0E830-2025.csv,中央氣象署 CODiS / 現存測站清單,https://codis.cwa.gov.tw/ ; https://hdps.cwa.gov.tw/static/state.html,2025,2025-04,04,1008.1,22.6,30.2,13.1,2.4,276,15.2,76,136.5,11,54.0,2025/04/12 00:00:00,136.5,11,12.41,中等,完整,以該測站 CODiS 2025 年月報表之降水量作為整理後月降雨量；降雨強度=月降水量/降水日數；未做鄉鎮推估。
C0E830,苑裡,署屬自動站,苗栗縣,苑裡鎮,37,120.653053,24.439714,信義路1號(苑裡鎮公所),C0E830-2025.csv,中央氣象署 CODiS / 現存測站清單,https://codis.cwa.gov.tw/ ; https://hdps.cwa.gov.tw/static/state.html,2025,2025-05,05,1005.8,25.7,32.6,19.0,2.2,269,15.0,79,212.5,8,61.5,2025/05/07 00:00:00,212.5,8,26.56,偏高,完整,以該測站 CODiS 2025 年月報表之降水量作為整理後月降雨量；降雨強度=月降水量/降水日數；未做鄉鎮推估。
C0E830,苑裡,署屬自動站,苗栗縣,苑裡鎮,37,120.653053,24.439714,信義路1號(苑裡鎮公所),C0E830-2025.csv,中央氣象署 CODiS / 現存測站清單,https://codis.cwa.gov.tw/ ; https://hdps.cwa.gov.tw/static/state.html,2025,2025-06,06,1003.3,28.5,34.4,22.2,2.4,246,15.5,78,64.0,8,23.0,2025/06/13 00:00:00,64,8,8,中等,完整,以該測站 CODiS 2025 年月報表之降水量作為整理後月降雨量；降雨強度=月降水量/降水日數；未做鄉鎮推估。
C0E830,苑裡,署屬自動站,苗栗縣,苑裡鎮,37,120.653053,24.439714,信義路1號(苑裡鎮公所),C0E830-2025.csv,中央氣象署 CODiS / 現存測站清單,https://codis.cwa.gov.tw/ ; https://hdps.cwa.gov.tw/static/state.html,2025,2025-07,07,997.2,28.4,34.7,22.3,2.5,171,18.9,81,753.0,18,265.0,2025/07/09 00:00:00,753,18,41.83,極高,完整,以該測站 CODiS 2025 年月報表之降水量作為整理後月降雨量；降雨強度=月降水量/降水日數；未做鄉鎮推估。
C0E830,苑裡,署屬自動站,苗栗縣,苑裡鎮,37,120.653053,24.439714,信義路1號(苑裡鎮公所),C0E830-2025.csv,中央氣象署 CODiS / 現存測站清單,https://codis.cwa.gov.tw/ ; https://hdps.cwa.gov.tw/static/state.html,2025,2025-08,08,1004.1,29.0,34.3,24.1,2.4,177,12.2,76,98.0,6,43.0,2025/08/03 00:00:00,98,6,16.33,中等,完整,以該測站 CODiS 2025 年月報表之降水量作為整理後月降雨量；降雨強度=月降水量/降水日數；未做鄉鎮推估。
C0E830,苑裡,署屬自動站,苗栗縣,苑裡鎮,37,120.653053,24.439714,信義路1號(苑裡鎮公所),C0E830-2025.csv,中央氣象署 CODiS / 現存測站清單,https://codis.cwa.gov.tw/ ; https://hdps.cwa.gov.tw/static/state.html,2025,2025-09,09,1005.4,28.8,35.1,24.7,1.8,178,13.9,78,58.5,7,24.5,2025/09/07 00:00:00,58.5,7,8.36,中等,完整,以該測站 CODiS 2025 年月報表之降水量作為整理後月降雨量；降雨強度=月降水量/降水日數；未做鄉鎮推估。
C0E830,苑裡,署屬自動站,苗栗縣,苑裡鎮,37,120.653053,24.439714,信義路1號(苑裡鎮公所),C0E830-2025.csv,中央氣象署 CODiS / 現存測站清單,https://codis.cwa.gov.tw/ ; https://hdps.cwa.gov.tw/static/state.html,2025,2025-10,10,1008.5,26.6,34.5,20.6,3.1,27,24.0,78,29.0,4,14.5,2025/10/28 00:00:00,29,4,7.25,偏低,完整,以該測站 CODiS 2025 年月報表之降水量作為整理後月降雨量；降雨強度=月降水量/降水日數；未做鄉鎮推估。
C0E830,苑裡,署屬自動站,苗栗縣,苑裡鎮,37,120.653053,24.439714,信義路1號(苑裡鎮公所),C0E830-2025.csv,中央氣象署 CODiS / 現存測站清單,https://codis.cwa.gov.tw/ ; https://hdps.cwa.gov.tw/static/state.html,2025,2025-11,11,1010.8,21.7,29.3,14.4,3.8,24,21.1,76,8.5,2,5.0,2025/11/12 00:00:00,8.5,2,4.25,偏低,完整,以該測站 CODiS 2025 年月報表之降水量作為整理後月降雨量；降雨強度=月降水量/降水日數；未做鄉鎮推估。
C0E830,苑裡,署屬自動站,苗栗縣,苑裡鎮,37,120.653053,24.439714,信義路1號(苑裡鎮公所),C0E830-2025.csv,中央氣象署 CODiS / 現存測站清單,https://codis.cwa.gov.tw/ ; https://hdps.cwa.gov.tw/static/state.html,2025,2025-12,12,1013.0,18.6,25.4,12.8,3.4,26,20.8,79,1.0,2,0.5,2025/12/01 00:00:00,1,2,0.50,偏低,完整,以該測站 CODiS 2025 年月報表之降水量作為整理後月降雨量；降雨強度=月降水量/降水日數；未做鄉鎮推估。
C0E850,大河,署屬自動站,苗栗縣,三灣鄉,104,120.948578,24.618069,大河村48號(大河派出所),C0E850-2025.csv,中央氣象署 CODiS / 現存測站清單,https://codis.cwa.gov.tw/ ; https://hdps.cwa.gov.tw/static/state.html,2025,2025-01,01,1008.2,12.2,23.4,0.9,0.9,38,12.2,75,51.5,9,11.5,2025/01/27 00:00:00,51.5,9,5.72,中等,完整,以該測站 CODiS 2025 年月報表之降水量作為整理後月降雨量；降雨強度=月降水量/降水日數；未做鄉鎮推估。
C0E850,大河,署屬自動站,苗栗縣,三灣鄉,104,120.948578,24.618069,大河村48號(大河派出所),C0E850-2025.csv,中央氣象署 CODiS / 現存測站清單,https://codis.cwa.gov.tw/ ; https://hdps.cwa.gov.tw/static/state.html,2025,2025-02,02,1008.5,13.1,23.3,5.0,0.9,4,12.8,82,97.0,9,34.5,2025/02/13 00:00:00,97,9,10.78,中等,完整,以該測站 CODiS 2025 年月報表之降水量作為整理後月降雨量；降雨強度=月降水量/降水日數；未做鄉鎮推估。
C0E850,大河,署屬自動站,苗栗縣,三灣鄉,104,120.948578,24.618069,大河村48號(大河派出所),C0E850-2025.csv,中央氣象署 CODiS / 現存測站清單,https://codis.cwa.gov.tw/ ; https://hdps.cwa.gov.tw/static/state.html,2025,2025-03,03,1004.8,15.6,33.5,4.0,0.9,35,15.4,80,286.0,12,60.0,2025/03/15 00:00:00,286,12,23.83,偏高,完整,以該測站 CODiS 2025 年月報表之降水量作為整理後月降雨量；降雨強度=月降水量/降水日數；未做鄉鎮推估。
C0E850,大河,署屬自動站,苗栗縣,三灣鄉,104,120.948578,24.618069,大河村48號(大河派出所),C0E850-2025.csv,中央氣象署 CODiS / 現存測站清單,https://codis.cwa.gov.tw/ ; https://hdps.cwa.gov.tw/static/state.html,2025,2025-04,04,1000.8,19.7,32.2,10.1,0.9,301,19.4,81,187.0,14,58.5,2025/04/12 00:00:00,187,14,13.36,偏高,完整,以該測站 CODiS 2025 年月報表之降水量作為整理後月降雨量；降雨強度=月降水量/降水日數；未做鄉鎮推估。
C0E850,大河,署屬自動站,苗栗縣,三灣鄉,104,120.948578,24.618069,大河村48號(大河派出所),C0E850-2025.csv,中央氣象署 CODiS / 現存測站清單,https://codis.cwa.gov.tw/ ; https://hdps.cwa.gov.tw/static/state.html,2025,2025-05,05,998.6,23.0,32.8,15.7,0.8,261,13.3,84,339.0,13,97.0,2025/05/07 00:00:00,339,13,26.08,偏高,完整,以該測站 CODiS 2025 年月報表之降水量作為整理後月降雨量；降雨強度=月降水量/降水日數；未做鄉鎮推估。
C0E850,大河,署屬自動站,苗栗縣,三灣鄉,104,120.948578,24.618069,大河村48號(大河派出所),C0E850-2025.csv,中央氣象署 CODiS / 現存測站清單,https://codis.cwa.gov.tw/ ; https://hdps.cwa.gov.tw/static/state.html,2025,2025-06,06,996.0,26.2,33.6,20.1,1.1,95,19.8,81,164.0,13,63.0,2025/06/29 00:00:00,164,13,12.62,偏高,完整,以該測站 CODiS 2025 年月報表之降水量作為整理後月降雨量；降雨強度=月降水量/降水日數；未做鄉鎮推估。
C0E850,大河,署屬自動站,苗栗縣,三灣鄉,104,120.948578,24.618069,大河村48號(大河派出所),C0E850-2025.csv,中央氣象署 CODiS / 現存測站清單,https://codis.cwa.gov.tw/ ; https://hdps.cwa.gov.tw/static/state.html,2025,2025-07,07,990.0,26.1,33.8,19.9,1.2,238,16.0,77,604.0,18,170.5,2025/07/09 00:00:00,604,18,33.56,極高,完整,以該測站 CODiS 2025 年月報表之降水量作為整理後月降雨量；降雨強度=月降水量/降水日數；未做鄉鎮推估。
C0E850,大河,署屬自動站,苗栗縣,三灣鄉,104,120.948578,24.618069,大河村48號(大河派出所),C0E850-2025.csv,中央氣象署 CODiS / 現存測站清單,https://codis.cwa.gov.tw/ ; https://hdps.cwa.gov.tw/static/state.html,2025,2025-08,08,996.6,27.3,35.4,20.5,1.0,349,15.1,79,128.0,7,68.0,2025/08/27 00:00:00,128,7,18.29,中等,完整,以該測站 CODiS 2025 年月報表之降水量作為整理後月降雨量；降雨強度=月降水量/降水日數；未做鄉鎮推估。
C0E850,大河,署屬自動站,苗栗縣,三灣鄉,104,120.948578,24.618069,大河村48號(大河派出所),C0E850-2025.csv,中央氣象署 CODiS / 現存測站清單,https://codis.cwa.gov.tw/ ; https://hdps.cwa.gov.tw/static/state.html,2025,2025-09,09,997.8,27.2,34.9,23.1,0.6,89,13.9,84,201.5,9,146.5,2025/09/07 00:00:00,201.5,9,22.39,偏高,完整,以該測站 CODiS 2025 年月報表之降水量作為整理後月降雨量；降雨強度=月降水量/降水日數；未做鄉鎮推估。
C0E850,大河,署屬自動站,苗栗縣,三灣鄉,104,120.948578,24.618069,大河村48號(大河派出所),C0E850-2025.csv,中央氣象署 CODiS / 現存測站清單,https://codis.cwa.gov.tw/ ; https://hdps.cwa.gov.tw/static/state.html,2025,2025-10,10,1001.1,25.5,35.5,19.6,0.9,35,14.0,81,130.0,8,63.0,2025/10/20 00:00:00,130,8,16.25,中等,完整,以該測站 CODiS 2025 年月報表之降水量作為整理後月降雨量；降雨強度=月降水量/降水日數；未做鄉鎮推估。
C0E850,大河,署屬自動站,苗栗縣,三灣鄉,104,120.948578,24.618069,大河村48號(大河派出所),C0E850-2025.csv,中央氣象署 CODiS / 現存測站清單,https://codis.cwa.gov.tw/ ; https://hdps.cwa.gov.tw/static/state.html,2025,2025-11,11,1003.3,20.5,30.9,12.2,0.9,42,13.6,81,48.5,6,26.0,2025/11/12 00:00:00,48.5,6,8.08,偏低,完整,以該測站 CODiS 2025 年月報表之降水量作為整理後月降雨量；降雨強度=月降水量/降水日數；未做鄉鎮推估。
C0E850,大河,署屬自動站,苗栗縣,三灣鄉,104,120.948578,24.618069,大河村48號(大河派出所),C0E850-2025.csv,中央氣象署 CODiS / 現存測站清單,https://codis.cwa.gov.tw/ ; https://hdps.cwa.gov.tw/static/state.html,2025,2025-12,12,1005.3,18.1,26.7,8.6,0.8,39,12.1,82,9.5,4,5.5,2025/12/13 00:00:00,9.5,4,2.38,偏低,完整,以該測站 CODiS 2025 年月報表之降水量作為整理後月降雨量；降雨強度=月降水量/降水日數；未做鄉鎮推估。
C0E870,高鐵苗栗,署屬自動站,苗栗縣,後龍鎮,34,120.826094,24.60725,高鐵三路268號(高鐵苗栗站外),C0E870-2025.csv,中央氣象署 CODiS / 現存測站清單,https://codis.cwa.gov.tw/ ; https://hdps.cwa.gov.tw/static/state.html,2025,2025-01,01,1018.1,15.0,23.4,4.7,1.6,38,14.5,78,22.5,9,6.0,2025/01/02 00:00:00,22.5,9,2.50,偏低,完整,以該測站 CODiS 2025 年月報表之降水量作為整理後月降雨量；降雨強度=月降水量/降水日數；未做鄉鎮推估。
C0E870,高鐵苗栗,署屬自動站,苗栗縣,後龍鎮,34,120.826094,24.60725,高鐵三路268號(高鐵苗栗站外),C0E870-2025.csv,中央氣象署 CODiS / 現存測站清單,https://codis.cwa.gov.tw/ ; https://hdps.cwa.gov.tw/static/state.html,2025,2025-02,02,1018.4,15.4,24.4,7.8,1.6,36,12.9,87,61.5,7,32.5,2025/02/13 00:00:00,61.5,7,8.79,中等,完整,以該測站 CODiS 2025 年月報表之降水量作為整理後月降雨量；降雨強度=月降水量/降水日數；未做鄉鎮推估。
C0E870,高鐵苗栗,署屬自動站,苗栗縣,後龍鎮,34,120.826094,24.60725,高鐵三路268號(高鐵苗栗站外),C0E870-2025.csv,中央氣象署 CODiS / 現存測站清單,https://codis.cwa.gov.tw/ ; https://hdps.cwa.gov.tw/static/state.html,2025,2025-03,03,1014.6,17.9,33.3,7.3,1.7,36,15.6,85,242.0,10,51.0,2025/03/04 00:00:00,242,10,24.20,偏高,完整,以該測站 CODiS 2025 年月報表之降水量作為整理後月降雨量；降雨強度=月降水量/降水日數；未做鄉鎮推估。
C0E870,高鐵苗栗,署屬自動站,苗栗縣,後龍鎮,34,120.826094,24.60725,高鐵三路268號(高鐵苗栗站外),C0E870-2025.csv,中央氣象署 CODiS / 現存測站清單,https://codis.cwa.gov.tw/ ; https://hdps.cwa.gov.tw/static/state.html,2025,2025-04,04,1010.3,22.2,31.3,13.3,1.3,217,15.5,82,166.5,13,48.5,2025/04/12 00:00:00,166.5,13,12.81,偏高,完整,以該測站 CODiS 2025 年月報表之降水量作為整理後月降雨量；降雨強度=月降水量/降水日數；未做鄉鎮推估。
C0E870,高鐵苗栗,署屬自動站,苗栗縣,後龍鎮,34,120.826094,24.60725,高鐵三路268號(高鐵苗栗站外),C0E870-2025.csv,中央氣象署 CODiS / 現存測站清單,https://codis.cwa.gov.tw/ ; https://hdps.cwa.gov.tw/static/state.html,2025,2025-05,05,1007.7,25.4,33.8,18.4,1.0,122,11.6,85,267.5,9,72.0,2025/05/07 00:00:00,267.5,9,29.72,偏高,完整,以該測站 CODiS 2025 年月報表之降水量作為整理後月降雨量；降雨強度=月降水量/降水日數；未做鄉鎮推估。
C0E870,高鐵苗栗,署屬自動站,苗栗縣,後龍鎮,34,120.826094,24.60725,高鐵三路268號(高鐵苗栗站外),C0E870-2025.csv,中央氣象署 CODiS / 現存測站清單,https://codis.cwa.gov.tw/ ; https://hdps.cwa.gov.tw/static/state.html,2025,2025-06,06,1004.8,28.5,35.1,22.4,1.2,120,13.2,83,92.5,8,21.5,2025/06/05 00:00:00,92.5,8,11.56,中等,完整,以該測站 CODiS 2025 年月報表之降水量作為整理後月降雨量；降雨強度=月降水量/降水日數；未做鄉鎮推估。
C0E870,高鐵苗栗,署屬自動站,苗栗縣,後龍鎮,34,120.826094,24.60725,高鐵三路268號(高鐵苗栗站外),C0E870-2025.csv,中央氣象署 CODiS / 現存測站清單,https://codis.cwa.gov.tw/ ; https://hdps.cwa.gov.tw/static/state.html,2025,2025-07,07,998.8,28.4,34.7,21.8,1.2,219,12.3,87,567.0,20,212.0,2025/07/09 00:00:00,567,20,28.35,極高,完整,以該測站 CODiS 2025 年月報表之降水量作為整理後月降雨量；降雨強度=月降水量/降水日數；未做鄉鎮推估。
C0E870,高鐵苗栗,署屬自動站,苗栗縣,後龍鎮,34,120.826094,24.60725,高鐵三路268號(高鐵苗栗站外),C0E870-2025.csv,中央氣象署 CODiS / 現存測站清單,https://codis.cwa.gov.tw/ ; https://hdps.cwa.gov.tw/static/state.html,2025,2025-08,08,1005.7,28.9,35.4,23.0,1.0,218,13.1,81,57.0,4,36.5,2025/08/27 00:00:00,57,4,14.25,中等,完整,以該測站 CODiS 2025 年月報表之降水量作為整理後月降雨量；降雨強度=月降水量/降水日數；未做鄉鎮推估。
C0E870,高鐵苗栗,署屬自動站,苗栗縣,後龍鎮,34,120.826094,24.60725,高鐵三路268號(高鐵苗栗站外),C0E870-2025.csv,中央氣象署 CODiS / 現存測站清單,https://codis.cwa.gov.tw/ ; https://hdps.cwa.gov.tw/static/state.html,2025,2025-09,09,1007.2,28.5,36.0,24.0,0.7,129,11.8,86,80.5,6,56.0,2025/09/07 00:00:00,80.5,6,13.42,中等,完整,以該測站 CODiS 2025 年月報表之降水量作為整理後月降雨量；降雨強度=月降水量/降水日數；未做鄉鎮推估。
C0E870,高鐵苗栗,署屬自動站,苗栗縣,後龍鎮,34,120.826094,24.60725,高鐵三路268號(高鐵苗栗站外),C0E870-2025.csv,中央氣象署 CODiS / 現存測站清單,https://codis.cwa.gov.tw/ ; https://hdps.cwa.gov.tw/static/state.html,2025,2025-10,10,1010.7,26.4,35.6,20.9,1.3,38,13.6,84,53.0,5,21.0,2025/10/20 00:00:00,53,5,10.60,中等,完整,以該測站 CODiS 2025 年月報表之降水量作為整理後月降雨量；降雨強度=月降水量/降水日數；未做鄉鎮推估。
C0E870,高鐵苗栗,署屬自動站,苗栗縣,後龍鎮,34,120.826094,24.60725,高鐵三路268號(高鐵苗栗站外),C0E870-2025.csv,中央氣象署 CODiS / 現存測站清單,https://codis.cwa.gov.tw/ ; https://hdps.cwa.gov.tw/static/state.html,2025,2025-11,11,1013.3,21.7,32.3,13.0,1.7,40,14.8,79,27.0,3,13.0,2025/11/12 00:00:00,27,3,9,偏低,完整,以該測站 CODiS 2025 年月報表之降水量作為整理後月降雨量；降雨強度=月降水量/降水日數；未做鄉鎮推估。
C0E870,高鐵苗栗,署屬自動站,苗栗縣,後龍鎮,34,120.826094,24.60725,高鐵三路268號(高鐵苗栗站外),C0E870-2025.csv,中央氣象署 CODiS / 現存測站清單,https://codis.cwa.gov.tw/ ; https://hdps.cwa.gov.tw/static/state.html,2025,2025-12,12,1015.6,18.5,25.9,10.4,1.5,39,13.2,84,2.0,3,1.0,2025/12/27 00:00:00,2,3,0.67,偏低,完整,以該測站 CODiS 2025 年月報表之降水量作為整理後月降雨量；降雨強度=月降水量/降水日數；未做鄉鎮推估。
C0E910,海埔,署屬自動站,苗栗縣,後龍鎮,25,120.772435,24.648767,海埔125之15號(外埔安檢所樓頂),C0E910-2025.csv,中央氣象署 CODiS / 現存測站清單,https://codis.cwa.gov.tw/ ; https://hdps.cwa.gov.tw/static/state.html,2025,2025-01,01,1018.6,15.3,21.0,6.1,5.8,45,21.6,76,18.5,7,7.5,2025/01/02 00:00:00,18.5,7,2.64,偏低,完整,以該測站 CODiS 2025 年月報表之降水量作為整理後月降雨量；降雨強度=月降水量/降水日數；未做鄉鎮推估。
C0E910,海埔,署屬自動站,苗栗縣,後龍鎮,25,120.772435,24.648767,海埔125之15號(外埔安檢所樓頂),C0E910-2025.csv,中央氣象署 CODiS / 現存測站清單,https://codis.cwa.gov.tw/ ; https://hdps.cwa.gov.tw/static/state.html,2025,2025-02,02,1019.0,15.0,20.4,8.8,5.6,35,22.4,86,49.5,7,26.0,2025/02/13 00:00:00,49.5,7,7.07,偏低,完整,以該測站 CODiS 2025 年月報表之降水量作為整理後月降雨量；降雨強度=月降水量/降水日數；未做鄉鎮推估。
C0E910,海埔,署屬自動站,苗栗縣,後龍鎮,25,120.772435,24.648767,海埔125之15號(外埔安檢所樓頂),C0E910-2025.csv,中央氣象署 CODiS / 現存測站清單,https://codis.cwa.gov.tw/ ; https://hdps.cwa.gov.tw/static/state.html,2025,2025-03,03,1015.2,17.8,30.4,8.6,5.4,36,24.0,82,190.5,10,49.5,2025/03/04 00:00:00,190.5,10,19.05,偏高,完整,以該測站 CODiS 2025 年月報表之降水量作為整理後月降雨量；降雨強度=月降水量/降水日數；未做鄉鎮推估。
C0E910,海埔,署屬自動站,苗栗縣,後龍鎮,25,120.772435,24.648767,海埔125之15號(外埔安檢所樓頂),C0E910-2025.csv,中央氣象署 CODiS / 現存測站清單,https://codis.cwa.gov.tw/ ; https://hdps.cwa.gov.tw/static/state.html,2025,2025-04,04,1011.0,22.3,30.2,14.1,3.6,50,28.9,80,151.0,13,46.0,2025/04/12 00:00:00,151,13,11.62,偏高,完整,以該測站 CODiS 2025 年月報表之降水量作為整理後月降雨量；降雨強度=月降水量/降水日數；未做鄉鎮推估。
C0E910,海埔,署屬自動站,苗栗縣,後龍鎮,25,120.772435,24.648767,海埔125之15號(外埔安檢所樓頂),C0E910-2025.csv,中央氣象署 CODiS / 現存測站清單,https://codis.cwa.gov.tw/ ; https://hdps.cwa.gov.tw/static/state.html,2025,2025-05,05,1008.7,25.4,32.0,18.6,3.3,48,16.5,83,271.0,9,67.5,2025/05/07 00:00:00,271,9,30.11,偏高,完整,以該測站 CODiS 2025 年月報表之降水量作為整理後月降雨量；降雨強度=月降水量/降水日數；未做鄉鎮推估。
C0E910,海埔,署屬自動站,苗栗縣,後龍鎮,25,120.772435,24.648767,海埔125之15號(外埔安檢所樓頂),C0E910-2025.csv,中央氣象署 CODiS / 現存測站清單,https://codis.cwa.gov.tw/ ; https://hdps.cwa.gov.tw/static/state.html,2025,2025-06,06,1006.0,28.4,33.3,22.7,3.0,225,19.0,82,67.5,8,13.5,2025/06/06 00:00:00,67.5,8,8.44,中等,完整,以該測站 CODiS 2025 年月報表之降水量作為整理後月降雨量；降雨強度=月降水量/降水日數；未做鄉鎮推估。
C0E910,海埔,署屬自動站,苗栗縣,後龍鎮,25,120.772435,24.648767,海埔125之15號(外埔安檢所樓頂),C0E910-2025.csv,中央氣象署 CODiS / 現存測站清單,https://codis.cwa.gov.tw/ ; https://hdps.cwa.gov.tw/static/state.html,2025,2025-07,07,1000.0,28.4,33.8,21.9,3.1,24,18.2,85,642.5,17,289.0,2025/07/09 00:00:00,642.5,17,37.79,極高,完整,以該測站 CODiS 2025 年月報表之降水量作為整理後月降雨量；降雨強度=月降水量/降水日數；未做鄉鎮推估。
C0E910,海埔,署屬自動站,苗栗縣,後龍鎮,25,120.772435,24.648767,海埔125之15號(外埔安檢所樓頂),C0E910-2025.csv,中央氣象署 CODiS / 現存測站清單,https://codis.cwa.gov.tw/ ; https://hdps.cwa.gov.tw/static/state.html,2025,2025-08,08,1007.0,28.9,34.6,23.7,2.7,153,23.3,81,18.0,3,8.5,2025/08/27 00:00:00,18,3,6,偏低,完整,以該測站 CODiS 2025 年月報表之降水量作為整理後月降雨量；降雨強度=月降水量/降水日數；未做鄉鎮推估。
C0E910,海埔,署屬自動站,苗栗縣,後龍鎮,25,120.772435,24.648767,海埔125之15號(外埔安檢所樓頂),C0E910-2025.csv,中央氣象署 CODiS / 現存測站清單,https://codis.cwa.gov.tw/ ; https://hdps.cwa.gov.tw/static/state.html,2025,2025-09,09,1008.5,28.8,33.8,24.5,2.0,47,22.3,83,47.0,5,27.0,2025/09/07 00:00:00,47,5,9.40,偏低,完整,以該測站 CODiS 2025 年月報表之降水量作為整理後月降雨量；降雨強度=月降水量/降水日數；未做鄉鎮推估。
C0E910,海埔,署屬自動站,苗栗縣,後龍鎮,25,120.772435,24.648767,海埔125之15號(外埔安檢所樓頂),C0E910-2025.csv,中央氣象署 CODiS / 現存測站清單,https://codis.cwa.gov.tw/ ; https://hdps.cwa.gov.tw/static/state.html,2025,2025-10,10,1011.8,26.5,32.8,21.1,4.8,40,23.8,83,42.0,4,20.5,2025/10/20 00:00:00,42,4,10.50,偏低,完整,以該測站 CODiS 2025 年月報表之降水量作為整理後月降雨量；降雨強度=月降水量/降水日數；未做鄉鎮推估。
C0E910,海埔,署屬自動站,苗栗縣,後龍鎮,25,120.772435,24.648767,海埔125之15號(外埔安檢所樓頂),C0E910-2025.csv,中央氣象署 CODiS / 現存測站清單,https://codis.cwa.gov.tw/ ; https://hdps.cwa.gov.tw/static/state.html,2025,2025-11,11,1014.3,21.8,30.8,13.7,7.0,34,26.4,80,10.5,3,5.0,2025/11/12 00:00:00,10.5,3,3.50,偏低,完整,以該測站 CODiS 2025 年月報表之降水量作為整理後月降雨量；降雨強度=月降水量/降水日數；未做鄉鎮推估。
C0E910,海埔,署屬自動站,苗栗縣,後龍鎮,25,120.772435,24.648767,海埔125之15號(外埔安檢所樓頂),C0E910-2025.csv,中央氣象署 CODiS / 現存測站清單,https://codis.cwa.gov.tw/ ; https://hdps.cwa.gov.tw/static/state.html,2025,2025-12,12,1016.6,18.9,23.8,13.1,5.7,42,22.6,82,0.5,1,0.5,2025/12/02 00:00:00,0.5,1,0.50,偏低,完整,以該測站 CODiS 2025 年月報表之降水量作為整理後月降雨量；降雨強度=月降水量/降水日數；未做鄉鎮推估。
C0E920,通霄漁港,署屬自動站,苗栗縣,通霄鎮,20,120.673876,24.498589,漁港路69號(通霄安檢所樓頂),C0E920-2025.csv,中央氣象署 CODiS / 現存測站清單,https://codis.cwa.gov.tw/ ; https://hdps.cwa.gov.tw/static/state.html,2025,2025-01,01,1019.1,14.8,21.5,7.6,3.4,48,18.3,74,13.5,7,6.0,2025/01/02 00:00:00,13.5,7,1.93,偏低,完整,以該測站 CODiS 2025 年月報表之降水量作為整理後月降雨量；降雨強度=月降水量/降水日數；未做鄉鎮推估。
C0E920,通霄漁港,署屬自動站,苗栗縣,通霄鎮,20,120.673876,24.498589,漁港路69號(通霄安檢所樓頂),C0E920-2025.csv,中央氣象署 CODiS / 現存測站清單,https://codis.cwa.gov.tw/ ; https://hdps.cwa.gov.tw/static/state.html,2025,2025-02,02,1019.5,14.5,20.1,9.0,3.6,18,21.1,84,54.0,7,27.5,2025/02/13 00:00:00,54,7,7.71,中等,完整,以該測站 CODiS 2025 年月報表之降水量作為整理後月降雨量；降雨強度=月降水量/降水日數；未做鄉鎮推估。
C0E920,通霄漁港,署屬自動站,苗栗縣,通霄鎮,20,120.673876,24.498589,漁港路69號(通霄安檢所樓頂),C0E920-2025.csv,中央氣象署 CODiS / 現存測站清單,https://codis.cwa.gov.tw/ ; https://hdps.cwa.gov.tw/static/state.html,2025,2025-03,03,1015.7,17.5,31.0,8.5,3.4,43,24.5,80,150.0,9,45.0,2025/03/04 00:00:00,150,9,16.67,偏高,完整,以該測站 CODiS 2025 年月報表之降水量作為整理後月降雨量；降雨強度=月降水量/降水日數；未做鄉鎮推估。
C0E920,通霄漁港,署屬自動站,苗栗縣,通霄鎮,20,120.673876,24.498589,漁港路69號(通霄安檢所樓頂),C0E920-2025.csv,中央氣象署 CODiS / 現存測站清單,https://codis.cwa.gov.tw/ ; https://hdps.cwa.gov.tw/static/state.html,2025,2025-04,04,1011.6,22.0,29.9,13.0,2.7,66,16.0,78,118.0,13,47.5,2025/04/12 00:00:00,118,13,9.08,中等,完整,以該測站 CODiS 2025 年月報表之降水量作為整理後月降雨量；降雨強度=月降水量/降水日數；未做鄉鎮推估。
C0E920,通霄漁港,署屬自動站,苗栗縣,通霄鎮,20,120.673876,24.498589,漁港路69號(通霄安檢所樓頂),C0E920-2025.csv,中央氣象署 CODiS / 現存測站清單,https://codis.cwa.gov.tw/ ; https://hdps.cwa.gov.tw/static/state.html,2025,2025-05,05,1009.3,25.1,31.7,18.7,2.4,12,14.0,81,227.5,8,65.0,2025/05/24 00:00:00,227.5,8,28.44,偏高,完整,以該測站 CODiS 2025 年月報表之降水量作為整理後月降雨量；降雨強度=月降水量/降水日數；未做鄉鎮推估。
C0E920,通霄漁港,署屬自動站,苗栗縣,通霄鎮,20,120.673876,24.498589,漁港路69號(通霄安檢所樓頂),C0E920-2025.csv,中央氣象署 CODiS / 現存測站清單,https://codis.cwa.gov.tw/ ; https://hdps.cwa.gov.tw/static/state.html,2025,2025-06,06,1006.7,28.0,33.6,22.1,2.7,11,15.6,81,60.5,9,20.0,2025/06/03 00:00:00,60.5,9,6.72,中等,完整,以該測站 CODiS 2025 年月報表之降水量作為整理後月降雨量；降雨強度=月降水量/降水日數；未做鄉鎮推估。
C0E920,通霄漁港,署屬自動站,苗栗縣,通霄鎮,20,120.673876,24.498589,漁港路69號(通霄安檢所樓頂),C0E920-2025.csv,中央氣象署 CODiS / 現存測站清單,https://codis.cwa.gov.tw/ ; https://hdps.cwa.gov.tw/static/state.html,2025,2025-07,07,1000.7,28.1,32.5,22.6,3.3,0,19.1,83,623.5,15,281.0,2025/07/09 00:00:00,623.5,15,41.57,極高,完整,以該測站 CODiS 2025 年月報表之降水量作為整理後月降雨量；降雨強度=月降水量/降水日數；未做鄉鎮推估。
C0E920,通霄漁港,署屬自動站,苗栗縣,通霄鎮,20,120.673876,24.498589,漁港路69號(通霄安檢所樓頂),C0E920-2025.csv,中央氣象署 CODiS / 現存測站清單,https://codis.cwa.gov.tw/ ; https://hdps.cwa.gov.tw/static/state.html,2025,2025-08,08,1007.7,28.4,33.2,23.7,2.7,189,13.8,79,69.5,5,30.5,2025/08/03 00:00:00,69.5,5,13.90,中等,完整,以該測站 CODiS 2025 年月報表之降水量作為整理後月降雨量；降雨強度=月降水量/降水日數；未做鄉鎮推估。
C0E920,通霄漁港,署屬自動站,苗栗縣,通霄鎮,20,120.673876,24.498589,漁港路69號(通霄安檢所樓頂),C0E920-2025.csv,中央氣象署 CODiS / 現存測站清單,https://codis.cwa.gov.tw/ ; https://hdps.cwa.gov.tw/static/state.html,2025,2025-09,09,1009.1,28.4,33.8,24.6,1.9,276,14.3,81,72.0,5,41.5,2025/09/07 00:00:00,72,5,14.40,中等,完整,以該測站 CODiS 2025 年月報表之降水量作為整理後月降雨量；降雨強度=月降水量/降水日數；未做鄉鎮推估。
C0E920,通霄漁港,署屬自動站,苗栗縣,通霄鎮,20,120.673876,24.498589,漁港路69號(通霄安檢所樓頂),C0E920-2025.csv,中央氣象署 CODiS / 現存測站清單,https://codis.cwa.gov.tw/ ; https://hdps.cwa.gov.tw/static/state.html,2025,2025-10,10,1012.4,26.2,33.0,20.7,3.0,44,21.1,81,17.5,4,7.5,2025/10/28 00:00:00,17.5,4,4.38,偏低,完整,以該測站 CODiS 2025 年月報表之降水量作為整理後月降雨量；降雨強度=月降水量/降水日數；未做鄉鎮推估。
C0E920,通霄漁港,署屬自動站,苗栗縣,通霄鎮,20,120.673876,24.498589,漁港路69號(通霄安檢所樓頂),C0E920-2025.csv,中央氣象署 CODiS / 現存測站清單,https://codis.cwa.gov.tw/ ; https://hdps.cwa.gov.tw/static/state.html,2025,2025-11,11,1015.0,21.5,27.6,14.4,3.7,47,20.4,78,18.0,3,9.0,2025/11/13 00:00:00,18,3,6,偏低,完整,以該測站 CODiS 2025 年月報表之降水量作為整理後月降雨量；降雨強度=月降水量/降水日數；未做鄉鎮推估。
C0E920,通霄漁港,署屬自動站,苗栗縣,通霄鎮,20,120.673876,24.498589,漁港路69號(通霄安檢所樓頂),C0E920-2025.csv,中央氣象署 CODiS / 現存測站清單,https://codis.cwa.gov.tw/ ; https://hdps.cwa.gov.tw/static/state.html,2025,2025-12,12,1017.2,18.6,24.0,13.0,3.4,26,18.5,81,1.5,3,0.5,2025/12/01 00:00:00,1.5,3,0.50,偏低,完整,以該測站 CODiS 2025 年月報表之降水量作為整理後月降雨量；降雨強度=月降水量/降水日數；未做鄉鎮推估。
C0E930,龍鳳,署屬自動站,苗栗縣,竹南鎮,26,120.859125,24.700034,龍鳳里龍江街359巷5號(龍鳳安檢所樓頂),C0E930-2025.csv,中央氣象署 CODiS / 現存測站清單,https://codis.cwa.gov.tw/ ; https://hdps.cwa.gov.tw/static/state.html,2025,2025-01,01,1019.5,15.7,23.0,7.9,3.3,29,18.3,75,19.0,8,6.0,2025/01/02 00:00:00,19,8,2.38,偏低,完整,以該測站 CODiS 2025 年月報表之降水量作為整理後月降雨量；降雨強度=月降水量/降水日數；未做鄉鎮推估。
C0E930,龍鳳,署屬自動站,苗栗縣,竹南鎮,26,120.859125,24.700034,龍鳳里龍江街359巷5號(龍鳳安檢所樓頂),C0E930-2025.csv,中央氣象署 CODiS / 現存測站清單,https://codis.cwa.gov.tw/ ; https://hdps.cwa.gov.tw/static/state.html,2025,2025-02,02,1019.8,15.5,22.8,9.5,3.4,330,18.5,85,57.0,8,27.5,2025/02/13 00:00:00,57,8,7.12,中等,完整,以該測站 CODiS 2025 年月報表之降水量作為整理後月降雨量；降雨強度=月降水量/降水日數；未做鄉鎮推估。
C0E930,龍鳳,署屬自動站,苗栗縣,竹南鎮,26,120.859125,24.700034,龍鳳里龍江街359巷5號(龍鳳安檢所樓頂),C0E930-2025.csv,中央氣象署 CODiS / 現存測站清單,https://codis.cwa.gov.tw/ ; https://hdps.cwa.gov.tw/static/state.html,2025,2025-03,03,1016.0,18.0,30.9,9.7,3.1,17,26.8,83,237.0,10,56.0,2025/03/15 00:00:00,237,10,23.70,偏高,完整,以該測站 CODiS 2025 年月報表之降水量作為整理後月降雨量；降雨強度=月降水量/降水日數；未做鄉鎮推估。
C0E930,龍鳳,署屬自動站,苗栗縣,竹南鎮,26,120.859125,24.700034,龍鳳里龍江街359巷5號(龍鳳安檢所樓頂),C0E930-2025.csv,中央氣象署 CODiS / 現存測站清單,https://codis.cwa.gov.tw/ ; https://hdps.cwa.gov.tw/static/state.html,2025,2025-04,04,1011.7,22.7,31.5,13.6,2.4,328,25.1,80,145.0,13,43.0,2025/04/12 00:00:00,145,13,11.15,中等,完整,以該測站 CODiS 2025 年月報表之降水量作為整理後月降雨量；降雨強度=月降水量/降水日數；未做鄉鎮推估。
C0E930,龍鳳,署屬自動站,苗栗縣,竹南鎮,26,120.859125,24.700034,龍鳳里龍江街359巷5號(龍鳳安檢所樓頂),C0E930-2025.csv,中央氣象署 CODiS / 現存測站清單,https://codis.cwa.gov.tw/ ; https://hdps.cwa.gov.tw/static/state.html,2025,2025-05,05,1009.4,26.0,33.7,19.0,2.0,329,13.6,82,285.0,8,67.0,2025/05/29 00:00:00,285,8,35.62,偏高,完整,以該測站 CODiS 2025 年月報表之降水量作為整理後月降雨量；降雨強度=月降水量/降水日數；未做鄉鎮推估。
C0E930,龍鳳,署屬自動站,苗栗縣,竹南鎮,26,120.859125,24.700034,龍鳳里龍江街359巷5號(龍鳳安檢所樓頂),C0E930-2025.csv,中央氣象署 CODiS / 現存測站清單,https://codis.cwa.gov.tw/ ; https://hdps.cwa.gov.tw/static/state.html,2025,2025-06,06,1006.7,29.1,34.8,22.7,2.1,209,16.8,81,84.5,8,26.0,2025/06/29 00:00:00,84.5,8,10.56,中等,完整,以該測站 CODiS 2025 年月報表之降水量作為整理後月降雨量；降雨強度=月降水量/降水日數；未做鄉鎮推估。
C0E930,龍鳳,署屬自動站,苗栗縣,竹南鎮,26,120.859125,24.700034,龍鳳里龍江街359巷5號(龍鳳安檢所樓頂),C0E930-2025.csv,中央氣象署 CODiS / 現存測站清單,https://codis.cwa.gov.tw/ ; https://hdps.cwa.gov.tw/static/state.html,2025,2025-07,07,1000.7,29.0,36.0,22.3,2.2,329,17.0,84,554.5,16,216.5,2025/07/09 00:00:00,554.5,16,34.66,極高,完整,以該測站 CODiS 2025 年月報表之降水量作為整理後月降雨量；降雨強度=月降水量/降水日數；未做鄉鎮推估。
C0E930,龍鳳,署屬自動站,苗栗縣,竹南鎮,26,120.859125,24.700034,龍鳳里龍江街359巷5號(龍鳳安檢所樓頂),C0E930-2025.csv,中央氣象署 CODiS / 現存測站清單,https://codis.cwa.gov.tw/ ; https://hdps.cwa.gov.tw/static/state.html,2025,2025-08,08,1007.7,29.7,35.8,24.5,2.2,274,21.7,79,15.0,3,11.0,2025/08/27 00:00:00,15,3,5,偏低,完整,以該測站 CODiS 2025 年月報表之降水量作為整理後月降雨量；降雨強度=月降水量/降水日數；未做鄉鎮推估。
C0E930,龍鳳,署屬自動站,苗栗縣,竹南鎮,26,120.859125,24.700034,龍鳳里龍江街359巷5號(龍鳳安檢所樓頂),C0E930-2025.csv,中央氣象署 CODiS / 現存測站清單,https://codis.cwa.gov.tw/ ; https://hdps.cwa.gov.tw/static/state.html,2025,2025-09,09,1009.3,29.4,36.5,25.2,1.9,328,21.3,82,35.0,5,23.0,2025/09/07 00:00:00,35,5,7,偏低,完整,以該測站 CODiS 2025 年月報表之降水量作為整理後月降雨量；降雨強度=月降水量/降水日數；未做鄉鎮推估。
C0E930,龍鳳,署屬自動站,苗栗縣,竹南鎮,26,120.859125,24.700034,龍鳳里龍江街359巷5號(龍鳳安檢所樓頂),C0E930-2025.csv,中央氣象署 CODiS / 現存測站清單,https://codis.cwa.gov.tw/ ; https://hdps.cwa.gov.tw/static/state.html,2025,2025-10,10,1012.8,27.0,36.0,21.2,3.1,31,19.1,82,70.5,5,38.0,2025/10/20 00:00:00,70.5,5,14.10,中等,完整,以該測站 CODiS 2025 年月報表之降水量作為整理後月降雨量；降雨強度=月降水量/降水日數；未做鄉鎮推估。
C0E930,龍鳳,署屬自動站,苗栗縣,竹南鎮,26,120.859125,24.700034,龍鳳里龍江街359巷5號(龍鳳安檢所樓頂),C0E930-2025.csv,中央氣象署 CODiS / 現存測站清單,https://codis.cwa.gov.tw/ ; https://hdps.cwa.gov.tw/static/state.html,2025,2025-11,11,1015.4,22.1,32.5,15.2,3.9,13,22.8,79,10.0,3,5.0,2025/11/12 00:00:00,10,3,3.33,偏低,完整,以該測站 CODiS 2025 年月報表之降水量作為整理後月降雨量；降雨強度=月降水量/降水日數；未做鄉鎮推估。
C0E930,龍鳳,署屬自動站,苗栗縣,竹南鎮,26,120.859125,24.700034,龍鳳里龍江街359巷5號(龍鳳安檢所樓頂),C0E930-2025.csv,中央氣象署 CODiS / 現存測站清單,https://codis.cwa.gov.tw/ ; https://hdps.cwa.gov.tw/static/state.html,2025,2025-12,12,1017.6,19.2,25.2,12.7,3.3,25,18.2,82,1.5,2,1.0,2025/12/01 00:00:00,1.5,2,0.75,偏低,完整,以該測站 CODiS 2025 年月報表之降水量作為整理後月降雨量；降雨強度=月降水量/降水日數；未做鄉鎮推估。
C0E940,雪見,署屬自動站,苗栗縣,泰安鄉,1881,121.01347,24.42595,盡尾段15-1地號,C0E940-2025.csv,中央氣象署 CODiS / 現存測站清單,https://codis.cwa.gov.tw/ ; https://hdps.cwa.gov.tw/static/state.html,2025,2025-01,01,--,--,--,--,--,--,--,--,--,--,--,--,,,,,缺值,以該測站 CODiS 2025 年月報表之降水量作為整理後月降雨量；降雨強度=月降水量/降水日數；未做鄉鎮推估。
C0E940,雪見,署屬自動站,苗栗縣,泰安鄉,1881,121.01347,24.42595,盡尾段15-1地號,C0E940-2025.csv,中央氣象署 CODiS / 現存測站清單,https://codis.cwa.gov.tw/ ; https://hdps.cwa.gov.tw/static/state.html,2025,2025-02,02,--,--,--,--,--,--,--,--,--,--,--,--,,,,,缺值,以該測站 CODiS 2025 年月報表之降水量作為整理後月降雨量；降雨強度=月降水量/降水日數；未做鄉鎮推估。
C0E940,雪見,署屬自動站,苗栗縣,泰安鄉,1881,121.01347,24.42595,盡尾段15-1地號,C0E940-2025.csv,中央氣象署 CODiS / 現存測站清單,https://codis.cwa.gov.tw/ ; https://hdps.cwa.gov.tw/static/state.html,2025,2025-03,03,--,--,--,--,--,--,--,--,--,--,--,--,,,,,缺值,以該測站 CODiS 2025 年月報表之降水量作為整理後月降雨量；降雨強度=月降水量/降水日數；未做鄉鎮推估。
C0E940,雪見,署屬自動站,苗栗縣,泰安鄉,1881,121.01347,24.42595,盡尾段15-1地號,C0E940-2025.csv,中央氣象署 CODiS / 現存測站清單,https://codis.cwa.gov.tw/ ; https://hdps.cwa.gov.tw/static/state.html,2025,2025-04,04,810.3,14.1,17.8,10.3,2.6,229,13.7,93,105.0,4,69.0,2025/04/28 00:00:00,105,4,26.25,中等,完整,以該測站 CODiS 2025 年月報表之降水量作為整理後月降雨量；降雨強度=月降水量/降水日數；未做鄉鎮推估。
C0E940,雪見,署屬自動站,苗栗縣,泰安鄉,1881,121.01347,24.42595,盡尾段15-1地號,C0E940-2025.csv,中央氣象署 CODiS / 現存測站清單,https://codis.cwa.gov.tw/ ; https://hdps.cwa.gov.tw/static/state.html,2025,2025-05,05,810.0,16.2,20.3,10.2,2.9,253,83.0,91,281.0,8,145.0,2025/05/10 00:00:00,281,8,35.12,偏高,完整,以該測站 CODiS 2025 年月報表之降水量作為整理後月降雨量；降雨強度=月降水量/降水日數；未做鄉鎮推估。
C0E940,雪見,署屬自動站,苗栗縣,泰安鄉,1881,121.01347,24.42595,盡尾段15-1地號,C0E940-2025.csv,中央氣象署 CODiS / 現存測站清單,https://codis.cwa.gov.tw/ ; https://hdps.cwa.gov.tw/static/state.html,2025,2025-06,06,809.2,17.7,25.2,14.1,2.3,246,24.2,90,200.0,12,59.0,2025/06/13 00:00:00,200,12,16.67,偏高,完整,以該測站 CODiS 2025 年月報表之降水量作為整理後月降雨量；降雨強度=月降水量/降水日數；未做鄉鎮推估。
C0E940,雪見,署屬自動站,苗栗縣,泰安鄉,1881,121.01347,24.42595,盡尾段15-1地號,C0E940-2025.csv,中央氣象署 CODiS / 現存測站清單,https://codis.cwa.gov.tw/ ; https://hdps.cwa.gov.tw/static/state.html,2025,2025-07,07,803.2,17.8,26.6,14.0,2.1,248,23.6,92,527.5,21,138.5,2025/07/07 00:00:00,527.5,21,25.12,極高,完整,以該測站 CODiS 2025 年月報表之降水量作為整理後月降雨量；降雨強度=月降水量/降水日數；未做鄉鎮推估。
C0E940,雪見,署屬自動站,苗栗縣,泰安鄉,1881,121.01347,24.42595,盡尾段15-1地號,C0E940-2025.csv,中央氣象署 CODiS / 現存測站清單,https://codis.cwa.gov.tw/ ; https://hdps.cwa.gov.tw/static/state.html,2025,2025-08,08,810.1,17.8,26.0,13.6,2.1,71,53.0,88,129.0,13,60.0,2025/08/03 00:00:00,129,13,9.92,中等,完整,以該測站 CODiS 2025 年月報表之降水量作為整理後月降雨量；降雨強度=月降水量/降水日數；未做鄉鎮推估。
C0E940,雪見,署屬自動站,苗栗縣,泰安鄉,1881,121.01347,24.42595,盡尾段15-1地號,C0E940-2025.csv,中央氣象署 CODiS / 現存測站清單,https://codis.cwa.gov.tw/ ; https://hdps.cwa.gov.tw/static/state.html,2025,2025-09,09,811.2,17.9,24.6,14.7,1.7,281,11.2,87,120.0,16,69.0,2025/09/07 00:00:00,120,16,7.50,中等,完整,以該測站 CODiS 2025 年月報表之降水量作為整理後月降雨量；降雨強度=月降水量/降水日數；未做鄉鎮推估。
C0E940,雪見,署屬自動站,苗栗縣,泰安鄉,1881,121.01347,24.42595,盡尾段15-1地號,C0E940-2025.csv,中央氣象署 CODiS / 現存測站清單,https://codis.cwa.gov.tw/ ; https://hdps.cwa.gov.tw/static/state.html,2025,2025-10,10,812.7,17.4,24.7,13.7,2.1,281,25.0,86,46.0,5,21.5,2025/10/28 00:00:00,46,5,9.20,偏低,完整,以該測站 CODiS 2025 年月報表之降水量作為整理後月降雨量；降雨強度=月降水量/降水日數；未做鄉鎮推估。
C0E940,雪見,署屬自動站,苗栗縣,泰安鄉,1881,121.01347,24.42595,盡尾段15-1地號,C0E940-2025.csv,中央氣象署 CODiS / 現存測站清單,https://codis.cwa.gov.tw/ ; https://hdps.cwa.gov.tw/static/state.html,2025,2025-11,11,811.8,15.0,25.2,8.5,2.4,282,14.5,75,45.0,9,21.5,2025/11/02 00:00:00,45,9,5,偏低,完整,以該測站 CODiS 2025 年月報表之降水量作為整理後月降雨量；降雨強度=月降水量/降水日數；未做鄉鎮推估。
C0E940,雪見,署屬自動站,苗栗縣,泰安鄉,1881,121.01347,24.42595,盡尾段15-1地號,C0E940-2025.csv,中央氣象署 CODiS / 現存測站清單,https://codis.cwa.gov.tw/ ; https://hdps.cwa.gov.tw/static/state.html,2025,2025-12,12,811.7,10.8,17.6,4.7,2.4,278,15.2,75,55.5,15,18.5,2025/12/27 00:00:00,55.5,15,3.70,中等,完整,以該測站 CODiS 2025 年月報表之降水量作為整理後月降雨量；降雨強度=月降水量/降水日數；未做鄉鎮推估。
C0E950,松安,署屬自動站,苗栗縣,泰安鄉,1328,120.98599,24.39792,荻岡段39地號,C0E950-2025.csv,中央氣象署 CODiS / 現存測站清單,https://codis.cwa.gov.tw/ ; https://hdps.cwa.gov.tw/static/state.html,2025,2025-01,01,--,--,--,--,--,--,--,--,--,--,--,--,,,,,缺值,以該測站 CODiS 2025 年月報表之降水量作為整理後月降雨量；降雨強度=月降水量/降水日數；未做鄉鎮推估。
C0E950,松安,署屬自動站,苗栗縣,泰安鄉,1328,120.98599,24.39792,荻岡段39地號,C0E950-2025.csv,中央氣象署 CODiS / 現存測站清單,https://codis.cwa.gov.tw/ ; https://hdps.cwa.gov.tw/static/state.html,2025,2025-02,02,--,--,--,--,--,--,--,--,--,--,--,--,,,,,缺值,以該測站 CODiS 2025 年月報表之降水量作為整理後月降雨量；降雨強度=月降水量/降水日數；未做鄉鎮推估。
C0E950,松安,署屬自動站,苗栗縣,泰安鄉,1328,120.98599,24.39792,荻岡段39地號,C0E950-2025.csv,中央氣象署 CODiS / 現存測站清單,https://codis.cwa.gov.tw/ ; https://hdps.cwa.gov.tw/static/state.html,2025,2025-03,03,--,--,--,--,--,--,--,--,--,--,--,--,,,,,缺值,以該測站 CODiS 2025 年月報表之降水量作為整理後月降雨量；降雨強度=月降水量/降水日數；未做鄉鎮推估。
C0E950,松安,署屬自動站,苗栗縣,泰安鄉,1328,120.98599,24.39792,荻岡段39地號,C0E950-2025.csv,中央氣象署 CODiS / 現存測站清單,https://codis.cwa.gov.tw/ ; https://hdps.cwa.gov.tw/static/state.html,2025,2025-04,04,867.0,17.9,25.7,14.5,0.6,97,8.0,88,35.5,3,29.5,2025/04/28 00:00:00,35.5,3,11.83,偏低,完整,以該測站 CODiS 2025 年月報表之降水量作為整理後月降雨量；降雨強度=月降水量/降水日數；未做鄉鎮推估。
C0E950,松安,署屬自動站,苗栗縣,泰安鄉,1328,120.98599,24.39792,荻岡段39地號,C0E950-2025.csv,中央氣象署 CODiS / 現存測站清單,https://codis.cwa.gov.tw/ ; https://hdps.cwa.gov.tw/static/state.html,2025,2025-05,05,865.9,19.8,30.0,13.3,0.6,91,30.2,86,460.5,13,111.5,2025/05/29 00:00:00,460.5,13,35.42,極高,完整,以該測站 CODiS 2025 年月報表之降水量作為整理後月降雨量；降雨強度=月降水量/降水日數；未做鄉鎮推估。
C0E950,松安,署屬自動站,苗栗縣,泰安鄉,1328,120.98599,24.39792,荻岡段39地號,C0E950-2025.csv,中央氣象署 CODiS / 現存測站清單,https://codis.cwa.gov.tw/ ; https://hdps.cwa.gov.tw/static/state.html,2025,2025-06,06,864.9,21.2,30.0,16.8,0.7,92,29.7,88,340.0,18,53.5,2025/06/18 00:00:00,340,18,18.89,偏高,完整,以該測站 CODiS 2025 年月報表之降水量作為整理後月降雨量；降雨強度=月降水量/降水日數；未做鄉鎮推估。
C0E950,松安,署屬自動站,苗栗縣,泰安鄉,1328,120.98599,24.39792,荻岡段39地號,C0E950-2025.csv,中央氣象署 CODiS / 現存測站清單,https://codis.cwa.gov.tw/ ; https://hdps.cwa.gov.tw/static/state.html,2025,2025-07,07,860.5,21.3,30.3,16.8,0.7,82,11.0,89,371.5,18,141.0,2025/07/07 00:00:00,371.5,18,20.64,極高,完整,以該測站 CODiS 2025 年月報表之降水量作為整理後月降雨量；降雨強度=月降水量/降水日數；未做鄉鎮推估。
C0E950,松安,署屬自動站,苗栗縣,泰安鄉,1328,120.98599,24.39792,荻岡段39地號,C0E950-2025.csv,中央氣象署 CODiS / 現存測站清單,https://codis.cwa.gov.tw/ ; https://hdps.cwa.gov.tw/static/state.html,2025,2025-08,08,866.3,21.8,30.0,16.7,0.7,88,10.0,85,43.0,10,14.5,2025/08/20 00:00:00,43,10,4.30,偏低,完整,以該測站 CODiS 2025 年月報表之降水量作為整理後月降雨量；降雨強度=月降水量/降水日數；未做鄉鎮推估。
C0E950,松安,署屬自動站,苗栗縣,泰安鄉,1328,120.98599,24.39792,荻岡段39地號,C0E950-2025.csv,中央氣象署 CODiS / 現存測站清單,https://codis.cwa.gov.tw/ ; https://hdps.cwa.gov.tw/static/state.html,2025,2025-09,09,866.8,21.4,30.7,17.0,0.7,92,61.2,86,177.5,12,74.0,2025/09/07 00:00:00,177.5,12,14.79,偏高,完整,以該測站 CODiS 2025 年月報表之降水量作為整理後月降雨量；降雨強度=月降水量/降水日數；未做鄉鎮推估。
C0E950,松安,署屬自動站,苗栗縣,泰安鄉,1328,120.98599,24.39792,荻岡段39地號,C0E950-2025.csv,中央氣象署 CODiS / 現存測站清單,https://codis.cwa.gov.tw/ ; https://hdps.cwa.gov.tw/static/state.html,2025,2025-10,10,868.5,21.0,29.8,16.8,0.7,93,15.8,83,32.5,5,17.5,2025/10/20 00:00:00,32.5,5,6.50,偏低,完整,以該測站 CODiS 2025 年月報表之降水量作為整理後月降雨量；降雨強度=月降水量/降水日數；未做鄉鎮推估。
C0E950,松安,署屬自動站,苗栗縣,泰安鄉,1328,120.98599,24.39792,荻岡段39地號,C0E950-2025.csv,中央氣象署 CODiS / 現存測站清單,https://codis.cwa.gov.tw/ ; https://hdps.cwa.gov.tw/static/state.html,2025,2025-11,11,868.6,18.1,28.0,12.3,1.1,91,10.0,77,10.0,6,3.5,2025/11/13 00:00:00,10,6,1.67,偏低,完整,以該測站 CODiS 2025 年月報表之降水量作為整理後月降雨量；降雨強度=月降水量/降水日數；未做鄉鎮推估。
C0E950,松安,署屬自動站,苗栗縣,泰安鄉,1328,120.98599,24.39792,荻岡段39地號,C0E950-2025.csv,中央氣象署 CODiS / 現存測站清單,https://codis.cwa.gov.tw/ ; https://hdps.cwa.gov.tw/static/state.html,2025,2025-12,12,869.2,15.3,26.1,8.1,1.8,12,21.7,70,13.5,4,7.0,2025/12/27 00:00:00,13.5,4,3.38,偏低,完整,以該測站 CODiS 2025 年月報表之降水量作為整理後月降雨量；降雨強度=月降水量/降水日數；未做鄉鎮推估。
C0E960,觀霧分站,署屬自動站,苗栗縣,泰安鄉,2094,121.113921,24.505781,觀霧段55-1地號,C0E960-2025.csv,中央氣象署 CODiS / 現存測站清單,https://codis.cwa.gov.tw/ ; https://hdps.cwa.gov.tw/static/state.html,2025,2025-01,01,--,--,--,--,--,--,--,--,--,--,--,--,,,,,缺值,以該測站 CODiS 2025 年月報表之降水量作為整理後月降雨量；降雨強度=月降水量/降水日數；未做鄉鎮推估。
C0E960,觀霧分站,署屬自動站,苗栗縣,泰安鄉,2094,121.113921,24.505781,觀霧段55-1地號,C0E960-2025.csv,中央氣象署 CODiS / 現存測站清單,https://codis.cwa.gov.tw/ ; https://hdps.cwa.gov.tw/static/state.html,2025,2025-02,02,--,--,--,--,--,--,--,--,--,--,--,--,,,,,缺值,以該測站 CODiS 2025 年月報表之降水量作為整理後月降雨量；降雨強度=月降水量/降水日數；未做鄉鎮推估。
C0E960,觀霧分站,署屬自動站,苗栗縣,泰安鄉,2094,121.113921,24.505781,觀霧段55-1地號,C0E960-2025.csv,中央氣象署 CODiS / 現存測站清單,https://codis.cwa.gov.tw/ ; https://hdps.cwa.gov.tw/static/state.html,2025,2025-03,03,--,--,--,--,--,--,--,--,--,--,--,--,,,,,缺值,以該測站 CODiS 2025 年月報表之降水量作為整理後月降雨量；降雨強度=月降水量/降水日數；未做鄉鎮推估。
C0E960,觀霧分站,署屬自動站,苗栗縣,泰安鄉,2094,121.113921,24.505781,觀霧段55-1地號,C0E960-2025.csv,中央氣象署 CODiS / 現存測站清單,https://codis.cwa.gov.tw/ ; https://hdps.cwa.gov.tw/static/state.html,2025,2025-04,04,791.6,12.7,17.5,7.7,1.2,222,8.1,85,0.0,0,0.0,2025/04/25 00:00:00,0,0,,偏低,完整,以該測站 CODiS 2025 年月報表之降水量作為整理後月降雨量；降雨強度=月降水量/降水日數；未做鄉鎮推估。
C0E960,觀霧分站,署屬自動站,苗栗縣,泰安鄉,2094,121.113921,24.505781,觀霧段55-1地號,C0E960-2025.csv,中央氣象署 CODiS / 現存測站清單,https://codis.cwa.gov.tw/ ; https://hdps.cwa.gov.tw/static/state.html,2025,2025-05,05,791.1,14.8,23.9,7.4,1.3,141,13.6,86,713.5,14,130.0,2025/05/07 00:00:00,713.5,14,50.96,極高,完整,以該測站 CODiS 2025 年月報表之降水量作為整理後月降雨量；降雨強度=月降水量/降水日數；未做鄉鎮推估。
C0E960,觀霧分站,署屬自動站,苗栗縣,泰安鄉,2094,121.113921,24.505781,觀霧段55-1地號,C0E960-2025.csv,中央氣象署 CODiS / 現存測站清單,https://codis.cwa.gov.tw/ ; https://hdps.cwa.gov.tw/static/state.html,2025,2025-06,06,790.7,16.9,25.9,12.4,1.1,138,14.5,87,222.5,21,48.0,2025/06/13 00:00:00,222.5,21,10.60,偏高,完整,以該測站 CODiS 2025 年月報表之降水量作為整理後月降雨量；降雨強度=月降水量/降水日數；未做鄉鎮推估。
C0E960,觀霧分站,署屬自動站,苗栗縣,泰安鄉,2094,121.113921,24.505781,觀霧段55-1地號,C0E960-2025.csv,中央氣象署 CODiS / 現存測站清單,https://codis.cwa.gov.tw/ ; https://hdps.cwa.gov.tw/static/state.html,2025,2025-07,07,786.3,17.0,25.5,13.8,1.0,145,15.3,89,495.5,20,88.0,2025/07/09 00:00:00,495.5,20,24.77,極高,完整,以該測站 CODiS 2025 年月報表之降水量作為整理後月降雨量；降雨強度=月降水量/降水日數；未做鄉鎮推估。
C0E960,觀霧分站,署屬自動站,苗栗縣,泰安鄉,2094,121.113921,24.505781,觀霧段55-1地號,C0E960-2025.csv,中央氣象署 CODiS / 現存測站清單,https://codis.cwa.gov.tw/ ; https://hdps.cwa.gov.tw/static/state.html,2025,2025-08,08,791.8,17.3,26.7,12.1,0.9,141,14.6,86,125.0,19,31.5,2025/08/20 00:00:00,125,19,6.58,中等,完整,以該測站 CODiS 2025 年月報表之降水量作為整理後月降雨量；降雨強度=月降水量/降水日數；未做鄉鎮推估。
C0E960,觀霧分站,署屬自動站,苗栗縣,泰安鄉,2094,121.113921,24.505781,觀霧段55-1地號,C0E960-2025.csv,中央氣象署 CODiS / 現存測站清單,https://codis.cwa.gov.tw/ ; https://hdps.cwa.gov.tw/static/state.html,2025,2025-09,09,792.9,17.5,26.5,13.0,0.7,141,28.5,85,171.5,17,49.0,2025/09/04 00:00:00,171.5,17,10.09,偏高,完整,以該測站 CODiS 2025 年月報表之降水量作為整理後月降雨量；降雨強度=月降水量/降水日數；未做鄉鎮推估。
C0E960,觀霧分站,署屬自動站,苗栗縣,泰安鄉,2094,121.113921,24.505781,觀霧段55-1地號,C0E960-2025.csv,中央氣象署 CODiS / 現存測站清單,https://codis.cwa.gov.tw/ ; https://hdps.cwa.gov.tw/static/state.html,2025,2025-10,10,794.3,16.6,25.2,12.7,0.8,140,12.7,80,186.0,9,93.0,2025/10/20 00:00:00,186,9,20.67,偏高,完整,以該測站 CODiS 2025 年月報表之降水量作為整理後月降雨量；降雨強度=月降水量/降水日數；未做鄉鎮推估。
C0E960,觀霧分站,署屬自動站,苗栗縣,泰安鄉,2094,121.113921,24.505781,觀霧段55-1地號,C0E960-2025.csv,中央氣象署 CODiS / 現存測站清單,https://codis.cwa.gov.tw/ ; https://hdps.cwa.gov.tw/static/state.html,2025,2025-11,11,793.4,13.5,24.7,6.0,1.5,122,9.5,75,57.5,12,17.5,2025/11/13 00:00:00,57.5,12,4.79,中等,完整,以該測站 CODiS 2025 年月報表之降水量作為整理後月降雨量；降雨強度=月降水量/降水日數；未做鄉鎮推估。
C0E960,觀霧分站,署屬自動站,苗栗縣,泰安鄉,2094,121.113921,24.505781,觀霧段55-1地號,C0E960-2025.csv,中央氣象署 CODiS / 現存測站清單,https://codis.cwa.gov.tw/ ; https://hdps.cwa.gov.tw/static/state.html,2025,2025-12,12,792.9,9.7,17.8,4.2,2.1,128,13.2,77,54.0,6,19.0,2025/12/01 00:00:00,54,6,9,中等,完整,以該測站 CODiS 2025 年月報表之降水量作為整理後月降雨量；降雨強度=月降水量/降水日數；未做鄉鎮推估。
C1E451,象鼻,署屬自動站,苗栗縣,泰安鄉,950,120.940228,24.368617,象鼻村,C1E451-2025.csv,中央氣象署 CODiS / 現存測站清單,https://codis.cwa.gov.tw/ ; https://hdps.cwa.gov.tw/static/state.html,2025,2025-01,01,,,,,,,,,42.0,8,11.0,2025/01/01 00:00:00,42,8,5.25,偏低,完整,以該測站 CODiS 2025 年月報表之降水量作為整理後月降雨量；降雨強度=月降水量/降水日數；未做鄉鎮推估。
C1E451,象鼻,署屬自動站,苗栗縣,泰安鄉,950,120.940228,24.368617,象鼻村,C1E451-2025.csv,中央氣象署 CODiS / 現存測站清單,https://codis.cwa.gov.tw/ ; https://hdps.cwa.gov.tw/static/state.html,2025,2025-02,02,,,,,,,,,75.5,8,37.5,2025/02/13 00:00:00,75.5,8,9.44,中等,完整,以該測站 CODiS 2025 年月報表之降水量作為整理後月降雨量；降雨強度=月降水量/降水日數；未做鄉鎮推估。
C1E451,象鼻,署屬自動站,苗栗縣,泰安鄉,950,120.940228,24.368617,象鼻村,C1E451-2025.csv,中央氣象署 CODiS / 現存測站清單,https://codis.cwa.gov.tw/ ; https://hdps.cwa.gov.tw/static/state.html,2025,2025-03,03,,,,,,,,,226.0,11,55.5,2025/03/04 00:00:00,226,11,20.55,偏高,完整,以該測站 CODiS 2025 年月報表之降水量作為整理後月降雨量；降雨強度=月降水量/降水日數；未做鄉鎮推估。
C1E451,象鼻,署屬自動站,苗栗縣,泰安鄉,950,120.940228,24.368617,象鼻村,C1E451-2025.csv,中央氣象署 CODiS / 現存測站清單,https://codis.cwa.gov.tw/ ; https://hdps.cwa.gov.tw/static/state.html,2025,2025-04,04,,,,,,,,,119.0,14,31.5,2025/04/12 00:00:00,119,14,8.50,中等,完整,以該測站 CODiS 2025 年月報表之降水量作為整理後月降雨量；降雨強度=月降水量/降水日數；未做鄉鎮推估。
C1E451,象鼻,署屬自動站,苗栗縣,泰安鄉,950,120.940228,24.368617,象鼻村,C1E451-2025.csv,中央氣象署 CODiS / 現存測站清單,https://codis.cwa.gov.tw/ ; https://hdps.cwa.gov.tw/static/state.html,2025,2025-05,05,,,,,,,,,253.0,9,92.0,2025/05/29 00:00:00,253,9,28.11,偏高,完整,以該測站 CODiS 2025 年月報表之降水量作為整理後月降雨量；降雨強度=月降水量/降水日數；未做鄉鎮推估。
C1E451,象鼻,署屬自動站,苗栗縣,泰安鄉,950,120.940228,24.368617,象鼻村,C1E451-2025.csv,中央氣象署 CODiS / 現存測站清單,https://codis.cwa.gov.tw/ ; https://hdps.cwa.gov.tw/static/state.html,2025,2025-06,06,,,,,,,,,312.0,18,62.5,2025/06/18 00:00:00,312,18,17.33,偏高,完整,以該測站 CODiS 2025 年月報表之降水量作為整理後月降雨量；降雨強度=月降水量/降水日數；未做鄉鎮推估。
C1E451,象鼻,署屬自動站,苗栗縣,泰安鄉,950,120.940228,24.368617,象鼻村,C1E451-2025.csv,中央氣象署 CODiS / 現存測站清單,https://codis.cwa.gov.tw/ ; https://hdps.cwa.gov.tw/static/state.html,2025,2025-07,07,,,,,,,,,623.5,22,149.0,2025/07/07 00:00:00,623.5,22,28.34,極高,完整,以該測站 CODiS 2025 年月報表之降水量作為整理後月降雨量；降雨強度=月降水量/降水日數；未做鄉鎮推估。
C1E451,象鼻,署屬自動站,苗栗縣,泰安鄉,950,120.940228,24.368617,象鼻村,C1E451-2025.csv,中央氣象署 CODiS / 現存測站清單,https://codis.cwa.gov.tw/ ; https://hdps.cwa.gov.tw/static/state.html,2025,2025-08,08,,,,,,,,,183.0,16,60.0,2025/08/03 00:00:00,183,16,11.44,偏高,完整,以該測站 CODiS 2025 年月報表之降水量作為整理後月降雨量；降雨強度=月降水量/降水日數；未做鄉鎮推估。
C1E451,象鼻,署屬自動站,苗栗縣,泰安鄉,950,120.940228,24.368617,象鼻村,C1E451-2025.csv,中央氣象署 CODiS / 現存測站清單,https://codis.cwa.gov.tw/ ; https://hdps.cwa.gov.tw/static/state.html,2025,2025-09,09,,,,,,,,,268.5,13,76.0,2025/09/07 00:00:00,268.5,13,20.65,偏高,完整,以該測站 CODiS 2025 年月報表之降水量作為整理後月降雨量；降雨強度=月降水量/降水日數；未做鄉鎮推估。
C1E451,象鼻,署屬自動站,苗栗縣,泰安鄉,950,120.940228,24.368617,象鼻村,C1E451-2025.csv,中央氣象署 CODiS / 現存測站清單,https://codis.cwa.gov.tw/ ; https://hdps.cwa.gov.tw/static/state.html,2025,2025-10,10,,,,,,,,,36.0,3,19.0,2025/10/20 00:00:00,36,3,12,偏低,完整,以該測站 CODiS 2025 年月報表之降水量作為整理後月降雨量；降雨強度=月降水量/降水日數；未做鄉鎮推估。
C1E451,象鼻,署屬自動站,苗栗縣,泰安鄉,950,120.940228,24.368617,象鼻村,C1E451-2025.csv,中央氣象署 CODiS / 現存測站清單,https://codis.cwa.gov.tw/ ; https://hdps.cwa.gov.tw/static/state.html,2025,2025-11,11,,,,,,,,,7.5,5,4.0,2025/11/13 00:00:00,7.5,5,1.50,偏低,完整,以該測站 CODiS 2025 年月報表之降水量作為整理後月降雨量；降雨強度=月降水量/降水日數；未做鄉鎮推估。
C1E451,象鼻,署屬自動站,苗栗縣,泰安鄉,950,120.940228,24.368617,象鼻村,C1E451-2025.csv,中央氣象署 CODiS / 現存測站清單,https://codis.cwa.gov.tw/ ; https://hdps.cwa.gov.tw/static/state.html,2025,2025-12,12,,,,,,,,,9.5,3,6.0,2025/12/27 00:00:00,9.5,3,3.17,偏低,完整,以該測站 CODiS 2025 年月報表之降水量作為整理後月降雨量；降雨強度=月降水量/降水日數；未做鄉鎮推估。
C1E461,松安,署屬自動站,苗栗縣,泰安鄉,1325,120.986022,24.397972,雪霸國家公園二本松解說站旁,C1E461-2025.csv,中央氣象署 CODiS / 現存測站清單,https://codis.cwa.gov.tw/ ; https://hdps.cwa.gov.tw/static/state.html,2025,2025-01,01,,,,,,,,,66.0,8,14.5,2025/01/15 00:00:00,66,8,8.25,中等,完整,以該測站 CODiS 2025 年月報表之降水量作為整理後月降雨量；降雨強度=月降水量/降水日數；未做鄉鎮推估。
C1E461,松安,署屬自動站,苗栗縣,泰安鄉,1325,120.986022,24.397972,雪霸國家公園二本松解說站旁,C1E461-2025.csv,中央氣象署 CODiS / 現存測站清單,https://codis.cwa.gov.tw/ ; https://hdps.cwa.gov.tw/static/state.html,2025,2025-02,02,,,,,,,,,116.5,9,47.5,2025/02/13 00:00:00,116.5,9,12.94,中等,完整,以該測站 CODiS 2025 年月報表之降水量作為整理後月降雨量；降雨強度=月降水量/降水日數；未做鄉鎮推估。
C1E461,松安,署屬自動站,苗栗縣,泰安鄉,1325,120.986022,24.397972,雪霸國家公園二本松解說站旁,C1E461-2025.csv,中央氣象署 CODiS / 現存測站清單,https://codis.cwa.gov.tw/ ; https://hdps.cwa.gov.tw/static/state.html,2025,2025-03,03,,,,,,,,,288.0,12,69.0,2025/03/05 00:00:00,288,12,24,偏高,完整,以該測站 CODiS 2025 年月報表之降水量作為整理後月降雨量；降雨強度=月降水量/降水日數；未做鄉鎮推估。
C1E461,松安,署屬自動站,苗栗縣,泰安鄉,1325,120.986022,24.397972,雪霸國家公園二本松解說站旁,C1E461-2025.csv,中央氣象署 CODiS / 現存測站清單,https://codis.cwa.gov.tw/ ; https://hdps.cwa.gov.tw/static/state.html,2025,2025-04,04,,,,,,,,,173.5,14,40.5,2025/04/12 00:00:00,173.5,14,12.39,偏高,完整,以該測站 CODiS 2025 年月報表之降水量作為整理後月降雨量；降雨強度=月降水量/降水日數；未做鄉鎮推估。
C1E461,松安,署屬自動站,苗栗縣,泰安鄉,1325,120.986022,24.397972,雪霸國家公園二本松解說站旁,C1E461-2025.csv,中央氣象署 CODiS / 現存測站清單,https://codis.cwa.gov.tw/ ; https://hdps.cwa.gov.tw/static/state.html,2025,2025-05,05,,,,,,,,,448.0,13,109.0,2025/05/29 00:00:00,448,13,34.46,極高,完整,以該測站 CODiS 2025 年月報表之降水量作為整理後月降雨量；降雨強度=月降水量/降水日數；未做鄉鎮推估。
C1E461,松安,署屬自動站,苗栗縣,泰安鄉,1325,120.986022,24.397972,雪霸國家公園二本松解說站旁,C1E461-2025.csv,中央氣象署 CODiS / 現存測站清單,https://codis.cwa.gov.tw/ ; https://hdps.cwa.gov.tw/static/state.html,2025,2025-06,06,,,,,,,,,332.5,18,50.5,2025/06/18 00:00:00,332.5,18,18.47,偏高,完整,以該測站 CODiS 2025 年月報表之降水量作為整理後月降雨量；降雨強度=月降水量/降水日數；未做鄉鎮推估。
C1E461,松安,署屬自動站,苗栗縣,泰安鄉,1325,120.986022,24.397972,雪霸國家公園二本松解說站旁,C1E461-2025.csv,中央氣象署 CODiS / 現存測站清單,https://codis.cwa.gov.tw/ ; https://hdps.cwa.gov.tw/static/state.html,2025,2025-07,07,,,,,,,,,523.0,23,136.5,2025/07/07 00:00:00,523,23,22.74,極高,完整,以該測站 CODiS 2025 年月報表之降水量作為整理後月降雨量；降雨強度=月降水量/降水日數；未做鄉鎮推估。
C1E461,松安,署屬自動站,苗栗縣,泰安鄉,1325,120.986022,24.397972,雪霸國家公園二本松解說站旁,C1E461-2025.csv,中央氣象署 CODiS / 現存測站清單,https://codis.cwa.gov.tw/ ; https://hdps.cwa.gov.tw/static/state.html,2025,2025-08,08,,,,,,,,,144.5,18,57.5,2025/08/03 00:00:00,144.5,18,8.03,中等,完整,以該測站 CODiS 2025 年月報表之降水量作為整理後月降雨量；降雨強度=月降水量/降水日數；未做鄉鎮推估。
C1E461,松安,署屬自動站,苗栗縣,泰安鄉,1325,120.986022,24.397972,雪霸國家公園二本松解說站旁,C1E461-2025.csv,中央氣象署 CODiS / 現存測站清單,https://codis.cwa.gov.tw/ ; https://hdps.cwa.gov.tw/static/state.html,2025,2025-09,09,,,,,,,,,176.0,15,72.0,2025/09/07 00:00:00,176,15,11.73,偏高,完整,以該測站 CODiS 2025 年月報表之降水量作為整理後月降雨量；降雨強度=月降水量/降水日數；未做鄉鎮推估。
C1E461,松安,署屬自動站,苗栗縣,泰安鄉,1325,120.986022,24.397972,雪霸國家公園二本松解說站旁,C1E461-2025.csv,中央氣象署 CODiS / 現存測站清單,https://codis.cwa.gov.tw/ ; https://hdps.cwa.gov.tw/static/state.html,2025,2025-10,10,,,,,,,,,31.5,4,17.5,2025/10/20 00:00:00,31.5,4,7.88,偏低,完整,以該測站 CODiS 2025 年月報表之降水量作為整理後月降雨量；降雨強度=月降水量/降水日數；未做鄉鎮推估。
C1E461,松安,署屬自動站,苗栗縣,泰安鄉,1325,120.986022,24.397972,雪霸國家公園二本松解說站旁,C1E461-2025.csv,中央氣象署 CODiS / 現存測站清單,https://codis.cwa.gov.tw/ ; https://hdps.cwa.gov.tw/static/state.html,2025,2025-11,11,,,,,,,,,11.0,6,4.0,2025/11/13 00:00:00,11,6,1.83,偏低,完整,以該測站 CODiS 2025 年月報表之降水量作為整理後月降雨量；降雨強度=月降水量/降水日數；未做鄉鎮推估。
C1E461,松安,署屬自動站,苗栗縣,泰安鄉,1325,120.986022,24.397972,雪霸國家公園二本松解說站旁,C1E461-2025.csv,中央氣象署 CODiS / 現存測站清單,https://codis.cwa.gov.tw/ ; https://hdps.cwa.gov.tw/static/state.html,2025,2025-12,12,,,,,,,,,13.5,4,6.5,2025/12/27 00:00:00,13.5,4,3.38,偏低,完整,以該測站 CODiS 2025 年月報表之降水量作為整理後月降雨量；降雨強度=月降水量/降水日數；未做鄉鎮推估。
C1E480,鳳美,署屬自動站,苗栗縣,南庄鄉,576,121.034747,24.554803,東河村24鄰石門1號(南庄往鹿場途中),C1E480-2025.csv,中央氣象署 CODiS / 現存測站清單,https://codis.cwa.gov.tw/ ; https://hdps.cwa.gov.tw/static/state.html,2025,2025-01,01,,,,,,,,,72.0,10,15.0,2025/01/31 00:00:00,72,10,7.20,中等,完整,以該測站 CODiS 2025 年月報表之降水量作為整理後月降雨量；降雨強度=月降水量/降水日數；未做鄉鎮推估。
C1E480,鳳美,署屬自動站,苗栗縣,南庄鄉,576,121.034747,24.554803,東河村24鄰石門1號(南庄往鹿場途中),C1E480-2025.csv,中央氣象署 CODiS / 現存測站清單,https://codis.cwa.gov.tw/ ; https://hdps.cwa.gov.tw/static/state.html,2025,2025-02,02,,,,,,,,,134.0,13,49.0,2025/02/12 00:00:00,134,13,10.31,中等,完整,以該測站 CODiS 2025 年月報表之降水量作為整理後月降雨量；降雨強度=月降水量/降水日數；未做鄉鎮推估。
C1E480,鳳美,署屬自動站,苗栗縣,南庄鄉,576,121.034747,24.554803,東河村24鄰石門1號(南庄往鹿場途中),C1E480-2025.csv,中央氣象署 CODiS / 現存測站清單,https://codis.cwa.gov.tw/ ; https://hdps.cwa.gov.tw/static/state.html,2025,2025-03,03,,,,,,,,,428.0,15,128.5,2025/03/04 00:00:00,428,15,28.53,極高,完整,以該測站 CODiS 2025 年月報表之降水量作為整理後月降雨量；降雨強度=月降水量/降水日數；未做鄉鎮推估。
C1E480,鳳美,署屬自動站,苗栗縣,南庄鄉,576,121.034747,24.554803,東河村24鄰石門1號(南庄往鹿場途中),C1E480-2025.csv,中央氣象署 CODiS / 現存測站清單,https://codis.cwa.gov.tw/ ; https://hdps.cwa.gov.tw/static/state.html,2025,2025-04,04,,,,,,,,,235.0,18,47.0,2025/04/12 00:00:00,235,18,13.06,偏高,完整,以該測站 CODiS 2025 年月報表之降水量作為整理後月降雨量；降雨強度=月降水量/降水日數；未做鄉鎮推估。
C1E480,鳳美,署屬自動站,苗栗縣,南庄鄉,576,121.034747,24.554803,東河村24鄰石門1號(南庄往鹿場途中),C1E480-2025.csv,中央氣象署 CODiS / 現存測站清單,https://codis.cwa.gov.tw/ ; https://hdps.cwa.gov.tw/static/state.html,2025,2025-05,05,,,,,,,,,417.5,14,93.0,2025/05/07 00:00:00,417.5,14,29.82,極高,完整,以該測站 CODiS 2025 年月報表之降水量作為整理後月降雨量；降雨強度=月降水量/降水日數；未做鄉鎮推估。
C1E480,鳳美,署屬自動站,苗栗縣,南庄鄉,576,121.034747,24.554803,東河村24鄰石門1號(南庄往鹿場途中),C1E480-2025.csv,中央氣象署 CODiS / 現存測站清單,https://codis.cwa.gov.tw/ ; https://hdps.cwa.gov.tw/static/state.html,2025,2025-06,06,,,,,,,,,223.0,17,48.0,2025/06/17 00:00:00,223,17,13.12,偏高,完整,以該測站 CODiS 2025 年月報表之降水量作為整理後月降雨量；降雨強度=月降水量/降水日數；未做鄉鎮推估。
C1E480,鳳美,署屬自動站,苗栗縣,南庄鄉,576,121.034747,24.554803,東河村24鄰石門1號(南庄往鹿場途中),C1E480-2025.csv,中央氣象署 CODiS / 現存測站清單,https://codis.cwa.gov.tw/ ; https://hdps.cwa.gov.tw/static/state.html,2025,2025-07,07,,,,,,,,,446.5,20,111.0,2025/07/25 00:00:00,446.5,20,22.32,極高,完整,以該測站 CODiS 2025 年月報表之降水量作為整理後月降雨量；降雨強度=月降水量/降水日數；未做鄉鎮推估。
C1E480,鳳美,署屬自動站,苗栗縣,南庄鄉,576,121.034747,24.554803,東河村24鄰石門1號(南庄往鹿場途中),C1E480-2025.csv,中央氣象署 CODiS / 現存測站清單,https://codis.cwa.gov.tw/ ; https://hdps.cwa.gov.tw/static/state.html,2025,2025-08,08,,,,,,,,,148.5,15,73.0,2025/08/20 00:00:00,148.5,15,9.90,中等,完整,以該測站 CODiS 2025 年月報表之降水量作為整理後月降雨量；降雨強度=月降水量/降水日數；未做鄉鎮推估。
C1E480,鳳美,署屬自動站,苗栗縣,南庄鄉,576,121.034747,24.554803,東河村24鄰石門1號(南庄往鹿場途中),C1E480-2025.csv,中央氣象署 CODiS / 現存測站清單,https://codis.cwa.gov.tw/ ; https://hdps.cwa.gov.tw/static/state.html,2025,2025-09,09,,,,,,,,,159.5,17,58.0,2025/09/07 00:00:00,159.5,17,9.38,偏高,完整,以該測站 CODiS 2025 年月報表之降水量作為整理後月降雨量；降雨強度=月降水量/降水日數；未做鄉鎮推估。
C1E480,鳳美,署屬自動站,苗栗縣,南庄鄉,576,121.034747,24.554803,東河村24鄰石門1號(南庄往鹿場途中),C1E480-2025.csv,中央氣象署 CODiS / 現存測站清單,https://codis.cwa.gov.tw/ ; https://hdps.cwa.gov.tw/static/state.html,2025,2025-10,10,,,,,,,,,115.5,8,53.0,2025/10/20 00:00:00,115.5,8,14.44,中等,完整,以該測站 CODiS 2025 年月報表之降水量作為整理後月降雨量；降雨強度=月降水量/降水日數；未做鄉鎮推估。
C1E480,鳳美,署屬自動站,苗栗縣,南庄鄉,576,121.034747,24.554803,東河村24鄰石門1號(南庄往鹿場途中),C1E480-2025.csv,中央氣象署 CODiS / 現存測站清單,https://codis.cwa.gov.tw/ ; https://hdps.cwa.gov.tw/static/state.html,2025,2025-11,11,,,,,,,,,18.0,8,7.0,2025/11/03 00:00:00,18,8,2.25,偏低,完整,以該測站 CODiS 2025 年月報表之降水量作為整理後月降雨量；降雨強度=月降水量/降水日數；未做鄉鎮推估。
C1E480,鳳美,署屬自動站,苗栗縣,南庄鄉,576,121.034747,24.554803,東河村24鄰石門1號(南庄往鹿場途中),C1E480-2025.csv,中央氣象署 CODiS / 現存測站清單,https://codis.cwa.gov.tw/ ; https://hdps.cwa.gov.tw/static/state.html,2025,2025-12,12,,,,,,,,,15.0,5,4.5,2025/12/01 00:00:00,15,5,3,偏低,完整,以該測站 CODiS 2025 年月報表之降水量作為整理後月降雨量；降雨強度=月降水量/降水日數；未做鄉鎮推估。
C1E511,新開,署屬自動站,苗栗縣,大湖鄉,326,120.827019,24.347703,新開村新開4鄰20號旁,C1E511-2025.csv,中央氣象署 CODiS / 現存測站清單,https://codis.cwa.gov.tw/ ; https://hdps.cwa.gov.tw/static/state.html,2025,2025-01,01,,,,,,,,,0.0,0,0.0,2025/01/12 00:00:00,0,0,,偏低,完整,以該測站 CODiS 2025 年月報表之降水量作為整理後月降雨量；降雨強度=月降水量/降水日數；未做鄉鎮推估。
C1E511,新開,署屬自動站,苗栗縣,大湖鄉,326,120.827019,24.347703,新開村新開4鄰20號旁,C1E511-2025.csv,中央氣象署 CODiS / 現存測站清單,https://codis.cwa.gov.tw/ ; https://hdps.cwa.gov.tw/static/state.html,2025,2025-02,02,,,,,,,,,0.0,0,0.0,2025/02/01 00:00:00,0,0,,偏低,完整,以該測站 CODiS 2025 年月報表之降水量作為整理後月降雨量；降雨強度=月降水量/降水日數；未做鄉鎮推估。
C1E511,新開,署屬自動站,苗栗縣,大湖鄉,326,120.827019,24.347703,新開村新開4鄰20號旁,C1E511-2025.csv,中央氣象署 CODiS / 現存測站清單,https://codis.cwa.gov.tw/ ; https://hdps.cwa.gov.tw/static/state.html,2025,2025-03,03,,,,,,,,,0.0,0,0.0,2025/03/01 00:00:00,0,0,,偏低,完整,以該測站 CODiS 2025 年月報表之降水量作為整理後月降雨量；降雨強度=月降水量/降水日數；未做鄉鎮推估。
C1E511,新開,署屬自動站,苗栗縣,大湖鄉,326,120.827019,24.347703,新開村新開4鄰20號旁,C1E511-2025.csv,中央氣象署 CODiS / 現存測站清單,https://codis.cwa.gov.tw/ ; https://hdps.cwa.gov.tw/static/state.html,2025,2025-04,04,,,,,,,,,0.0,0,0.0,2025/04/01 00:00:00,0,0,,偏低,完整,以該測站 CODiS 2025 年月報表之降水量作為整理後月降雨量；降雨強度=月降水量/降水日數；未做鄉鎮推估。
C1E511,新開,署屬自動站,苗栗縣,大湖鄉,326,120.827019,24.347703,新開村新開4鄰20號旁,C1E511-2025.csv,中央氣象署 CODiS / 現存測站清單,https://codis.cwa.gov.tw/ ; https://hdps.cwa.gov.tw/static/state.html,2025,2025-05,05,,,,,,,,,0.0,0,0.0,2025/05/01 00:00:00,0,0,,偏低,完整,以該測站 CODiS 2025 年月報表之降水量作為整理後月降雨量；降雨強度=月降水量/降水日數；未做鄉鎮推估。
C1E511,新開,署屬自動站,苗栗縣,大湖鄉,326,120.827019,24.347703,新開村新開4鄰20號旁,C1E511-2025.csv,中央氣象署 CODiS / 現存測站清單,https://codis.cwa.gov.tw/ ; https://hdps.cwa.gov.tw/static/state.html,2025,2025-06,06,,,,,,,,,0.0,0,0.0,2025/06/01 00:00:00,0,0,,偏低,完整,以該測站 CODiS 2025 年月報表之降水量作為整理後月降雨量；降雨強度=月降水量/降水日數；未做鄉鎮推估。
C1E511,新開,署屬自動站,苗栗縣,大湖鄉,326,120.827019,24.347703,新開村新開4鄰20號旁,C1E511-2025.csv,中央氣象署 CODiS / 現存測站清單,https://codis.cwa.gov.tw/ ; https://hdps.cwa.gov.tw/static/state.html,2025,2025-07,07,,,,,,,,,404.0,14,101.0,2025/07/31 00:00:00,404,14,28.86,極高,完整,以該測站 CODiS 2025 年月報表之降水量作為整理後月降雨量；降雨強度=月降水量/降水日數；未做鄉鎮推估。
C1E511,新開,署屬自動站,苗栗縣,大湖鄉,326,120.827019,24.347703,新開村新開4鄰20號旁,C1E511-2025.csv,中央氣象署 CODiS / 現存測站清單,https://codis.cwa.gov.tw/ ; https://hdps.cwa.gov.tw/static/state.html,2025,2025-08,08,,,,,,,,,335.5,11,93.5,2025/08/20 00:00:00,335.5,11,30.50,偏高,完整,以該測站 CODiS 2025 年月報表之降水量作為整理後月降雨量；降雨強度=月降水量/降水日數；未做鄉鎮推估。
C1E511,新開,署屬自動站,苗栗縣,大湖鄉,326,120.827019,24.347703,新開村新開4鄰20號旁,C1E511-2025.csv,中央氣象署 CODiS / 現存測站清單,https://codis.cwa.gov.tw/ ; https://hdps.cwa.gov.tw/static/state.html,2025,2025-09,09,,,,,,,,,293.5,13,155.5,2025/09/07 00:00:00,293.5,13,22.58,偏高,完整,以該測站 CODiS 2025 年月報表之降水量作為整理後月降雨量；降雨強度=月降水量/降水日數；未做鄉鎮推估。
C1E511,新開,署屬自動站,苗栗縣,大湖鄉,326,120.827019,24.347703,新開村新開4鄰20號旁,C1E511-2025.csv,中央氣象署 CODiS / 現存測站清單,https://codis.cwa.gov.tw/ ; https://hdps.cwa.gov.tw/static/state.html,2025,2025-10,10,,,,,,,,,20.5,2,10.5,2025/10/20 00:00:00,20.5,2,10.25,偏低,完整,以該測站 CODiS 2025 年月報表之降水量作為整理後月降雨量；降雨強度=月降水量/降水日數；未做鄉鎮推估。
C1E511,新開,署屬自動站,苗栗縣,大湖鄉,326,120.827019,24.347703,新開村新開4鄰20號旁,C1E511-2025.csv,中央氣象署 CODiS / 現存測站清單,https://codis.cwa.gov.tw/ ; https://hdps.cwa.gov.tw/static/state.html,2025,2025-11,11,,,,,,,,,4.5,5,2.0,2025/11/13 00:00:00,4.5,5,0.90,偏低,完整,以該測站 CODiS 2025 年月報表之降水量作為整理後月降雨量；降雨強度=月降水量/降水日數；未做鄉鎮推估。
C1E511,新開,署屬自動站,苗栗縣,大湖鄉,326,120.827019,24.347703,新開村新開4鄰20號旁,C1E511-2025.csv,中央氣象署 CODiS / 現存測站清單,https://codis.cwa.gov.tw/ ; https://hdps.cwa.gov.tw/static/state.html,2025,2025-12,12,,,,,,,,,5.0,3,2.5,2025/12/27 00:00:00,5,3,1.67,偏低,完整,以該測站 CODiS 2025 年月報表之降水量作為整理後月降雨量；降雨強度=月降水量/降水日數；未做鄉鎮推估。
C1E601,南勢,署屬自動站,苗栗縣,後龍鎮,125,120.734842,24.572486,南港里南勢山,C1E601-2025.csv,中央氣象署 CODiS / 現存測站清單,https://codis.cwa.gov.tw/ ; https://hdps.cwa.gov.tw/static/state.html,2025,2025-01,01,,,,,,,,,19.5,9,5.5,2025/01/02 00:00:00,19.5,9,2.17,偏低,完整,以該測站 CODiS 2025 年月報表之降水量作為整理後月降雨量；降雨強度=月降水量/降水日數；未做鄉鎮推估。
C1E601,南勢,署屬自動站,苗栗縣,後龍鎮,125,120.734842,24.572486,南港里南勢山,C1E601-2025.csv,中央氣象署 CODiS / 現存測站清單,https://codis.cwa.gov.tw/ ; https://hdps.cwa.gov.tw/static/state.html,2025,2025-02,02,,,,,,,,,52.5,7,27.0,2025/02/13 00:00:00,52.5,7,7.50,中等,完整,以該測站 CODiS 2025 年月報表之降水量作為整理後月降雨量；降雨強度=月降水量/降水日數；未做鄉鎮推估。
C1E601,南勢,署屬自動站,苗栗縣,後龍鎮,125,120.734842,24.572486,南港里南勢山,C1E601-2025.csv,中央氣象署 CODiS / 現存測站清單,https://codis.cwa.gov.tw/ ; https://hdps.cwa.gov.tw/static/state.html,2025,2025-03,03,,,,,,,,,229.0,11,65.5,2025/03/04 00:00:00,229,11,20.82,偏高,完整,以該測站 CODiS 2025 年月報表之降水量作為整理後月降雨量；降雨強度=月降水量/降水日數；未做鄉鎮推估。
C1E601,南勢,署屬自動站,苗栗縣,後龍鎮,125,120.734842,24.572486,南港里南勢山,C1E601-2025.csv,中央氣象署 CODiS / 現存測站清單,https://codis.cwa.gov.tw/ ; https://hdps.cwa.gov.tw/static/state.html,2025,2025-04,04,,,,,,,,,139.0,13,51.0,2025/04/12 00:00:00,139,13,10.69,中等,完整,以該測站 CODiS 2025 年月報表之降水量作為整理後月降雨量；降雨強度=月降水量/降水日數；未做鄉鎮推估。
C1E601,南勢,署屬自動站,苗栗縣,後龍鎮,125,120.734842,24.572486,南港里南勢山,C1E601-2025.csv,中央氣象署 CODiS / 現存測站清單,https://codis.cwa.gov.tw/ ; https://hdps.cwa.gov.tw/static/state.html,2025,2025-05,05,,,,,,,,,268.0,10,72.5,2025/05/07 00:00:00,268,10,26.80,偏高,完整,以該測站 CODiS 2025 年月報表之降水量作為整理後月降雨量；降雨強度=月降水量/降水日數；未做鄉鎮推估。
C1E601,南勢,署屬自動站,苗栗縣,後龍鎮,125,120.734842,24.572486,南港里南勢山,C1E601-2025.csv,中央氣象署 CODiS / 現存測站清單,https://codis.cwa.gov.tw/ ; https://hdps.cwa.gov.tw/static/state.html,2025,2025-06,06,,,,,,,,,73.5,10,14.5,2025/06/13 00:00:00,73.5,10,7.35,中等,完整,以該測站 CODiS 2025 年月報表之降水量作為整理後月降雨量；降雨強度=月降水量/降水日數；未做鄉鎮推估。
C1E601,南勢,署屬自動站,苗栗縣,後龍鎮,125,120.734842,24.572486,南港里南勢山,C1E601-2025.csv,中央氣象署 CODiS / 現存測站清單,https://codis.cwa.gov.tw/ ; https://hdps.cwa.gov.tw/static/state.html,2025,2025-07,07,,,,,,,,,605.5,17,297.5,2025/07/09 00:00:00,605.5,17,35.62,極高,完整,以該測站 CODiS 2025 年月報表之降水量作為整理後月降雨量；降雨強度=月降水量/降水日數；未做鄉鎮推估。
C1E601,南勢,署屬自動站,苗栗縣,後龍鎮,125,120.734842,24.572486,南港里南勢山,C1E601-2025.csv,中央氣象署 CODiS / 現存測站清單,https://codis.cwa.gov.tw/ ; https://hdps.cwa.gov.tw/static/state.html,2025,2025-08,08,,,,,,,,,51.5,7,16.0,2025/08/03 00:00:00,51.5,7,7.36,中等,完整,以該測站 CODiS 2025 年月報表之降水量作為整理後月降雨量；降雨強度=月降水量/降水日數；未做鄉鎮推估。
C1E601,南勢,署屬自動站,苗栗縣,後龍鎮,125,120.734842,24.572486,南港里南勢山,C1E601-2025.csv,中央氣象署 CODiS / 現存測站清單,https://codis.cwa.gov.tw/ ; https://hdps.cwa.gov.tw/static/state.html,2025,2025-09,09,,,,,,,,,70.5,6,41.5,2025/09/07 00:00:00,70.5,6,11.75,中等,完整,以該測站 CODiS 2025 年月報表之降水量作為整理後月降雨量；降雨強度=月降水量/降水日數；未做鄉鎮推估。
C1E601,南勢,署屬自動站,苗栗縣,後龍鎮,125,120.734842,24.572486,南港里南勢山,C1E601-2025.csv,中央氣象署 CODiS / 現存測站清單,https://codis.cwa.gov.tw/ ; https://hdps.cwa.gov.tw/static/state.html,2025,2025-10,10,,,,,,,,,29.5,5,12.0,2025/10/20 00:00:00,29.5,5,5.90,偏低,完整,以該測站 CODiS 2025 年月報表之降水量作為整理後月降雨量；降雨強度=月降水量/降水日數；未做鄉鎮推估。
C1E601,南勢,署屬自動站,苗栗縣,後龍鎮,125,120.734842,24.572486,南港里南勢山,C1E601-2025.csv,中央氣象署 CODiS / 現存測站清單,https://codis.cwa.gov.tw/ ; https://hdps.cwa.gov.tw/static/state.html,2025,2025-11,11,,,,,,,,,27.5,4,14.0,2025/11/13 00:00:00,27.5,4,6.88,偏低,完整,以該測站 CODiS 2025 年月報表之降水量作為整理後月降雨量；降雨強度=月降水量/降水日數；未做鄉鎮推估。
C1E601,南勢,署屬自動站,苗栗縣,後龍鎮,125,120.734842,24.572486,南港里南勢山,C1E601-2025.csv,中央氣象署 CODiS / 現存測站清單,https://codis.cwa.gov.tw/ ; https://hdps.cwa.gov.tw/static/state.html,2025,2025-12,12,,,,,,,,,1.5,3,0.5,2025/12/01 00:00:00,1.5,3,0.50,偏低,完整,以該測站 CODiS 2025 年月報表之降水量作為整理後月降雨量；降雨強度=月降水量/降水日數；未做鄉鎮推估。
C1E670,南礦,署屬自動站,苗栗縣,南庄鄉,1209,121.002836,24.538278,蓬萊林道末端(南庄事業區18林班地),C1E670-2025.csv,中央氣象署 CODiS / 現存測站清單,https://codis.cwa.gov.tw/ ; https://hdps.cwa.gov.tw/static/state.html,2025,2025-01,01,,,,,,,,,70.0,10,15.0,2025/01/31 00:00:00,70,10,7,中等,完整,以該測站 CODiS 2025 年月報表之降水量作為整理後月降雨量；降雨強度=月降水量/降水日數；未做鄉鎮推估。
C1E670,南礦,署屬自動站,苗栗縣,南庄鄉,1209,121.002836,24.538278,蓬萊林道末端(南庄事業區18林班地),C1E670-2025.csv,中央氣象署 CODiS / 現存測站清單,https://codis.cwa.gov.tw/ ; https://hdps.cwa.gov.tw/static/state.html,2025,2025-02,02,,,,,,,,,134.0,11,49.5,2025/02/12 00:00:00,134,11,12.18,中等,完整,以該測站 CODiS 2025 年月報表之降水量作為整理後月降雨量；降雨強度=月降水量/降水日數；未做鄉鎮推估。
C1E670,南礦,署屬自動站,苗栗縣,南庄鄉,1209,121.002836,24.538278,蓬萊林道末端(南庄事業區18林班地),C1E670-2025.csv,中央氣象署 CODiS / 現存測站清單,https://codis.cwa.gov.tw/ ; https://hdps.cwa.gov.tw/static/state.html,2025,2025-03,03,,,,,,,,,374.0,13,85.0,2025/03/04 00:00:00,374,13,28.77,極高,完整,以該測站 CODiS 2025 年月報表之降水量作為整理後月降雨量；降雨強度=月降水量/降水日數；未做鄉鎮推估。
C1E670,南礦,署屬自動站,苗栗縣,南庄鄉,1209,121.002836,24.538278,蓬萊林道末端(南庄事業區18林班地),C1E670-2025.csv,中央氣象署 CODiS / 現存測站清單,https://codis.cwa.gov.tw/ ; https://hdps.cwa.gov.tw/static/state.html,2025,2025-04,04,,,,,,,,,214.0,17,43.0,2025/04/12 00:00:00,214,17,12.59,偏高,完整,以該測站 CODiS 2025 年月報表之降水量作為整理後月降雨量；降雨強度=月降水量/降水日數；未做鄉鎮推估。
C1E670,南礦,署屬自動站,苗栗縣,南庄鄉,1209,121.002836,24.538278,蓬萊林道末端(南庄事業區18林班地),C1E670-2025.csv,中央氣象署 CODiS / 現存測站清單,https://codis.cwa.gov.tw/ ; https://hdps.cwa.gov.tw/static/state.html,2025,2025-05,05,,,,,,,,,454.5,13,97.5,2025/05/07 00:00:00,454.5,13,34.96,極高,完整,以該測站 CODiS 2025 年月報表之降水量作為整理後月降雨量；降雨強度=月降水量/降水日數；未做鄉鎮推估。
C1E670,南礦,署屬自動站,苗栗縣,南庄鄉,1209,121.002836,24.538278,蓬萊林道末端(南庄事業區18林班地),C1E670-2025.csv,中央氣象署 CODiS / 現存測站清單,https://codis.cwa.gov.tw/ ; https://hdps.cwa.gov.tw/static/state.html,2025,2025-06,06,,,,,,,,,341.5,19,84.5,2025/06/18 00:00:00,341.5,19,17.97,偏高,完整,以該測站 CODiS 2025 年月報表之降水量作為整理後月降雨量；降雨強度=月降水量/降水日數；未做鄉鎮推估。
C1E670,南礦,署屬自動站,苗栗縣,南庄鄉,1209,121.002836,24.538278,蓬萊林道末端(南庄事業區18林班地),C1E670-2025.csv,中央氣象署 CODiS / 現存測站清單,https://codis.cwa.gov.tw/ ; https://hdps.cwa.gov.tw/static/state.html,2025,2025-07,07,,,,,,,,,547.0,22,131.0,2025/07/25 00:00:00,547,22,24.86,極高,完整,以該測站 CODiS 2025 年月報表之降水量作為整理後月降雨量；降雨強度=月降水量/降水日數；未做鄉鎮推估。
C1E670,南礦,署屬自動站,苗栗縣,南庄鄉,1209,121.002836,24.538278,蓬萊林道末端(南庄事業區18林班地),C1E670-2025.csv,中央氣象署 CODiS / 現存測站清單,https://codis.cwa.gov.tw/ ; https://hdps.cwa.gov.tw/static/state.html,2025,2025-08,08,,,,,,,,,165.0,14,50.5,2025/08/20 00:00:00,165,14,11.79,偏高,完整,以該測站 CODiS 2025 年月報表之降水量作為整理後月降雨量；降雨強度=月降水量/降水日數；未做鄉鎮推估。
C1E670,南礦,署屬自動站,苗栗縣,南庄鄉,1209,121.002836,24.538278,蓬萊林道末端(南庄事業區18林班地),C1E670-2025.csv,中央氣象署 CODiS / 現存測站清單,https://codis.cwa.gov.tw/ ; https://hdps.cwa.gov.tw/static/state.html,2025,2025-09,09,,,,,,,,,226.5,17,74.5,2025/09/07 00:00:00,226.5,17,13.32,偏高,完整,以該測站 CODiS 2025 年月報表之降水量作為整理後月降雨量；降雨強度=月降水量/降水日數；未做鄉鎮推估。
C1E670,南礦,署屬自動站,苗栗縣,南庄鄉,1209,121.002836,24.538278,蓬萊林道末端(南庄事業區18林班地),C1E670-2025.csv,中央氣象署 CODiS / 現存測站清單,https://codis.cwa.gov.tw/ ; https://hdps.cwa.gov.tw/static/state.html,2025,2025-10,10,,,,,,,,,96.0,10,32.0,2025/10/20 00:00:00,96,10,9.60,中等,完整,以該測站 CODiS 2025 年月報表之降水量作為整理後月降雨量；降雨強度=月降水量/降水日數；未做鄉鎮推估。
C1E670,南礦,署屬自動站,苗栗縣,南庄鄉,1209,121.002836,24.538278,蓬萊林道末端(南庄事業區18林班地),C1E670-2025.csv,中央氣象署 CODiS / 現存測站清單,https://codis.cwa.gov.tw/ ; https://hdps.cwa.gov.tw/static/state.html,2025,2025-11,11,,,,,,,,,28.5,12,11.5,2025/11/13 00:00:00,28.5,12,2.38,偏低,完整,以該測站 CODiS 2025 年月報表之降水量作為整理後月降雨量；降雨強度=月降水量/降水日數；未做鄉鎮推估。
C1E670,南礦,署屬自動站,苗栗縣,南庄鄉,1209,121.002836,24.538278,蓬萊林道末端(南庄事業區18林班地),C1E670-2025.csv,中央氣象署 CODiS / 現存測站清單,https://codis.cwa.gov.tw/ ; https://hdps.cwa.gov.tw/static/state.html,2025,2025-12,12,,,,,,,,,6.5,4,4.0,2025/12/01 00:00:00,6.5,4,1.62,偏低,完整,以該測站 CODiS 2025 年月報表之降水量作為整理後月降雨量；降雨強度=月降水量/降水日數；未做鄉鎮推估。
C1E681,南勢山,署屬自動站,苗栗縣,泰安鄉,977,120.923831,24.421669,大興村(從泰安國小進入站址車程約10分鐘),C1E681-2025.csv,中央氣象署 CODiS / 現存測站清單,https://codis.cwa.gov.tw/ ; https://hdps.cwa.gov.tw/static/state.html,2025,2025-01,01,,,,,,,,,43.5,9,10.5,2025/01/15 00:00:00,43.5,9,4.83,偏低,完整,以該測站 CODiS 2025 年月報表之降水量作為整理後月降雨量；降雨強度=月降水量/降水日數；未做鄉鎮推估。
C1E681,南勢山,署屬自動站,苗栗縣,泰安鄉,977,120.923831,24.421669,大興村(從泰安國小進入站址車程約10分鐘),C1E681-2025.csv,中央氣象署 CODiS / 現存測站清單,https://codis.cwa.gov.tw/ ; https://hdps.cwa.gov.tw/static/state.html,2025,2025-02,02,,,,,,,,,89.5,10,43.5,2025/02/13 00:00:00,89.5,10,8.95,中等,完整,以該測站 CODiS 2025 年月報表之降水量作為整理後月降雨量；降雨強度=月降水量/降水日數；未做鄉鎮推估。
C1E681,南勢山,署屬自動站,苗栗縣,泰安鄉,977,120.923831,24.421669,大興村(從泰安國小進入站址車程約10分鐘),C1E681-2025.csv,中央氣象署 CODiS / 現存測站清單,https://codis.cwa.gov.tw/ ; https://hdps.cwa.gov.tw/static/state.html,2025,2025-03,03,,,,,,,,,253.5,13,58.0,2025/03/04 00:00:00,253.5,13,19.50,偏高,完整,以該測站 CODiS 2025 年月報表之降水量作為整理後月降雨量；降雨強度=月降水量/降水日數；未做鄉鎮推估。
C1E681,南勢山,署屬自動站,苗栗縣,泰安鄉,977,120.923831,24.421669,大興村(從泰安國小進入站址車程約10分鐘),C1E681-2025.csv,中央氣象署 CODiS / 現存測站清單,https://codis.cwa.gov.tw/ ; https://hdps.cwa.gov.tw/static/state.html,2025,2025-04,04,,,,,,,,,146.5,14,46.0,2025/04/12 00:00:00,146.5,14,10.46,中等,完整,以該測站 CODiS 2025 年月報表之降水量作為整理後月降雨量；降雨強度=月降水量/降水日數；未做鄉鎮推估。
C1E681,南勢山,署屬自動站,苗栗縣,泰安鄉,977,120.923831,24.421669,大興村(從泰安國小進入站址車程約10分鐘),C1E681-2025.csv,中央氣象署 CODiS / 現存測站清單,https://codis.cwa.gov.tw/ ; https://hdps.cwa.gov.tw/static/state.html,2025,2025-05,05,,,,,,,,,348.0,12,101.0,2025/05/29 00:00:00,348,12,29,偏高,完整,以該測站 CODiS 2025 年月報表之降水量作為整理後月降雨量；降雨強度=月降水量/降水日數；未做鄉鎮推估。
C1E681,南勢山,署屬自動站,苗栗縣,泰安鄉,977,120.923831,24.421669,大興村(從泰安國小進入站址車程約10分鐘),C1E681-2025.csv,中央氣象署 CODiS / 現存測站清單,https://codis.cwa.gov.tw/ ; https://hdps.cwa.gov.tw/static/state.html,2025,2025-06,06,,,,,,,,,195.5,17,44.0,2025/06/29 00:00:00,195.5,17,11.50,偏高,完整,以該測站 CODiS 2025 年月報表之降水量作為整理後月降雨量；降雨強度=月降水量/降水日數；未做鄉鎮推估。
C1E681,南勢山,署屬自動站,苗栗縣,泰安鄉,977,120.923831,24.421669,大興村(從泰安國小進入站址車程約10分鐘),C1E681-2025.csv,中央氣象署 CODiS / 現存測站清單,https://codis.cwa.gov.tw/ ; https://hdps.cwa.gov.tw/static/state.html,2025,2025-07,07,,,,,,,,,525.0,22,105.5,2025/07/07 00:00:00,525,22,23.86,極高,完整,以該測站 CODiS 2025 年月報表之降水量作為整理後月降雨量；降雨強度=月降水量/降水日數；未做鄉鎮推估。
C1E681,南勢山,署屬自動站,苗栗縣,泰安鄉,977,120.923831,24.421669,大興村(從泰安國小進入站址車程約10分鐘),C1E681-2025.csv,中央氣象署 CODiS / 現存測站清單,https://codis.cwa.gov.tw/ ; https://hdps.cwa.gov.tw/static/state.html,2025,2025-08,08,,,,,,,,,176.5,11,55.0,2025/08/03 00:00:00,176.5,11,16.05,偏高,完整,以該測站 CODiS 2025 年月報表之降水量作為整理後月降雨量；降雨強度=月降水量/降水日數；未做鄉鎮推估。
C1E681,南勢山,署屬自動站,苗栗縣,泰安鄉,977,120.923831,24.421669,大興村(從泰安國小進入站址車程約10分鐘),C1E681-2025.csv,中央氣象署 CODiS / 現存測站清單,https://codis.cwa.gov.tw/ ; https://hdps.cwa.gov.tw/static/state.html,2025,2025-09,09,,,,,,,,,245.5,17,98.0,2025/09/07 00:00:00,245.5,17,14.44,偏高,完整,以該測站 CODiS 2025 年月報表之降水量作為整理後月降雨量；降雨強度=月降水量/降水日數；未做鄉鎮推估。
C1E681,南勢山,署屬自動站,苗栗縣,泰安鄉,977,120.923831,24.421669,大興村(從泰安國小進入站址車程約10分鐘),C1E681-2025.csv,中央氣象署 CODiS / 現存測站清單,https://codis.cwa.gov.tw/ ; https://hdps.cwa.gov.tw/static/state.html,2025,2025-10,10,,,,,,,,,42.0,4,21.0,2025/10/28 00:00:00,42,4,10.50,偏低,完整,以該測站 CODiS 2025 年月報表之降水量作為整理後月降雨量；降雨強度=月降水量/降水日數；未做鄉鎮推估。
C1E681,南勢山,署屬自動站,苗栗縣,泰安鄉,977,120.923831,24.421669,大興村(從泰安國小進入站址車程約10分鐘),C1E681-2025.csv,中央氣象署 CODiS / 現存測站清單,https://codis.cwa.gov.tw/ ; https://hdps.cwa.gov.tw/static/state.html,2025,2025-11,11,,,,,,,,,8.5,7,3.5,2025/11/13 00:00:00,8.5,7,1.21,偏低,完整,以該測站 CODiS 2025 年月報表之降水量作為整理後月降雨量；降雨強度=月降水量/降水日數；未做鄉鎮推估。
C1E681,南勢山,署屬自動站,苗栗縣,泰安鄉,977,120.923831,24.421669,大興村(從泰安國小進入站址車程約10分鐘),C1E681-2025.csv,中央氣象署 CODiS / 現存測站清單,https://codis.cwa.gov.tw/ ; https://hdps.cwa.gov.tw/static/state.html,2025,2025-12,12,,,,,,,,,13.0,3,8.0,2025/12/01 00:00:00,13,3,4.33,偏低,完整,以該測站 CODiS 2025 年月報表之降水量作為整理後月降雨量；降雨強度=月降水量/降水日數；未做鄉鎮推估。
C1E691,南湖,署屬自動站,苗栗縣,大湖鄉,786,120.837533,24.40135,位於南湖台3線135k處之吊樑道山上,C1E691-2025.csv,中央氣象署 CODiS / 現存測站清單,https://codis.cwa.gov.tw/ ; https://hdps.cwa.gov.tw/static/state.html,2025,2025-01,01,,,,,,,,,25.0,6,5.5,2025/01/02 00:00:00,25,6,4.17,偏低,完整,以該測站 CODiS 2025 年月報表之降水量作為整理後月降雨量；降雨強度=月降水量/降水日數；未做鄉鎮推估。
C1E691,南湖,署屬自動站,苗栗縣,大湖鄉,786,120.837533,24.40135,位於南湖台3線135k處之吊樑道山上,C1E691-2025.csv,中央氣象署 CODiS / 現存測站清單,https://codis.cwa.gov.tw/ ; https://hdps.cwa.gov.tw/static/state.html,2025,2025-02,02,,,,,,,,,79.0,7,36.5,2025/02/13 00:00:00,79,7,11.29,中等,完整,以該測站 CODiS 2025 年月報表之降水量作為整理後月降雨量；降雨強度=月降水量/降水日數；未做鄉鎮推估。
C1E691,南湖,署屬自動站,苗栗縣,大湖鄉,786,120.837533,24.40135,位於南湖台3線135k處之吊樑道山上,C1E691-2025.csv,中央氣象署 CODiS / 現存測站清單,https://codis.cwa.gov.tw/ ; https://hdps.cwa.gov.tw/static/state.html,2025,2025-03,03,,,,,,,,,187.0,12,52.5,2025/03/04 00:00:00,187,12,15.58,偏高,完整,以該測站 CODiS 2025 年月報表之降水量作為整理後月降雨量；降雨強度=月降水量/降水日數；未做鄉鎮推估。
C1E691,南湖,署屬自動站,苗栗縣,大湖鄉,786,120.837533,24.40135,位於南湖台3線135k處之吊樑道山上,C1E691-2025.csv,中央氣象署 CODiS / 現存測站清單,https://codis.cwa.gov.tw/ ; https://hdps.cwa.gov.tw/static/state.html,2025,2025-04,04,,,,,,,,,108.5,14,52.0,2025/04/12 00:00:00,108.5,14,7.75,中等,完整,以該測站 CODiS 2025 年月報表之降水量作為整理後月降雨量；降雨強度=月降水量/降水日數；未做鄉鎮推估。
C1E691,南湖,署屬自動站,苗栗縣,大湖鄉,786,120.837533,24.40135,位於南湖台3線135k處之吊樑道山上,C1E691-2025.csv,中央氣象署 CODiS / 現存測站清單,https://codis.cwa.gov.tw/ ; https://hdps.cwa.gov.tw/static/state.html,2025,2025-05,05,,,,,,,,,343.0,12,88.5,2025/05/29 00:00:00,343,12,28.58,偏高,完整,以該測站 CODiS 2025 年月報表之降水量作為整理後月降雨量；降雨強度=月降水量/降水日數；未做鄉鎮推估。
C1E691,南湖,署屬自動站,苗栗縣,大湖鄉,786,120.837533,24.40135,位於南湖台3線135k處之吊樑道山上,C1E691-2025.csv,中央氣象署 CODiS / 現存測站清單,https://codis.cwa.gov.tw/ ; https://hdps.cwa.gov.tw/static/state.html,2025,2025-06,06,,,,,,,,,153.5,12,42.0,2025/06/05 00:00:00,153.5,12,12.79,偏高,完整,以該測站 CODiS 2025 年月報表之降水量作為整理後月降雨量；降雨強度=月降水量/降水日數；未做鄉鎮推估。
C1E691,南湖,署屬自動站,苗栗縣,大湖鄉,786,120.837533,24.40135,位於南湖台3線135k處之吊樑道山上,C1E691-2025.csv,中央氣象署 CODiS / 現存測站清單,https://codis.cwa.gov.tw/ ; https://hdps.cwa.gov.tw/static/state.html,2025,2025-07,07,,,,,,,,,461.5,20,100.0,2025/07/07 00:00:00,461.5,20,23.07,極高,完整,以該測站 CODiS 2025 年月報表之降水量作為整理後月降雨量；降雨強度=月降水量/降水日數；未做鄉鎮推估。
C1E691,南湖,署屬自動站,苗栗縣,大湖鄉,786,120.837533,24.40135,位於南湖台3線135k處之吊樑道山上,C1E691-2025.csv,中央氣象署 CODiS / 現存測站清單,https://codis.cwa.gov.tw/ ; https://hdps.cwa.gov.tw/static/state.html,2025,2025-08,08,,,,,,,,,166.5,9,52.5,2025/08/03 00:00:00,166.5,9,18.50,偏高,完整,以該測站 CODiS 2025 年月報表之降水量作為整理後月降雨量；降雨強度=月降水量/降水日數；未做鄉鎮推估。
C1E691,南湖,署屬自動站,苗栗縣,大湖鄉,786,120.837533,24.40135,位於南湖台3線135k處之吊樑道山上,C1E691-2025.csv,中央氣象署 CODiS / 現存測站清單,https://codis.cwa.gov.tw/ ; https://hdps.cwa.gov.tw/static/state.html,2025,2025-09,09,,,,,,,,,309.5,12,153.5,2025/09/07 00:00:00,309.5,12,25.79,偏高,完整,以該測站 CODiS 2025 年月報表之降水量作為整理後月降雨量；降雨強度=月降水量/降水日數；未做鄉鎮推估。
C1E691,南湖,署屬自動站,苗栗縣,大湖鄉,786,120.837533,24.40135,位於南湖台3線135k處之吊樑道山上,C1E691-2025.csv,中央氣象署 CODiS / 現存測站清單,https://codis.cwa.gov.tw/ ; https://hdps.cwa.gov.tw/static/state.html,2025,2025-10,10,,,,,,,,,37.0,5,22.5,2025/10/28 00:00:00,37,5,7.40,偏低,完整,以該測站 CODiS 2025 年月報表之降水量作為整理後月降雨量；降雨強度=月降水量/降水日數；未做鄉鎮推估。
C1E691,南湖,署屬自動站,苗栗縣,大湖鄉,786,120.837533,24.40135,位於南湖台3線135k處之吊樑道山上,C1E691-2025.csv,中央氣象署 CODiS / 現存測站清單,https://codis.cwa.gov.tw/ ; https://hdps.cwa.gov.tw/static/state.html,2025,2025-11,11,,,,,,,,,10.0,5,4.0,2025/11/12 00:00:00,10,5,2,偏低,完整,以該測站 CODiS 2025 年月報表之降水量作為整理後月降雨量；降雨強度=月降水量/降水日數；未做鄉鎮推估。
C1E691,南湖,署屬自動站,苗栗縣,大湖鄉,786,120.837533,24.40135,位於南湖台3線135k處之吊樑道山上,C1E691-2025.csv,中央氣象署 CODiS / 現存測站清單,https://codis.cwa.gov.tw/ ; https://hdps.cwa.gov.tw/static/state.html,2025,2025-12,12,,,,,,,,,6.5,1,6.5,2025/12/01 00:00:00,6.5,1,6.50,偏低,完整,以該測站 CODiS 2025 年月報表之降水量作為整理後月降雨量；降雨強度=月降水量/降水日數；未做鄉鎮推估。
C1E701,八卦,署屬自動站,苗栗縣,泰安鄉,737,120.927619,24.491756,與八卦派出所相距約1.2k處,C1E701-2025.csv,中央氣象署 CODiS / 現存測站清單,https://codis.cwa.gov.tw/ ; https://hdps.cwa.gov.tw/static/state.html,2025,2025-01,01,,,,,,,,,43.0,9,12.0,2025/01/01 00:00:00,43,9,4.78,偏低,完整,以該測站 CODiS 2025 年月報表之降水量作為整理後月降雨量；降雨強度=月降水量/降水日數；未做鄉鎮推估。
C1E701,八卦,署屬自動站,苗栗縣,泰安鄉,737,120.927619,24.491756,與八卦派出所相距約1.2k處,C1E701-2025.csv,中央氣象署 CODiS / 現存測站清單,https://codis.cwa.gov.tw/ ; https://hdps.cwa.gov.tw/static/state.html,2025,2025-02,02,,,,,,,,,82.5,10,36.5,2025/02/13 00:00:00,82.5,10,8.25,中等,完整,以該測站 CODiS 2025 年月報表之降水量作為整理後月降雨量；降雨強度=月降水量/降水日數；未做鄉鎮推估。
C1E701,八卦,署屬自動站,苗栗縣,泰安鄉,737,120.927619,24.491756,與八卦派出所相距約1.2k處,C1E701-2025.csv,中央氣象署 CODiS / 現存測站清單,https://codis.cwa.gov.tw/ ; https://hdps.cwa.gov.tw/static/state.html,2025,2025-03,03,,,,,,,,,286.5,13,91.5,2025/03/04 00:00:00,286.5,13,22.04,偏高,完整,以該測站 CODiS 2025 年月報表之降水量作為整理後月降雨量；降雨強度=月降水量/降水日數；未做鄉鎮推估。
C1E701,八卦,署屬自動站,苗栗縣,泰安鄉,737,120.927619,24.491756,與八卦派出所相距約1.2k處,C1E701-2025.csv,中央氣象署 CODiS / 現存測站清單,https://codis.cwa.gov.tw/ ; https://hdps.cwa.gov.tw/static/state.html,2025,2025-04,04,,,,,,,,,130.0,15,45.5,2025/04/12 00:00:00,130,15,8.67,中等,完整,以該測站 CODiS 2025 年月報表之降水量作為整理後月降雨量；降雨強度=月降水量/降水日數；未做鄉鎮推估。
C1E701,八卦,署屬自動站,苗栗縣,泰安鄉,737,120.927619,24.491756,與八卦派出所相距約1.2k處,C1E701-2025.csv,中央氣象署 CODiS / 現存測站清單,https://codis.cwa.gov.tw/ ; https://hdps.cwa.gov.tw/static/state.html,2025,2025-05,05,,,,,,,,,342.5,10,88.5,2025/05/07 00:00:00,342.5,10,34.25,偏高,完整,以該測站 CODiS 2025 年月報表之降水量作為整理後月降雨量；降雨強度=月降水量/降水日數；未做鄉鎮推估。
C1E701,八卦,署屬自動站,苗栗縣,泰安鄉,737,120.927619,24.491756,與八卦派出所相距約1.2k處,C1E701-2025.csv,中央氣象署 CODiS / 現存測站清單,https://codis.cwa.gov.tw/ ; https://hdps.cwa.gov.tw/static/state.html,2025,2025-06,06,,,,,,,,,202.5,15,46.5,2025/06/29 00:00:00,202.5,15,13.50,偏高,完整,以該測站 CODiS 2025 年月報表之降水量作為整理後月降雨量；降雨強度=月降水量/降水日數；未做鄉鎮推估。
C1E701,八卦,署屬自動站,苗栗縣,泰安鄉,737,120.927619,24.491756,與八卦派出所相距約1.2k處,C1E701-2025.csv,中央氣象署 CODiS / 現存測站清單,https://codis.cwa.gov.tw/ ; https://hdps.cwa.gov.tw/static/state.html,2025,2025-07,07,,,,,,,,,531.0,22,106.0,2025/07/09 00:00:00,531,22,24.14,極高,完整,以該測站 CODiS 2025 年月報表之降水量作為整理後月降雨量；降雨強度=月降水量/降水日數；未做鄉鎮推估。
C1E701,八卦,署屬自動站,苗栗縣,泰安鄉,737,120.927619,24.491756,與八卦派出所相距約1.2k處,C1E701-2025.csv,中央氣象署 CODiS / 現存測站清單,https://codis.cwa.gov.tw/ ; https://hdps.cwa.gov.tw/static/state.html,2025,2025-08,08,,,,,,,,,141.0,13,56.0,2025/08/20 00:00:00,141,13,10.85,中等,完整,以該測站 CODiS 2025 年月報表之降水量作為整理後月降雨量；降雨強度=月降水量/降水日數；未做鄉鎮推估。
C1E701,八卦,署屬自動站,苗栗縣,泰安鄉,737,120.927619,24.491756,與八卦派出所相距約1.2k處,C1E701-2025.csv,中央氣象署 CODiS / 現存測站清單,https://codis.cwa.gov.tw/ ; https://hdps.cwa.gov.tw/static/state.html,2025,2025-09,09,,,,,,,,,202.5,13,111.0,2025/09/07 00:00:00,202.5,13,15.58,偏高,完整,以該測站 CODiS 2025 年月報表之降水量作為整理後月降雨量；降雨強度=月降水量/降水日數；未做鄉鎮推估。
C1E701,八卦,署屬自動站,苗栗縣,泰安鄉,737,120.927619,24.491756,與八卦派出所相距約1.2k處,C1E701-2025.csv,中央氣象署 CODiS / 現存測站清單,https://codis.cwa.gov.tw/ ; https://hdps.cwa.gov.tw/static/state.html,2025,2025-10,10,,,,,,,,,21.5,3,18.0,2025/10/20 00:00:00,21.5,3,7.17,偏低,完整,以該測站 CODiS 2025 年月報表之降水量作為整理後月降雨量；降雨強度=月降水量/降水日數；未做鄉鎮推估。
C1E701,八卦,署屬自動站,苗栗縣,泰安鄉,737,120.927619,24.491756,與八卦派出所相距約1.2k處,C1E701-2025.csv,中央氣象署 CODiS / 現存測站清單,https://codis.cwa.gov.tw/ ; https://hdps.cwa.gov.tw/static/state.html,2025,2025-11,11,,,,,,,,,21.0,8,8.0,2025/11/13 00:00:00,21,8,2.62,偏低,完整,以該測站 CODiS 2025 年月報表之降水量作為整理後月降雨量；降雨強度=月降水量/降水日數；未做鄉鎮推估。
C1E701,八卦,署屬自動站,苗栗縣,泰安鄉,737,120.927619,24.491756,與八卦派出所相距約1.2k處,C1E701-2025.csv,中央氣象署 CODiS / 現存測站清單,https://codis.cwa.gov.tw/ ; https://hdps.cwa.gov.tw/static/state.html,2025,2025-12,12,,,,,,,,,5.5,4,2.5,2025/12/27 00:00:00,5.5,4,1.38,偏低,完整,以該測站 CODiS 2025 年月報表之降水量作為整理後月降雨量；降雨強度=月降水量/降水日數；未做鄉鎮推估。
C1E711,馬拉邦山,署屬自動站,苗栗縣,大湖鄉,990,120.901656,24.367306,東興村(馬拉邦山登山口),C1E711-2025.csv,中央氣象署 CODiS / 現存測站清單,https://codis.cwa.gov.tw/ ; https://hdps.cwa.gov.tw/static/state.html,2025,2025-01,01,,,,,,,,,41.0,9,10.5,2025/01/01 00:00:00,41,9,4.56,偏低,完整,以該測站 CODiS 2025 年月報表之降水量作為整理後月降雨量；降雨強度=月降水量/降水日數；未做鄉鎮推估。
C1E711,馬拉邦山,署屬自動站,苗栗縣,大湖鄉,990,120.901656,24.367306,東興村(馬拉邦山登山口),C1E711-2025.csv,中央氣象署 CODiS / 現存測站清單,https://codis.cwa.gov.tw/ ; https://hdps.cwa.gov.tw/static/state.html,2025,2025-02,02,,,,,,,,,89.5,9,44.0,2025/02/13 00:00:00,89.5,9,9.94,中等,完整,以該測站 CODiS 2025 年月報表之降水量作為整理後月降雨量；降雨強度=月降水量/降水日數；未做鄉鎮推估。
C1E711,馬拉邦山,署屬自動站,苗栗縣,大湖鄉,990,120.901656,24.367306,東興村(馬拉邦山登山口),C1E711-2025.csv,中央氣象署 CODiS / 現存測站清單,https://codis.cwa.gov.tw/ ; https://hdps.cwa.gov.tw/static/state.html,2025,2025-03,03,,,,,,,,,244.0,12,59.5,2025/03/05 00:00:00,244,12,20.33,偏高,完整,以該測站 CODiS 2025 年月報表之降水量作為整理後月降雨量；降雨強度=月降水量/降水日數；未做鄉鎮推估。
C1E711,馬拉邦山,署屬自動站,苗栗縣,大湖鄉,990,120.901656,24.367306,東興村(馬拉邦山登山口),C1E711-2025.csv,中央氣象署 CODiS / 現存測站清單,https://codis.cwa.gov.tw/ ; https://hdps.cwa.gov.tw/static/state.html,2025,2025-04,04,,,,,,,,,139.5,14,44.0,2025/04/12 00:00:00,139.5,14,9.96,中等,完整,以該測站 CODiS 2025 年月報表之降水量作為整理後月降雨量；降雨強度=月降水量/降水日數；未做鄉鎮推估。
C1E711,馬拉邦山,署屬自動站,苗栗縣,大湖鄉,990,120.901656,24.367306,東興村(馬拉邦山登山口),C1E711-2025.csv,中央氣象署 CODiS / 現存測站清單,https://codis.cwa.gov.tw/ ; https://hdps.cwa.gov.tw/static/state.html,2025,2025-05,05,,,,,,,,,314.5,12,87.5,2025/05/29 00:00:00,314.5,12,26.21,偏高,完整,以該測站 CODiS 2025 年月報表之降水量作為整理後月降雨量；降雨強度=月降水量/降水日數；未做鄉鎮推估。
C1E711,馬拉邦山,署屬自動站,苗栗縣,大湖鄉,990,120.901656,24.367306,東興村(馬拉邦山登山口),C1E711-2025.csv,中央氣象署 CODiS / 現存測站清單,https://codis.cwa.gov.tw/ ; https://hdps.cwa.gov.tw/static/state.html,2025,2025-06,06,,,,,,,,,298.5,19,71.0,2025/06/16 00:00:00,298.5,19,15.71,偏高,完整,以該測站 CODiS 2025 年月報表之降水量作為整理後月降雨量；降雨強度=月降水量/降水日數；未做鄉鎮推估。
C1E711,馬拉邦山,署屬自動站,苗栗縣,大湖鄉,990,120.901656,24.367306,東興村(馬拉邦山登山口),C1E711-2025.csv,中央氣象署 CODiS / 現存測站清單,https://codis.cwa.gov.tw/ ; https://hdps.cwa.gov.tw/static/state.html,2025,2025-07,07,,,,,,,,,713.5,24,158.5,2025/07/07 00:00:00,713.5,24,29.73,極高,完整,以該測站 CODiS 2025 年月報表之降水量作為整理後月降雨量；降雨強度=月降水量/降水日數；未做鄉鎮推估。
C1E711,馬拉邦山,署屬自動站,苗栗縣,大湖鄉,990,120.901656,24.367306,東興村(馬拉邦山登山口),C1E711-2025.csv,中央氣象署 CODiS / 現存測站清單,https://codis.cwa.gov.tw/ ; https://hdps.cwa.gov.tw/static/state.html,2025,2025-08,08,,,,,,,,,230.5,16,63.5,2025/08/03 00:00:00,230.5,16,14.41,偏高,完整,以該測站 CODiS 2025 年月報表之降水量作為整理後月降雨量；降雨強度=月降水量/降水日數；未做鄉鎮推估。
C1E711,馬拉邦山,署屬自動站,苗栗縣,大湖鄉,990,120.901656,24.367306,東興村(馬拉邦山登山口),C1E711-2025.csv,中央氣象署 CODiS / 現存測站清單,https://codis.cwa.gov.tw/ ; https://hdps.cwa.gov.tw/static/state.html,2025,2025-09,09,,,,,,,,,274.0,14,118.5,2025/09/07 00:00:00,274,14,19.57,偏高,完整,以該測站 CODiS 2025 年月報表之降水量作為整理後月降雨量；降雨強度=月降水量/降水日數；未做鄉鎮推估。
C1E711,馬拉邦山,署屬自動站,苗栗縣,大湖鄉,990,120.901656,24.367306,東興村(馬拉邦山登山口),C1E711-2025.csv,中央氣象署 CODiS / 現存測站清單,https://codis.cwa.gov.tw/ ; https://hdps.cwa.gov.tw/static/state.html,2025,2025-10,10,,,,,,,,,33.5,5,17.0,2025/10/20 00:00:00,33.5,5,6.70,偏低,完整,以該測站 CODiS 2025 年月報表之降水量作為整理後月降雨量；降雨強度=月降水量/降水日數；未做鄉鎮推估。
C1E711,馬拉邦山,署屬自動站,苗栗縣,大湖鄉,990,120.901656,24.367306,東興村(馬拉邦山登山口),C1E711-2025.csv,中央氣象署 CODiS / 現存測站清單,https://codis.cwa.gov.tw/ ; https://hdps.cwa.gov.tw/static/state.html,2025,2025-11,11,,,,,,,,,11.5,3,6.5,2025/11/13 00:00:00,11.5,3,3.83,偏低,完整,以該測站 CODiS 2025 年月報表之降水量作為整理後月降雨量；降雨強度=月降水量/降水日數；未做鄉鎮推估。
C1E711,馬拉邦山,署屬自動站,苗栗縣,大湖鄉,990,120.901656,24.367306,東興村(馬拉邦山登山口),C1E711-2025.csv,中央氣象署 CODiS / 現存測站清單,https://codis.cwa.gov.tw/ ; https://hdps.cwa.gov.tw/static/state.html,2025,2025-12,12,,,,,,,,,7.5,4,4.5,2025/12/27 00:00:00,7.5,4,1.88,偏低,完整,以該測站 CODiS 2025 年月報表之降水量作為整理後月降雨量；降雨強度=月降水量/降水日數；未做鄉鎮推估。
C1E721,泰安,署屬自動站,苗栗縣,泰安鄉,1409,120.968036,24.489017,橫龍古道上(走路約5分鐘)之大湖事業區18林班地,C1E721-2025.csv,中央氣象署 CODiS / 現存測站清單,https://codis.cwa.gov.tw/ ; https://hdps.cwa.gov.tw/static/state.html,2025,2025-01,01,,,,,,,,,21.0,5,8.0,2025/01/15 00:00:00,21,5,4.20,偏低,完整,以該測站 CODiS 2025 年月報表之降水量作為整理後月降雨量；降雨強度=月降水量/降水日數；未做鄉鎮推估。
C1E721,泰安,署屬自動站,苗栗縣,泰安鄉,1409,120.968036,24.489017,橫龍古道上(走路約5分鐘)之大湖事業區18林班地,C1E721-2025.csv,中央氣象署 CODiS / 現存測站清單,https://codis.cwa.gov.tw/ ; https://hdps.cwa.gov.tw/static/state.html,2025,2025-02,02,,,,,,,,,&,&,&,--,,,,,缺值,以該測站 CODiS 2025 年月報表之降水量作為整理後月降雨量；降雨強度=月降水量/降水日數；未做鄉鎮推估。
C1E721,泰安,署屬自動站,苗栗縣,泰安鄉,1409,120.968036,24.489017,橫龍古道上(走路約5分鐘)之大湖事業區18林班地,C1E721-2025.csv,中央氣象署 CODiS / 現存測站清單,https://codis.cwa.gov.tw/ ; https://hdps.cwa.gov.tw/static/state.html,2025,2025-03,03,,,,,,,,,&,&,&,--,,,,,缺值,以該測站 CODiS 2025 年月報表之降水量作為整理後月降雨量；降雨強度=月降水量/降水日數；未做鄉鎮推估。
C1E721,泰安,署屬自動站,苗栗縣,泰安鄉,1409,120.968036,24.489017,橫龍古道上(走路約5分鐘)之大湖事業區18林班地,C1E721-2025.csv,中央氣象署 CODiS / 現存測站清單,https://codis.cwa.gov.tw/ ; https://hdps.cwa.gov.tw/static/state.html,2025,2025-04,04,,,,,,,,,&,&,&,--,,,,,缺值,以該測站 CODiS 2025 年月報表之降水量作為整理後月降雨量；降雨強度=月降水量/降水日數；未做鄉鎮推估。
C1E721,泰安,署屬自動站,苗栗縣,泰安鄉,1409,120.968036,24.489017,橫龍古道上(走路約5分鐘)之大湖事業區18林班地,C1E721-2025.csv,中央氣象署 CODiS / 現存測站清單,https://codis.cwa.gov.tw/ ; https://hdps.cwa.gov.tw/static/state.html,2025,2025-05,05,,,,,,,,,&,&,&,--,,,,,缺值,以該測站 CODiS 2025 年月報表之降水量作為整理後月降雨量；降雨強度=月降水量/降水日數；未做鄉鎮推估。
C1E721,泰安,署屬自動站,苗栗縣,泰安鄉,1409,120.968036,24.489017,橫龍古道上(走路約5分鐘)之大湖事業區18林班地,C1E721-2025.csv,中央氣象署 CODiS / 現存測站清單,https://codis.cwa.gov.tw/ ; https://hdps.cwa.gov.tw/static/state.html,2025,2025-06,06,,,,,,,,,&,&,&,--,,,,,缺值,以該測站 CODiS 2025 年月報表之降水量作為整理後月降雨量；降雨強度=月降水量/降水日數；未做鄉鎮推估。
C1E721,泰安,署屬自動站,苗栗縣,泰安鄉,1409,120.968036,24.489017,橫龍古道上(走路約5分鐘)之大湖事業區18林班地,C1E721-2025.csv,中央氣象署 CODiS / 現存測站清單,https://codis.cwa.gov.tw/ ; https://hdps.cwa.gov.tw/static/state.html,2025,2025-07,07,,,,,,,,,247.0,12,93.5,2025/07/25 00:00:00,247,12,20.58,偏高,完整,以該測站 CODiS 2025 年月報表之降水量作為整理後月降雨量；降雨強度=月降水量/降水日數；未做鄉鎮推估。
C1E721,泰安,署屬自動站,苗栗縣,泰安鄉,1409,120.968036,24.489017,橫龍古道上(走路約5分鐘)之大湖事業區18林班地,C1E721-2025.csv,中央氣象署 CODiS / 現存測站清單,https://codis.cwa.gov.tw/ ; https://hdps.cwa.gov.tw/static/state.html,2025,2025-08,08,,,,,,,,,124.5,14,47.0,2025/08/20 00:00:00,124.5,14,8.89,中等,完整,以該測站 CODiS 2025 年月報表之降水量作為整理後月降雨量；降雨強度=月降水量/降水日數；未做鄉鎮推估。
C1E721,泰安,署屬自動站,苗栗縣,泰安鄉,1409,120.968036,24.489017,橫龍古道上(走路約5分鐘)之大湖事業區18林班地,C1E721-2025.csv,中央氣象署 CODiS / 現存測站清單,https://codis.cwa.gov.tw/ ; https://hdps.cwa.gov.tw/static/state.html,2025,2025-09,09,,,,,,,,,154.0,14,62.5,2025/09/07 00:00:00,154,14,11,偏高,完整,以該測站 CODiS 2025 年月報表之降水量作為整理後月降雨量；降雨強度=月降水量/降水日數；未做鄉鎮推估。
C1E721,泰安,署屬自動站,苗栗縣,泰安鄉,1409,120.968036,24.489017,橫龍古道上(走路約5分鐘)之大湖事業區18林班地,C1E721-2025.csv,中央氣象署 CODiS / 現存測站清單,https://codis.cwa.gov.tw/ ; https://hdps.cwa.gov.tw/static/state.html,2025,2025-10,10,,,,,,,,,50.5,5,25.5,2025/10/28 00:00:00,50.5,5,10.10,中等,完整,以該測站 CODiS 2025 年月報表之降水量作為整理後月降雨量；降雨強度=月降水量/降水日數；未做鄉鎮推估。
C1E721,泰安,署屬自動站,苗栗縣,泰安鄉,1409,120.968036,24.489017,橫龍古道上(走路約5分鐘)之大湖事業區18林班地,C1E721-2025.csv,中央氣象署 CODiS / 現存測站清單,https://codis.cwa.gov.tw/ ; https://hdps.cwa.gov.tw/static/state.html,2025,2025-11,11,,,,,,,,,8.5,4,3.0,2025/11/14 00:00:00,8.5,4,2.12,偏低,完整,以該測站 CODiS 2025 年月報表之降水量作為整理後月降雨量；降雨強度=月降水量/降水日數；未做鄉鎮推估。
C1E721,泰安,署屬自動站,苗栗縣,泰安鄉,1409,120.968036,24.489017,橫龍古道上(走路約5分鐘)之大湖事業區18林班地,C1E721-2025.csv,中央氣象署 CODiS / 現存測站清單,https://codis.cwa.gov.tw/ ; https://hdps.cwa.gov.tw/static/state.html,2025,2025-12,12,,,,,,,,,3.0,4,1.5,2025/12/27 00:00:00,3,4,0.75,偏低,完整,以該測站 CODiS 2025 年月報表之降水量作為整理後月降雨量；降雨強度=月降水量/降水日數；未做鄉鎮推估。
C1E770,公館,署屬自動站,苗栗縣,公館鄉,83,120.830806,24.526914,鶴岡村178號(鶴岡國中),C1E770-2025.csv,中央氣象署 CODiS / 現存測站清單,https://codis.cwa.gov.tw/ ; https://hdps.cwa.gov.tw/static/state.html,2025,2025-01,01,,,,,,,,,26.5,7,8.5,2025/01/02 00:00:00,26.5,7,3.79,偏低,完整,以該測站 CODiS 2025 年月報表之降水量作為整理後月降雨量；降雨強度=月降水量/降水日數；未做鄉鎮推估。
C1E770,公館,署屬自動站,苗栗縣,公館鄉,83,120.830806,24.526914,鶴岡村178號(鶴岡國中),C1E770-2025.csv,中央氣象署 CODiS / 現存測站清單,https://codis.cwa.gov.tw/ ; https://hdps.cwa.gov.tw/static/state.html,2025,2025-02,02,,,,,,,,,79.5,6,35.0,2025/02/13 00:00:00,79.5,6,13.25,中等,完整,以該測站 CODiS 2025 年月報表之降水量作為整理後月降雨量；降雨強度=月降水量/降水日數；未做鄉鎮推估。
C1E770,公館,署屬自動站,苗栗縣,公館鄉,83,120.830806,24.526914,鶴岡村178號(鶴岡國中),C1E770-2025.csv,中央氣象署 CODiS / 現存測站清單,https://codis.cwa.gov.tw/ ; https://hdps.cwa.gov.tw/static/state.html,2025,2025-03,03,,,,,,,,,228.5,10,51.5,2025/03/15 00:00:00,228.5,10,22.85,偏高,完整,以該測站 CODiS 2025 年月報表之降水量作為整理後月降雨量；降雨強度=月降水量/降水日數；未做鄉鎮推估。
C1E770,公館,署屬自動站,苗栗縣,公館鄉,83,120.830806,24.526914,鶴岡村178號(鶴岡國中),C1E770-2025.csv,中央氣象署 CODiS / 現存測站清單,https://codis.cwa.gov.tw/ ; https://hdps.cwa.gov.tw/static/state.html,2025,2025-04,04,,,,,,,,,135.5,14,42.5,2025/04/12 00:00:00,135.5,14,9.68,中等,完整,以該測站 CODiS 2025 年月報表之降水量作為整理後月降雨量；降雨強度=月降水量/降水日數；未做鄉鎮推估。
C1E770,公館,署屬自動站,苗栗縣,公館鄉,83,120.830806,24.526914,鶴岡村178號(鶴岡國中),C1E770-2025.csv,中央氣象署 CODiS / 現存測站清單,https://codis.cwa.gov.tw/ ; https://hdps.cwa.gov.tw/static/state.html,2025,2025-05,05,,,,,,,,,287.5,12,83.0,2025/05/07 00:00:00,287.5,12,23.96,偏高,完整,以該測站 CODiS 2025 年月報表之降水量作為整理後月降雨量；降雨強度=月降水量/降水日數；未做鄉鎮推估。
C1E770,公館,署屬自動站,苗栗縣,公館鄉,83,120.830806,24.526914,鶴岡村178號(鶴岡國中),C1E770-2025.csv,中央氣象署 CODiS / 現存測站清單,https://codis.cwa.gov.tw/ ; https://hdps.cwa.gov.tw/static/state.html,2025,2025-06,06,,,,,,,,,71.0,8,16.5,2025/06/05 00:00:00,71,8,8.88,中等,完整,以該測站 CODiS 2025 年月報表之降水量作為整理後月降雨量；降雨強度=月降水量/降水日數；未做鄉鎮推估。
C1E770,公館,署屬自動站,苗栗縣,公館鄉,83,120.830806,24.526914,鶴岡村178號(鶴岡國中),C1E770-2025.csv,中央氣象署 CODiS / 現存測站清單,https://codis.cwa.gov.tw/ ; https://hdps.cwa.gov.tw/static/state.html,2025,2025-07,07,,,,,,,,,544.5,18,154.5,2025/07/09 00:00:00,544.5,18,30.25,極高,完整,以該測站 CODiS 2025 年月報表之降水量作為整理後月降雨量；降雨強度=月降水量/降水日數；未做鄉鎮推估。
C1E770,公館,署屬自動站,苗栗縣,公館鄉,83,120.830806,24.526914,鶴岡村178號(鶴岡國中),C1E770-2025.csv,中央氣象署 CODiS / 現存測站清單,https://codis.cwa.gov.tw/ ; https://hdps.cwa.gov.tw/static/state.html,2025,2025-08,08,,,,,,,,,92.5,7,40.0,2025/08/27 00:00:00,92.5,7,13.21,中等,完整,以該測站 CODiS 2025 年月報表之降水量作為整理後月降雨量；降雨強度=月降水量/降水日數；未做鄉鎮推估。
C1E770,公館,署屬自動站,苗栗縣,公館鄉,83,120.830806,24.526914,鶴岡村178號(鶴岡國中),C1E770-2025.csv,中央氣象署 CODiS / 現存測站清單,https://codis.cwa.gov.tw/ ; https://hdps.cwa.gov.tw/static/state.html,2025,2025-09,09,,,,,,,,,96.0,8,56.5,2025/09/07 00:00:00,96,8,12,中等,完整,以該測站 CODiS 2025 年月報表之降水量作為整理後月降雨量；降雨強度=月降水量/降水日數；未做鄉鎮推估。
C1E770,公館,署屬自動站,苗栗縣,公館鄉,83,120.830806,24.526914,鶴岡村178號(鶴岡國中),C1E770-2025.csv,中央氣象署 CODiS / 現存測站清單,https://codis.cwa.gov.tw/ ; https://hdps.cwa.gov.tw/static/state.html,2025,2025-10,10,,,,,,,,,36.0,5,14.0,2025/10/28 00:00:00,36,5,7.20,偏低,完整,以該測站 CODiS 2025 年月報表之降水量作為整理後月降雨量；降雨強度=月降水量/降水日數；未做鄉鎮推估。
C1E770,公館,署屬自動站,苗栗縣,公館鄉,83,120.830806,24.526914,鶴岡村178號(鶴岡國中),C1E770-2025.csv,中央氣象署 CODiS / 現存測站清單,https://codis.cwa.gov.tw/ ; https://hdps.cwa.gov.tw/static/state.html,2025,2025-11,11,,,,,,,,,13.0,2,8.5,2025/11/12 00:00:00,13,2,6.50,偏低,完整,以該測站 CODiS 2025 年月報表之降水量作為整理後月降雨量；降雨強度=月降水量/降水日數；未做鄉鎮推估。
C1E770,公館,署屬自動站,苗栗縣,公館鄉,83,120.830806,24.526914,鶴岡村178號(鶴岡國中),C1E770-2025.csv,中央氣象署 CODiS / 現存測站清單,https://codis.cwa.gov.tw/ ; https://hdps.cwa.gov.tw/static/state.html,2025,2025-12,12,,,,,,,,,1.0,2,0.5,2025/12/01 00:00:00,1,2,0.50,偏低,完整,以該測站 CODiS 2025 年月報表之降水量作為整理後月降雨量；降雨強度=月降水量/降水日數；未做鄉鎮推估。
C1E890,國三N149K,署屬自動站,苗栗縣,,53,120.680019,24.463414,國道3號北向149K,C1E890-2025.csv,中央氣象署 CODiS / 現存測站清單,https://codis.cwa.gov.tw/ ; https://hdps.cwa.gov.tw/static/state.html,2025,2025-01,01,,,,,,,,,19.5,8,7.0,2025/01/02 00:00:00,19.5,8,2.44,偏低,完整,以該測站 CODiS 2025 年月報表之降水量作為整理後月降雨量；降雨強度=月降水量/降水日數；未做鄉鎮推估。
C1E890,國三N149K,署屬自動站,苗栗縣,,53,120.680019,24.463414,國道3號北向149K,C1E890-2025.csv,中央氣象署 CODiS / 現存測站清單,https://codis.cwa.gov.tw/ ; https://hdps.cwa.gov.tw/static/state.html,2025,2025-02,02,,,,,,,,,63.0,7,33.5,2025/02/13 00:00:00,63,7,9,中等,完整,以該測站 CODiS 2025 年月報表之降水量作為整理後月降雨量；降雨強度=月降水量/降水日數；未做鄉鎮推估。
C1E890,國三N149K,署屬自動站,苗栗縣,,53,120.680019,24.463414,國道3號北向149K,C1E890-2025.csv,中央氣象署 CODiS / 現存測站清單,https://codis.cwa.gov.tw/ ; https://hdps.cwa.gov.tw/static/state.html,2025,2025-03,03,,,,,,,,,187.0,11,56.5,2025/03/04 00:00:00,187,11,17,偏高,完整,以該測站 CODiS 2025 年月報表之降水量作為整理後月降雨量；降雨強度=月降水量/降水日數；未做鄉鎮推估。
C1E890,國三N149K,署屬自動站,苗栗縣,,53,120.680019,24.463414,國道3號北向149K,C1E890-2025.csv,中央氣象署 CODiS / 現存測站清單,https://codis.cwa.gov.tw/ ; https://hdps.cwa.gov.tw/static/state.html,2025,2025-04,04,,,,,,,,,145.5,12,47.0,2025/04/12 00:00:00,145.5,12,12.12,中等,完整,以該測站 CODiS 2025 年月報表之降水量作為整理後月降雨量；降雨強度=月降水量/降水日數；未做鄉鎮推估。
C1E890,國三N149K,署屬自動站,苗栗縣,,53,120.680019,24.463414,國道3號北向149K,C1E890-2025.csv,中央氣象署 CODiS / 現存測站清單,https://codis.cwa.gov.tw/ ; https://hdps.cwa.gov.tw/static/state.html,2025,2025-05,05,,,,,,,,,241.5,9,77.0,2025/05/24 00:00:00,241.5,9,26.83,偏高,完整,以該測站 CODiS 2025 年月報表之降水量作為整理後月降雨量；降雨強度=月降水量/降水日數；未做鄉鎮推估。
C1E890,國三N149K,署屬自動站,苗栗縣,,53,120.680019,24.463414,國道3號北向149K,C1E890-2025.csv,中央氣象署 CODiS / 現存測站清單,https://codis.cwa.gov.tw/ ; https://hdps.cwa.gov.tw/static/state.html,2025,2025-06,06,,,,,,,,,83.0,9,27.5,2025/06/13 00:00:00,83,9,9.22,中等,完整,以該測站 CODiS 2025 年月報表之降水量作為整理後月降雨量；降雨強度=月降水量/降水日數；未做鄉鎮推估。
C1E890,國三N149K,署屬自動站,苗栗縣,,53,120.680019,24.463414,國道3號北向149K,C1E890-2025.csv,中央氣象署 CODiS / 現存測站清單,https://codis.cwa.gov.tw/ ; https://hdps.cwa.gov.tw/static/state.html,2025,2025-07,07,,,,,,,,,772.0,19,261.5,2025/07/09 00:00:00,772,19,40.63,極高,完整,以該測站 CODiS 2025 年月報表之降水量作為整理後月降雨量；降雨強度=月降水量/降水日數；未做鄉鎮推估。
C1E890,國三N149K,署屬自動站,苗栗縣,,53,120.680019,24.463414,國道3號北向149K,C1E890-2025.csv,中央氣象署 CODiS / 現存測站清單,https://codis.cwa.gov.tw/ ; https://hdps.cwa.gov.tw/static/state.html,2025,2025-08,08,,,,,,,,,95.0,8,47.0,2025/08/03 00:00:00,95,8,11.88,中等,完整,以該測站 CODiS 2025 年月報表之降水量作為整理後月降雨量；降雨強度=月降水量/降水日數；未做鄉鎮推估。
C1E890,國三N149K,署屬自動站,苗栗縣,,53,120.680019,24.463414,國道3號北向149K,C1E890-2025.csv,中央氣象署 CODiS / 現存測站清單,https://codis.cwa.gov.tw/ ; https://hdps.cwa.gov.tw/static/state.html,2025,2025-09,09,,,,,,,,,58.0,8,23.5,2025/09/07 00:00:00,58,8,7.25,中等,完整,以該測站 CODiS 2025 年月報表之降水量作為整理後月降雨量；降雨強度=月降水量/降水日數；未做鄉鎮推估。
C1E890,國三N149K,署屬自動站,苗栗縣,,53,120.680019,24.463414,國道3號北向149K,C1E890-2025.csv,中央氣象署 CODiS / 現存測站清單,https://codis.cwa.gov.tw/ ; https://hdps.cwa.gov.tw/static/state.html,2025,2025-10,10,,,,,,,,,26.5,5,11.5,2025/10/28 00:00:00,26.5,5,5.30,偏低,完整,以該測站 CODiS 2025 年月報表之降水量作為整理後月降雨量；降雨強度=月降水量/降水日數；未做鄉鎮推估。
C1E890,國三N149K,署屬自動站,苗栗縣,,53,120.680019,24.463414,國道3號北向149K,C1E890-2025.csv,中央氣象署 CODiS / 現存測站清單,https://codis.cwa.gov.tw/ ; https://hdps.cwa.gov.tw/static/state.html,2025,2025-11,11,,,,,,,,,23.5,4,13.5,2025/11/12 00:00:00,23.5,4,5.88,偏低,完整,以該測站 CODiS 2025 年月報表之降水量作為整理後月降雨量；降雨強度=月降水量/降水日數；未做鄉鎮推估。
C1E890,國三N149K,署屬自動站,苗栗縣,,53,120.680019,24.463414,國道3號北向149K,C1E890-2025.csv,中央氣象署 CODiS / 現存測站清單,https://codis.cwa.gov.tw/ ; https://hdps.cwa.gov.tw/static/state.html,2025,2025-12,12,,,,,,,,,1.5,2,1.0,2025/12/27 00:00:00,1.5,2,0.75,偏低,完整,以該測站 CODiS 2025 年月報表之降水量作為整理後月降雨量；降雨強度=月降水量/降水日數；未做鄉鎮推估。
C1E900,國一N128K,署屬自動站,苗栗縣,,80,120.844186,24.560997,國道1號北向128K,C1E900-2025.csv,中央氣象署 CODiS / 現存測站清單,https://codis.cwa.gov.tw/ ; https://hdps.cwa.gov.tw/static/state.html,2025,2025-01,01,,,,,,,,,27.5,8,7.5,2025/01/02 00:00:00,27.5,8,3.44,偏低,完整,以該測站 CODiS 2025 年月報表之降水量作為整理後月降雨量；降雨強度=月降水量/降水日數；未做鄉鎮推估。
C1E900,國一N128K,署屬自動站,苗栗縣,,80,120.844186,24.560997,國道1號北向128K,C1E900-2025.csv,中央氣象署 CODiS / 現存測站清單,https://codis.cwa.gov.tw/ ; https://hdps.cwa.gov.tw/static/state.html,2025,2025-02,02,,,,,,,,,76.0,9,37.0,2025/02/13 00:00:00,76,9,8.44,中等,完整,以該測站 CODiS 2025 年月報表之降水量作為整理後月降雨量；降雨強度=月降水量/降水日數；未做鄉鎮推估。
C1E900,國一N128K,署屬自動站,苗栗縣,,80,120.844186,24.560997,國道1號北向128K,C1E900-2025.csv,中央氣象署 CODiS / 現存測站清單,https://codis.cwa.gov.tw/ ; https://hdps.cwa.gov.tw/static/state.html,2025,2025-03,03,,,,,,,,,255.0,12,51.5,2025/03/13 00:00:00,255,12,21.25,偏高,完整,以該測站 CODiS 2025 年月報表之降水量作為整理後月降雨量；降雨強度=月降水量/降水日數；未做鄉鎮推估。
C1E900,國一N128K,署屬自動站,苗栗縣,,80,120.844186,24.560997,國道1號北向128K,C1E900-2025.csv,中央氣象署 CODiS / 現存測站清單,https://codis.cwa.gov.tw/ ; https://hdps.cwa.gov.tw/static/state.html,2025,2025-04,04,,,,,,,,,150.0,13,54.0,2025/04/12 00:00:00,150,13,11.54,偏高,完整,以該測站 CODiS 2025 年月報表之降水量作為整理後月降雨量；降雨強度=月降水量/降水日數；未做鄉鎮推估。
C1E900,國一N128K,署屬自動站,苗栗縣,,80,120.844186,24.560997,國道1號北向128K,C1E900-2025.csv,中央氣象署 CODiS / 現存測站清單,https://codis.cwa.gov.tw/ ; https://hdps.cwa.gov.tw/static/state.html,2025,2025-05,05,,,,,,,,,283.5,10,75.0,2025/05/07 00:00:00,283.5,10,28.35,偏高,完整,以該測站 CODiS 2025 年月報表之降水量作為整理後月降雨量；降雨強度=月降水量/降水日數；未做鄉鎮推估。
C1E900,國一N128K,署屬自動站,苗栗縣,,80,120.844186,24.560997,國道1號北向128K,C1E900-2025.csv,中央氣象署 CODiS / 現存測站清單,https://codis.cwa.gov.tw/ ; https://hdps.cwa.gov.tw/static/state.html,2025,2025-06,06,,,,,,,,,97.0,8,22.0,2025/06/05 00:00:00,97,8,12.12,中等,完整,以該測站 CODiS 2025 年月報表之降水量作為整理後月降雨量；降雨強度=月降水量/降水日數；未做鄉鎮推估。
C1E900,國一N128K,署屬自動站,苗栗縣,,80,120.844186,24.560997,國道1號北向128K,C1E900-2025.csv,中央氣象署 CODiS / 現存測站清單,https://codis.cwa.gov.tw/ ; https://hdps.cwa.gov.tw/static/state.html,2025,2025-07,07,,,,,,,,,538.5,17,159.5,2025/07/09 00:00:00,538.5,17,31.68,極高,完整,以該測站 CODiS 2025 年月報表之降水量作為整理後月降雨量；降雨強度=月降水量/降水日數；未做鄉鎮推估。
C1E900,國一N128K,署屬自動站,苗栗縣,,80,120.844186,24.560997,國道1號北向128K,C1E900-2025.csv,中央氣象署 CODiS / 現存測站清單,https://codis.cwa.gov.tw/ ; https://hdps.cwa.gov.tw/static/state.html,2025,2025-08,08,,,,,,,,,74.5,7,37.0,2025/08/27 00:00:00,74.5,7,10.64,中等,完整,以該測站 CODiS 2025 年月報表之降水量作為整理後月降雨量；降雨強度=月降水量/降水日數；未做鄉鎮推估。
C1E900,國一N128K,署屬自動站,苗栗縣,,80,120.844186,24.560997,國道1號北向128K,C1E900-2025.csv,中央氣象署 CODiS / 現存測站清單,https://codis.cwa.gov.tw/ ; https://hdps.cwa.gov.tw/static/state.html,2025,2025-09,09,,,,,,,,,118.5,5,82.5,2025/09/07 00:00:00,118.5,5,23.70,中等,完整,以該測站 CODiS 2025 年月報表之降水量作為整理後月降雨量；降雨強度=月降水量/降水日數；未做鄉鎮推估。
C1E900,國一N128K,署屬自動站,苗栗縣,,80,120.844186,24.560997,國道1號北向128K,C1E900-2025.csv,中央氣象署 CODiS / 現存測站清單,https://codis.cwa.gov.tw/ ; https://hdps.cwa.gov.tw/static/state.html,2025,2025-10,10,,,,,,,,,55.5,6,17.5,2025/10/20 00:00:00,55.5,6,9.25,中等,完整,以該測站 CODiS 2025 年月報表之降水量作為整理後月降雨量；降雨強度=月降水量/降水日數；未做鄉鎮推估。
C1E900,國一N128K,署屬自動站,苗栗縣,,80,120.844186,24.560997,國道1號北向128K,C1E900-2025.csv,中央氣象署 CODiS / 現存測站清單,https://codis.cwa.gov.tw/ ; https://hdps.cwa.gov.tw/static/state.html,2025,2025-11,11,,,,,,,,,30.0,5,16.0,2025/11/12 00:00:00,30,5,6,偏低,完整,以該測站 CODiS 2025 年月報表之降水量作為整理後月降雨量；降雨強度=月降水量/降水日數；未做鄉鎮推估。
C1E900,國一N128K,署屬自動站,苗栗縣,,80,120.844186,24.560997,國道1號北向128K,C1E900-2025.csv,中央氣象署 CODiS / 現存測站清單,https://codis.cwa.gov.tw/ ; https://hdps.cwa.gov.tw/static/state.html,2025,2025-12,12,,,,,,,,,3.5,5,1.0,2025/12/25 00:00:00,3.5,5,0.70,偏低,完整,以該測站 CODiS 2025 年月報表之降水量作為整理後月降雨量；降雨強度=月降水量/降水日數；未做鄉鎮推估。
C2E880,三義,農業站,苗栗縣,三義鄉,507,120.749819,24.405478,三義鄉130縣道13.5K附近(慈濟山茶園內),C2E880-2025.csv,中央氣象署 CODiS / 現存測站清單,https://codis.cwa.gov.tw/ ; https://hdps.cwa.gov.tw/static/state.html,2025,2025-01,01,960.7,12.2,21.7,4.8,3.8,50,16.8,83,29.0,8,8.0,2025/01/01 00:00:00,29,8,3.62,偏低,完整,以該測站 CODiS 2025 年月報表之降水量作為整理後月降雨量；降雨強度=月降水量/降水日數；未做鄉鎮推估。
C2E880,三義,農業站,苗栗縣,三義鄉,507,120.749819,24.405478,三義鄉130縣道13.5K附近(慈濟山茶園內),C2E880-2025.csv,中央氣象署 CODiS / 現存測站清單,https://codis.cwa.gov.tw/ ; https://hdps.cwa.gov.tw/static/state.html,2025,2025-02,02,961.3,12.9,24.1,4.5,3.3,50,16.3,89,81.5,9,38.5,2025/02/13 00:00:00,81.5,9,9.06,中等,完整,以該測站 CODiS 2025 年月報表之降水量作為整理後月降雨量；降雨強度=月降水量/降水日數；未做鄉鎮推估。
C2E880,三義,農業站,苗栗縣,三義鄉,507,120.749819,24.405478,三義鄉130縣道13.5K附近(慈濟山茶園內),C2E880-2025.csv,中央氣象署 CODiS / 現存測站清單,https://codis.cwa.gov.tw/ ; https://hdps.cwa.gov.tw/static/state.html,2025,2025-03,03,958.3,16.0,30.2,7.6,3.5,50,18.2,83,177.0,10,55.5,2025/03/04 00:00:00,177,10,17.70,偏高,完整,以該測站 CODiS 2025 年月報表之降水量作為整理後月降雨量；降雨強度=月降水量/降水日數；未做鄉鎮推估。
C2E880,三義,農業站,苗栗縣,三義鄉,507,120.749819,24.405478,三義鄉130縣道13.5K附近(慈濟山茶園內),C2E880-2025.csv,中央氣象署 CODiS / 現存測站清單,https://codis.cwa.gov.tw/ ; https://hdps.cwa.gov.tw/static/state.html,2025,2025-04,04,955.5,19.9,29.2,9.1,2.8,200,14.5,83,114.5,13,49.0,2025/04/12 00:00:00,114.5,13,8.81,中等,完整,以該測站 CODiS 2025 年月報表之降水量作為整理後月降雨量；降雨強度=月降水量/降水日數；未做鄉鎮推估。
C2E880,三義,農業站,苗栗縣,三義鄉,507,120.749819,24.405478,三義鄉130縣道13.5K附近(慈濟山茶園內),C2E880-2025.csv,中央氣象署 CODiS / 現存測站清單,https://codis.cwa.gov.tw/ ; https://hdps.cwa.gov.tw/static/state.html,2025,2025-05,05,953.8,23.0,30.5,15.5,2.4,190,12.4,86,300.0,9,82.0,2025/05/29 00:00:00,300,9,33.33,偏高,完整,以該測站 CODiS 2025 年月報表之降水量作為整理後月降雨量；降雨強度=月降水量/降水日數；未做鄉鎮推估。
C2E880,三義,農業站,苗栗縣,三義鄉,507,120.749819,24.405478,三義鄉130縣道13.5K附近(慈濟山茶園內),C2E880-2025.csv,中央氣象署 CODiS / 現存測站清單,https://codis.cwa.gov.tw/ ; https://hdps.cwa.gov.tw/static/state.html,2025,2025-06,06,951.9,25.3,31.4,20.2,2.3,180,14.5,87,129.0,13,49.0,2025/06/13 00:00:00,129,13,9.92,中等,完整,以該測站 CODiS 2025 年月報表之降水量作為整理後月降雨量；降雨強度=月降水量/降水日數；未做鄉鎮推估。
C2E880,三義,農業站,苗栗縣,三義鄉,507,120.749819,24.405478,三義鄉130縣道13.5K附近(慈濟山茶園內),C2E880-2025.csv,中央氣象署 CODiS / 現存測站清單,https://codis.cwa.gov.tw/ ; https://hdps.cwa.gov.tw/static/state.html,2025,2025-07,07,946.3,25.1,31.7,19.7,2.6,180,14.6,90,641.0,20,133.0,2025/07/07 00:00:00,641,20,32.05,極高,完整,以該測站 CODiS 2025 年月報表之降水量作為整理後月降雨量；降雨強度=月降水量/降水日數；未做鄉鎮推估。
C2E880,三義,農業站,苗栗縣,三義鄉,507,120.749819,24.405478,三義鄉130縣道13.5K附近(慈濟山茶園內),C2E880-2025.csv,中央氣象署 CODiS / 現存測站清單,https://codis.cwa.gov.tw/ ; https://hdps.cwa.gov.tw/static/state.html,2025,2025-08,08,952.7,25.5,32.1,19.4,2.2,180,13.8,86,147.5,10,47.0,2025/08/03 00:00:00,147.5,10,14.75,中等,完整,以該測站 CODiS 2025 年月報表之降水量作為整理後月降雨量；降雨強度=月降水量/降水日數；未做鄉鎮推估。
C2E880,三義,農業站,苗栗縣,三義鄉,507,120.749819,24.405478,三義鄉130縣道13.5K附近(慈濟山茶園內),C2E880-2025.csv,中央氣象署 CODiS / 現存測站清單,https://codis.cwa.gov.tw/ ; https://hdps.cwa.gov.tw/static/state.html,2025,2025-09,09,954.0,25.3,32.0,21.9,1.3,180,14.9,89,213.5,14,74.5,2025/09/07 00:00:00,213.5,14,15.25,偏高,完整,以該測站 CODiS 2025 年月報表之降水量作為整理後月降雨量；降雨強度=月降水量/降水日數；未做鄉鎮推估。
C2E880,三義,農業站,苗栗縣,三義鄉,507,120.749819,24.405478,三義鄉130縣道13.5K附近(慈濟山茶園內),C2E880-2025.csv,中央氣象署 CODiS / 現存測站清單,https://codis.cwa.gov.tw/ ; https://hdps.cwa.gov.tw/static/state.html,2025,2025-10,10,956.4,23.4,31.5,17.1,2.9,50,20.7,89,34.0,6,17.5,2025/10/20 00:00:00,34,6,5.67,偏低,完整,以該測站 CODiS 2025 年月報表之降水量作為整理後月降雨量；降雨強度=月降水量/降水日數；未做鄉鎮推估。
C2E880,三義,農業站,苗栗縣,三義鄉,507,120.749819,24.405478,三義鄉130縣道13.5K附近(慈濟山茶園內),C2E880-2025.csv,中央氣象署 CODiS / 現存測站清單,https://codis.cwa.gov.tw/ ; https://hdps.cwa.gov.tw/static/state.html,2025,2025-11,11,957.8,18.4,28.9,10.3,3.8,50,19.3,90,23.5,4,15.0,2025/11/12 00:00:00,23.5,4,5.88,偏低,完整,以該測站 CODiS 2025 年月報表之降水量作為整理後月降雨量；降雨強度=月降水量/降水日數；未做鄉鎮推估。
C2E880,三義,農業站,苗栗縣,三義鄉,507,120.749819,24.405478,三義鄉130縣道13.5K附近(慈濟山茶園內),C2E880-2025.csv,中央氣象署 CODiS / 現存測站清單,https://codis.cwa.gov.tw/ ; https://hdps.cwa.gov.tw/static/state.html,2025,2025-12,12,959.4,15.6,24.2,8.4,3.6,50,18.8,91,3.5,4,1.5,2025/12/27 00:00:00,3.5,4,0.88,偏低,完整,以該測站 CODiS 2025 年月報表之降水量作為整理後月降雨量；降雨強度=月降水量/降水日數；未做鄉鎮推估。
