category,station_code,station_name,station_type,city,town,elevation_m,longitude,latitude,address,month,metric,source_name,source_url,raw_source_file,raw_item_name,raw_item_value,raw_item_unit,processed_value,processed_unit,processed_method,data_status
water,C0E550,明德,署屬自動站,苗栗縣,頭屋鄉,84,120.885411,24.583486,明德水庫水利工作站屋頂上,2025-01,rainfall,中央氣象署 CODiS / 現存測站清單,https://codis.cwa.gov.tw/ ; https://hdps.cwa.gov.tw/static/state.html,C0E550-2025.csv,降水量,31.5,mm,31.5,mm,直接採用該測站 CODiS 2025 年月報表欄位「降水量」作為系統測站層級資料；目前未進行鄉鎮推估。,完整
water,C0E550,明德,署屬自動站,苗栗縣,頭屋鄉,84,120.885411,24.583486,明德水庫水利工作站屋頂上,2025-01,rainfall_days,中央氣象署 CODiS / 現存測站清單,https://codis.cwa.gov.tw/ ; https://hdps.cwa.gov.tw/static/state.html,C0E550-2025.csv,降水日數,8,day,8,day,直接採用該測站 CODiS 2025 年月報表欄位「降水日數」作為系統測站層級資料；目前未進行鄉鎮推估。,完整
water,C0E550,明德,署屬自動站,苗栗縣,頭屋鄉,84,120.885411,24.583486,明德水庫水利工作站屋頂上,2025-01,max_daily_rainfall,中央氣象署 CODiS / 現存測站清單,https://codis.cwa.gov.tw/ ; https://hdps.cwa.gov.tw/static/state.html,C0E550-2025.csv,最大日降水量,7.5,mm,7.5,mm,直接採用該測站 CODiS 2025 年月報表欄位「最大日降水量」作為系統測站層級資料；目前未進行鄉鎮推估。,完整
water,C0E550,明德,署屬自動站,苗栗縣,頭屋鄉,84,120.885411,24.583486,明德水庫水利工作站屋頂上,2025-01,average_temperature,中央氣象署 CODiS / 現存測站清單,https://codis.cwa.gov.tw/ ; https://hdps.cwa.gov.tw/static/state.html,C0E550-2025.csv,氣溫,14.9,℃,14.9,℃,直接採用該測站 CODiS 2025 年月報表欄位「氣溫」作為系統測站層級資料；目前未進行鄉鎮推估。,完整
water,C0E550,明德,署屬自動站,苗栗縣,頭屋鄉,84,120.885411,24.583486,明德水庫水利工作站屋頂上,2025-01,relative_humidity,中央氣象署 CODiS / 現存測站清單,https://codis.cwa.gov.tw/ ; https://hdps.cwa.gov.tw/static/state.html,C0E550-2025.csv,相對溼度,74,%,74,%,直接採用該測站 CODiS 2025 年月報表欄位「相對溼度」作為系統測站層級資料；目前未進行鄉鎮推估。,完整
water,C0E550,明德,署屬自動站,苗栗縣,頭屋鄉,84,120.885411,24.583486,明德水庫水利工作站屋頂上,2025-02,rainfall,中央氣象署 CODiS / 現存測站清單,https://codis.cwa.gov.tw/ ; https://hdps.cwa.gov.tw/static/state.html,C0E550-2025.csv,降水量,77,mm,77,mm,直接採用該測站 CODiS 2025 年月報表欄位「降水量」作為系統測站層級資料；目前未進行鄉鎮推估。,完整
water,C0E550,明德,署屬自動站,苗栗縣,頭屋鄉,84,120.885411,24.583486,明德水庫水利工作站屋頂上,2025-02,rainfall_days,中央氣象署 CODiS / 現存測站清單,https://codis.cwa.gov.tw/ ; https://hdps.cwa.gov.tw/static/state.html,C0E550-2025.csv,降水日數,8,day,8,day,直接採用該測站 CODiS 2025 年月報表欄位「降水日數」作為系統測站層級資料；目前未進行鄉鎮推估。,完整
water,C0E550,明德,署屬自動站,苗栗縣,頭屋鄉,84,120.885411,24.583486,明德水庫水利工作站屋頂上,2025-02,max_daily_rainfall,中央氣象署 CODiS / 現存測站清單,https://codis.cwa.gov.tw/ ; https://hdps.cwa.gov.tw/static/state.html,C0E550-2025.csv,最大日降水量,32,mm,32,mm,直接採用該測站 CODiS 2025 年月報表欄位「最大日降水量」作為系統測站層級資料；目前未進行鄉鎮推估。,完整
water,C0E550,明德,署屬自動站,苗栗縣,頭屋鄉,84,120.885411,24.583486,明德水庫水利工作站屋頂上,2025-02,average_temperature,中央氣象署 CODiS / 現存測站清單,https://codis.cwa.gov.tw/ ; https://hdps.cwa.gov.tw/static/state.html,C0E550-2025.csv,氣溫,15.4,℃,15.4,℃,直接採用該測站 CODiS 2025 年月報表欄位「氣溫」作為系統測站層級資料；目前未進行鄉鎮推估。,完整
water,C0E550,明德,署屬自動站,苗栗縣,頭屋鄉,84,120.885411,24.583486,明德水庫水利工作站屋頂上,2025-02,relative_humidity,中央氣象署 CODiS / 現存測站清單,https://codis.cwa.gov.tw/ ; https://hdps.cwa.gov.tw/static/state.html,C0E550-2025.csv,相對溼度,81,%,81,%,直接採用該測站 CODiS 2025 年月報表欄位「相對溼度」作為系統測站層級資料；目前未進行鄉鎮推估。,完整
water,C0E550,明德,署屬自動站,苗栗縣,頭屋鄉,84,120.885411,24.583486,明德水庫水利工作站屋頂上,2025-03,rainfall,中央氣象署 CODiS / 現存測站清單,https://codis.cwa.gov.tw/ ; https://hdps.cwa.gov.tw/static/state.html,C0E550-2025.csv,降水量,264,mm,264,mm,直接採用該測站 CODiS 2025 年月報表欄位「降水量」作為系統測站層級資料；目前未進行鄉鎮推估。,完整
water,C0E550,明德,署屬自動站,苗栗縣,頭屋鄉,84,120.885411,24.583486,明德水庫水利工作站屋頂上,2025-03,rainfall_days,中央氣象署 CODiS / 現存測站清單,https://codis.cwa.gov.tw/ ; https://hdps.cwa.gov.tw/static/state.html,C0E550-2025.csv,降水日數,12,day,12,day,直接採用該測站 CODiS 2025 年月報表欄位「降水日數」作為系統測站層級資料；目前未進行鄉鎮推估。,完整
water,C0E550,明德,署屬自動站,苗栗縣,頭屋鄉,84,120.885411,24.583486,明德水庫水利工作站屋頂上,2025-03,max_daily_rainfall,中央氣象署 CODiS / 現存測站清單,https://codis.cwa.gov.tw/ ; https://hdps.cwa.gov.tw/static/state.html,C0E550-2025.csv,最大日降水量,53.5,mm,53.5,mm,直接採用該測站 CODiS 2025 年月報表欄位「最大日降水量」作為系統測站層級資料；目前未進行鄉鎮推估。,完整
water,C0E550,明德,署屬自動站,苗栗縣,頭屋鄉,84,120.885411,24.583486,明德水庫水利工作站屋頂上,2025-03,average_temperature,中央氣象署 CODiS / 現存測站清單,https://codis.cwa.gov.tw/ ; https://hdps.cwa.gov.tw/static/state.html,C0E550-2025.csv,氣溫,17.9,℃,17.9,℃,直接採用該測站 CODiS 2025 年月報表欄位「氣溫」作為系統測站層級資料；目前未進行鄉鎮推估。,完整
water,C0E550,明德,署屬自動站,苗栗縣,頭屋鄉,84,120.885411,24.583486,明德水庫水利工作站屋頂上,2025-03,relative_humidity,中央氣象署 CODiS / 現存測站清單,https://codis.cwa.gov.tw/ ; https://hdps.cwa.gov.tw/static/state.html,C0E550-2025.csv,相對溼度,79,%,79,%,直接採用該測站 CODiS 2025 年月報表欄位「相對溼度」作為系統測站層級資料；目前未進行鄉鎮推估。,完整
water,C0E550,明德,署屬自動站,苗栗縣,頭屋鄉,84,120.885411,24.583486,明德水庫水利工作站屋頂上,2025-04,rainfall,中央氣象署 CODiS / 現存測站清單,https://codis.cwa.gov.tw/ ; https://hdps.cwa.gov.tw/static/state.html,C0E550-2025.csv,降水量,157.5,mm,157.5,mm,直接採用該測站 CODiS 2025 年月報表欄位「降水量」作為系統測站層級資料；目前未進行鄉鎮推估。,完整
water,C0E550,明德,署屬自動站,苗栗縣,頭屋鄉,84,120.885411,24.583486,明德水庫水利工作站屋頂上,2025-04,rainfall_days,中央氣象署 CODiS / 現存測站清單,https://codis.cwa.gov.tw/ ; https://hdps.cwa.gov.tw/static/state.html,C0E550-2025.csv,降水日數,13,day,13,day,直接採用該測站 CODiS 2025 年月報表欄位「降水日數」作為系統測站層級資料；目前未進行鄉鎮推估。,完整
water,C0E550,明德,署屬自動站,苗栗縣,頭屋鄉,84,120.885411,24.583486,明德水庫水利工作站屋頂上,2025-04,max_daily_rainfall,中央氣象署 CODiS / 現存測站清單,https://codis.cwa.gov.tw/ ; https://hdps.cwa.gov.tw/static/state.html,C0E550-2025.csv,最大日降水量,58.5,mm,58.5,mm,直接採用該測站 CODiS 2025 年月報表欄位「最大日降水量」作為系統測站層級資料；目前未進行鄉鎮推估。,完整
water,C0E550,明德,署屬自動站,苗栗縣,頭屋鄉,84,120.885411,24.583486,明德水庫水利工作站屋頂上,2025-04,average_temperature,中央氣象署 CODiS / 現存測站清單,https://codis.cwa.gov.tw/ ; https://hdps.cwa.gov.tw/static/state.html,C0E550-2025.csv,氣溫,22,℃,22,℃,直接採用該測站 CODiS 2025 年月報表欄位「氣溫」作為系統測站層級資料；目前未進行鄉鎮推估。,完整
water,C0E550,明德,署屬自動站,苗栗縣,頭屋鄉,84,120.885411,24.583486,明德水庫水利工作站屋頂上,2025-04,relative_humidity,中央氣象署 CODiS / 現存測站清單,https://codis.cwa.gov.tw/ ; https://hdps.cwa.gov.tw/static/state.html,C0E550-2025.csv,相對溼度,79,%,79,%,直接採用該測站 CODiS 2025 年月報表欄位「相對溼度」作為系統測站層級資料；目前未進行鄉鎮推估。,完整
water,C0E550,明德,署屬自動站,苗栗縣,頭屋鄉,84,120.885411,24.583486,明德水庫水利工作站屋頂上,2025-05,rainfall,中央氣象署 CODiS / 現存測站清單,https://codis.cwa.gov.tw/ ; https://hdps.cwa.gov.tw/static/state.html,C0E550-2025.csv,降水量,294,mm,294,mm,直接採用該測站 CODiS 2025 年月報表欄位「降水量」作為系統測站層級資料；目前未進行鄉鎮推估。,完整
water,C0E550,明德,署屬自動站,苗栗縣,頭屋鄉,84,120.885411,24.583486,明德水庫水利工作站屋頂上,2025-05,rainfall_days,中央氣象署 CODiS / 現存測站清單,https://codis.cwa.gov.tw/ ; https://hdps.cwa.gov.tw/static/state.html,C0E550-2025.csv,降水日數,12,day,12,day,直接採用該測站 CODiS 2025 年月報表欄位「降水日數」作為系統測站層級資料；目前未進行鄉鎮推估。,完整
water,C0E550,明德,署屬自動站,苗栗縣,頭屋鄉,84,120.885411,24.583486,明德水庫水利工作站屋頂上,2025-05,max_daily_rainfall,中央氣象署 CODiS / 現存測站清單,https://codis.cwa.gov.tw/ ; https://hdps.cwa.gov.tw/static/state.html,C0E550-2025.csv,最大日降水量,84,mm,84,mm,直接採用該測站 CODiS 2025 年月報表欄位「最大日降水量」作為系統測站層級資料；目前未進行鄉鎮推估。,完整
water,C0E550,明德,署屬自動站,苗栗縣,頭屋鄉,84,120.885411,24.583486,明德水庫水利工作站屋頂上,2025-05,average_temperature,中央氣象署 CODiS / 現存測站清單,https://codis.cwa.gov.tw/ ; https://hdps.cwa.gov.tw/static/state.html,C0E550-2025.csv,氣溫,25.5,℃,25.5,℃,直接採用該測站 CODiS 2025 年月報表欄位「氣溫」作為系統測站層級資料；目前未進行鄉鎮推估。,完整
water,C0E550,明德,署屬自動站,苗栗縣,頭屋鄉,84,120.885411,24.583486,明德水庫水利工作站屋頂上,2025-05,relative_humidity,中央氣象署 CODiS / 現存測站清單,https://codis.cwa.gov.tw/ ; https://hdps.cwa.gov.tw/static/state.html,C0E550-2025.csv,相對溼度,81,%,81,%,直接採用該測站 CODiS 2025 年月報表欄位「相對溼度」作為系統測站層級資料；目前未進行鄉鎮推估。,完整
water,C0E550,明德,署屬自動站,苗栗縣,頭屋鄉,84,120.885411,24.583486,明德水庫水利工作站屋頂上,2025-06,rainfall,中央氣象署 CODiS / 現存測站清單,https://codis.cwa.gov.tw/ ; https://hdps.cwa.gov.tw/static/state.html,C0E550-2025.csv,降水量,94,mm,94,mm,直接採用該測站 CODiS 2025 年月報表欄位「降水量」作為系統測站層級資料；目前未進行鄉鎮推估。,完整
water,C0E550,明德,署屬自動站,苗栗縣,頭屋鄉,84,120.885411,24.583486,明德水庫水利工作站屋頂上,2025-06,rainfall_days,中央氣象署 CODiS / 現存測站清單,https://codis.cwa.gov.tw/ ; https://hdps.cwa.gov.tw/static/state.html,C0E550-2025.csv,降水日數,9,day,9,day,直接採用該測站 CODiS 2025 年月報表欄位「降水日數」作為系統測站層級資料；目前未進行鄉鎮推估。,完整
water,C0E550,明德,署屬自動站,苗栗縣,頭屋鄉,84,120.885411,24.583486,明德水庫水利工作站屋頂上,2025-06,max_daily_rainfall,中央氣象署 CODiS / 現存測站清單,https://codis.cwa.gov.tw/ ; https://hdps.cwa.gov.tw/static/state.html,C0E550-2025.csv,最大日降水量,30,mm,30,mm,直接採用該測站 CODiS 2025 年月報表欄位「最大日降水量」作為系統測站層級資料；目前未進行鄉鎮推估。,完整
water,C0E550,明德,署屬自動站,苗栗縣,頭屋鄉,84,120.885411,24.583486,明德水庫水利工作站屋頂上,2025-06,average_temperature,中央氣象署 CODiS / 現存測站清單,https://codis.cwa.gov.tw/ ; https://hdps.cwa.gov.tw/static/state.html,C0E550-2025.csv,氣溫,28.5,℃,28.5,℃,直接採用該測站 CODiS 2025 年月報表欄位「氣溫」作為系統測站層級資料；目前未進行鄉鎮推估。,完整
water,C0E550,明德,署屬自動站,苗栗縣,頭屋鄉,84,120.885411,24.583486,明德水庫水利工作站屋頂上,2025-06,relative_humidity,中央氣象署 CODiS / 現存測站清單,https://codis.cwa.gov.tw/ ; https://hdps.cwa.gov.tw/static/state.html,C0E550-2025.csv,相對溼度,78,%,78,%,直接採用該測站 CODiS 2025 年月報表欄位「相對溼度」作為系統測站層級資料；目前未進行鄉鎮推估。,完整
water,C0E550,明德,署屬自動站,苗栗縣,頭屋鄉,84,120.885411,24.583486,明德水庫水利工作站屋頂上,2025-07,rainfall,中央氣象署 CODiS / 現存測站清單,https://codis.cwa.gov.tw/ ; https://hdps.cwa.gov.tw/static/state.html,C0E550-2025.csv,降水量,461,mm,461,mm,直接採用該測站 CODiS 2025 年月報表欄位「降水量」作為系統測站層級資料；目前未進行鄉鎮推估。,完整
water,C0E550,明德,署屬自動站,苗栗縣,頭屋鄉,84,120.885411,24.583486,明德水庫水利工作站屋頂上,2025-07,rainfall_days,中央氣象署 CODiS / 現存測站清單,https://codis.cwa.gov.tw/ ; https://hdps.cwa.gov.tw/static/state.html,C0E550-2025.csv,降水日數,19,day,19,day,直接採用該測站 CODiS 2025 年月報表欄位「降水日數」作為系統測站層級資料；目前未進行鄉鎮推估。,完整
water,C0E550,明德,署屬自動站,苗栗縣,頭屋鄉,84,120.885411,24.583486,明德水庫水利工作站屋頂上,2025-07,max_daily_rainfall,中央氣象署 CODiS / 現存測站清單,https://codis.cwa.gov.tw/ ; https://hdps.cwa.gov.tw/static/state.html,C0E550-2025.csv,最大日降水量,162,mm,162,mm,直接採用該測站 CODiS 2025 年月報表欄位「最大日降水量」作為系統測站層級資料；目前未進行鄉鎮推估。,完整
water,C0E550,明德,署屬自動站,苗栗縣,頭屋鄉,84,120.885411,24.583486,明德水庫水利工作站屋頂上,2025-07,average_temperature,中央氣象署 CODiS / 現存測站清單,https://codis.cwa.gov.tw/ ; https://hdps.cwa.gov.tw/static/state.html,C0E550-2025.csv,氣溫,28.6,℃,28.6,℃,直接採用該測站 CODiS 2025 年月報表欄位「氣溫」作為系統測站層級資料；目前未進行鄉鎮推估。,完整
water,C0E550,明德,署屬自動站,苗栗縣,頭屋鄉,84,120.885411,24.583486,明德水庫水利工作站屋頂上,2025-07,relative_humidity,中央氣象署 CODiS / 現存測站清單,https://codis.cwa.gov.tw/ ; https://hdps.cwa.gov.tw/static/state.html,C0E550-2025.csv,相對溼度,81,%,81,%,直接採用該測站 CODiS 2025 年月報表欄位「相對溼度」作為系統測站層級資料；目前未進行鄉鎮推估。,完整
water,C0E550,明德,署屬自動站,苗栗縣,頭屋鄉,84,120.885411,24.583486,明德水庫水利工作站屋頂上,2025-08,rainfall,中央氣象署 CODiS / 現存測站清單,https://codis.cwa.gov.tw/ ; https://hdps.cwa.gov.tw/static/state.html,C0E550-2025.csv,降水量,57.5,mm,57.5,mm,直接採用該測站 CODiS 2025 年月報表欄位「降水量」作為系統測站層級資料；目前未進行鄉鎮推估。,完整
water,C0E550,明德,署屬自動站,苗栗縣,頭屋鄉,84,120.885411,24.583486,明德水庫水利工作站屋頂上,2025-08,rainfall_days,中央氣象署 CODiS / 現存測站清單,https://codis.cwa.gov.tw/ ; https://hdps.cwa.gov.tw/static/state.html,C0E550-2025.csv,降水日數,9,day,9,day,直接採用該測站 CODiS 2025 年月報表欄位「降水日數」作為系統測站層級資料；目前未進行鄉鎮推估。,完整
water,C0E550,明德,署屬自動站,苗栗縣,頭屋鄉,84,120.885411,24.583486,明德水庫水利工作站屋頂上,2025-08,max_daily_rainfall,中央氣象署 CODiS / 現存測站清單,https://codis.cwa.gov.tw/ ; https://hdps.cwa.gov.tw/static/state.html,C0E550-2025.csv,最大日降水量,18,mm,18,mm,直接採用該測站 CODiS 2025 年月報表欄位「最大日降水量」作為系統測站層級資料；目前未進行鄉鎮推估。,完整
water,C0E550,明德,署屬自動站,苗栗縣,頭屋鄉,84,120.885411,24.583486,明德水庫水利工作站屋頂上,2025-08,average_temperature,中央氣象署 CODiS / 現存測站清單,https://codis.cwa.gov.tw/ ; https://hdps.cwa.gov.tw/static/state.html,C0E550-2025.csv,氣溫,28.8,℃,28.8,℃,直接採用該測站 CODiS 2025 年月報表欄位「氣溫」作為系統測站層級資料；目前未進行鄉鎮推估。,完整
water,C0E550,明德,署屬自動站,苗栗縣,頭屋鄉,84,120.885411,24.583486,明德水庫水利工作站屋頂上,2025-08,relative_humidity,中央氣象署 CODiS / 現存測站清單,https://codis.cwa.gov.tw/ ; https://hdps.cwa.gov.tw/static/state.html,C0E550-2025.csv,相對溼度,77,%,77,%,直接採用該測站 CODiS 2025 年月報表欄位「相對溼度」作為系統測站層級資料；目前未進行鄉鎮推估。,完整
water,C0E550,明德,署屬自動站,苗栗縣,頭屋鄉,84,120.885411,24.583486,明德水庫水利工作站屋頂上,2025-09,rainfall,中央氣象署 CODiS / 現存測站清單,https://codis.cwa.gov.tw/ ; https://hdps.cwa.gov.tw/static/state.html,C0E550-2025.csv,降水量,110.5,mm,110.5,mm,直接採用該測站 CODiS 2025 年月報表欄位「降水量」作為系統測站層級資料；目前未進行鄉鎮推估。,完整
water,C0E550,明德,署屬自動站,苗栗縣,頭屋鄉,84,120.885411,24.583486,明德水庫水利工作站屋頂上,2025-09,rainfall_days,中央氣象署 CODiS / 現存測站清單,https://codis.cwa.gov.tw/ ; https://hdps.cwa.gov.tw/static/state.html,C0E550-2025.csv,降水日數,8,day,8,day,直接採用該測站 CODiS 2025 年月報表欄位「降水日數」作為系統測站層級資料；目前未進行鄉鎮推估。,完整
water,C0E550,明德,署屬自動站,苗栗縣,頭屋鄉,84,120.885411,24.583486,明德水庫水利工作站屋頂上,2025-09,max_daily_rainfall,中央氣象署 CODiS / 現存測站清單,https://codis.cwa.gov.tw/ ; https://hdps.cwa.gov.tw/static/state.html,C0E550-2025.csv,最大日降水量,70.5,mm,70.5,mm,直接採用該測站 CODiS 2025 年月報表欄位「最大日降水量」作為系統測站層級資料；目前未進行鄉鎮推估。,完整
water,C0E550,明德,署屬自動站,苗栗縣,頭屋鄉,84,120.885411,24.583486,明德水庫水利工作站屋頂上,2025-09,average_temperature,中央氣象署 CODiS / 現存測站清單,https://codis.cwa.gov.tw/ ; https://hdps.cwa.gov.tw/static/state.html,C0E550-2025.csv,氣溫,28.3,℃,28.3,℃,直接採用該測站 CODiS 2025 年月報表欄位「氣溫」作為系統測站層級資料；目前未進行鄉鎮推估。,完整
water,C0E550,明德,署屬自動站,苗栗縣,頭屋鄉,84,120.885411,24.583486,明德水庫水利工作站屋頂上,2025-09,relative_humidity,中央氣象署 CODiS / 現存測站清單,https://codis.cwa.gov.tw/ ; https://hdps.cwa.gov.tw/static/state.html,C0E550-2025.csv,相對溼度,82,%,82,%,直接採用該測站 CODiS 2025 年月報表欄位「相對溼度」作為系統測站層級資料；目前未進行鄉鎮推估。,完整
water,C0E550,明德,署屬自動站,苗栗縣,頭屋鄉,84,120.885411,24.583486,明德水庫水利工作站屋頂上,2025-10,rainfall,中央氣象署 CODiS / 現存測站清單,https://codis.cwa.gov.tw/ ; https://hdps.cwa.gov.tw/static/state.html,C0E550-2025.csv,降水量,70.5,mm,70.5,mm,直接採用該測站 CODiS 2025 年月報表欄位「降水量」作為系統測站層級資料；目前未進行鄉鎮推估。,完整
water,C0E550,明德,署屬自動站,苗栗縣,頭屋鄉,84,120.885411,24.583486,明德水庫水利工作站屋頂上,2025-10,rainfall_days,中央氣象署 CODiS / 現存測站清單,https://codis.cwa.gov.tw/ ; https://hdps.cwa.gov.tw/static/state.html,C0E550-2025.csv,降水日數,6,day,6,day,直接採用該測站 CODiS 2025 年月報表欄位「降水日數」作為系統測站層級資料；目前未進行鄉鎮推估。,完整
water,C0E550,明德,署屬自動站,苗栗縣,頭屋鄉,84,120.885411,24.583486,明德水庫水利工作站屋頂上,2025-10,max_daily_rainfall,中央氣象署 CODiS / 現存測站清單,https://codis.cwa.gov.tw/ ; https://hdps.cwa.gov.tw/static/state.html,C0E550-2025.csv,最大日降水量,30,mm,30,mm,直接採用該測站 CODiS 2025 年月報表欄位「最大日降水量」作為系統測站層級資料；目前未進行鄉鎮推估。,完整
water,C0E550,明德,署屬自動站,苗栗縣,頭屋鄉,84,120.885411,24.583486,明德水庫水利工作站屋頂上,2025-10,average_temperature,中央氣象署 CODiS / 現存測站清單,https://codis.cwa.gov.tw/ ; https://hdps.cwa.gov.tw/static/state.html,C0E550-2025.csv,氣溫,26.5,℃,26.5,℃,直接採用該測站 CODiS 2025 年月報表欄位「氣溫」作為系統測站層級資料；目前未進行鄉鎮推估。,完整
water,C0E550,明德,署屬自動站,苗栗縣,頭屋鄉,84,120.885411,24.583486,明德水庫水利工作站屋頂上,2025-10,relative_humidity,中央氣象署 CODiS / 現存測站清單,https://codis.cwa.gov.tw/ ; https://hdps.cwa.gov.tw/static/state.html,C0E550-2025.csv,相對溼度,79,%,79,%,直接採用該測站 CODiS 2025 年月報表欄位「相對溼度」作為系統測站層級資料；目前未進行鄉鎮推估。,完整
water,C0E550,明德,署屬自動站,苗栗縣,頭屋鄉,84,120.885411,24.583486,明德水庫水利工作站屋頂上,2025-11,rainfall,中央氣象署 CODiS / 現存測站清單,https://codis.cwa.gov.tw/ ; https://hdps.cwa.gov.tw/static/state.html,C0E550-2025.csv,降水量,31.5,mm,31.5,mm,直接採用該測站 CODiS 2025 年月報表欄位「降水量」作為系統測站層級資料；目前未進行鄉鎮推估。,完整
water,C0E550,明德,署屬自動站,苗栗縣,頭屋鄉,84,120.885411,24.583486,明德水庫水利工作站屋頂上,2025-11,rainfall_days,中央氣象署 CODiS / 現存測站清單,https://codis.cwa.gov.tw/ ; https://hdps.cwa.gov.tw/static/state.html,C0E550-2025.csv,降水日數,5,day,5,day,直接採用該測站 CODiS 2025 年月報表欄位「降水日數」作為系統測站層級資料；目前未進行鄉鎮推估。,完整
water,C0E550,明德,署屬自動站,苗栗縣,頭屋鄉,84,120.885411,24.583486,明德水庫水利工作站屋頂上,2025-11,max_daily_rainfall,中央氣象署 CODiS / 現存測站清單,https://codis.cwa.gov.tw/ ; https://hdps.cwa.gov.tw/static/state.html,C0E550-2025.csv,最大日降水量,16,mm,16,mm,直接採用該測站 CODiS 2025 年月報表欄位「最大日降水量」作為系統測站層級資料；目前未進行鄉鎮推估。,完整
water,C0E550,明德,署屬自動站,苗栗縣,頭屋鄉,84,120.885411,24.583486,明德水庫水利工作站屋頂上,2025-11,average_temperature,中央氣象署 CODiS / 現存測站清單,https://codis.cwa.gov.tw/ ; https://hdps.cwa.gov.tw/static/state.html,C0E550-2025.csv,氣溫,21.6,℃,21.6,℃,直接採用該測站 CODiS 2025 年月報表欄位「氣溫」作為系統測站層級資料；目前未進行鄉鎮推估。,完整
water,C0E550,明德,署屬自動站,苗栗縣,頭屋鄉,84,120.885411,24.583486,明德水庫水利工作站屋頂上,2025-11,relative_humidity,中央氣象署 CODiS / 現存測站清單,https://codis.cwa.gov.tw/ ; https://hdps.cwa.gov.tw/static/state.html,C0E550-2025.csv,相對溼度,77,%,77,%,直接採用該測站 CODiS 2025 年月報表欄位「相對溼度」作為系統測站層級資料；目前未進行鄉鎮推估。,完整
water,C0E550,明德,署屬自動站,苗栗縣,頭屋鄉,84,120.885411,24.583486,明德水庫水利工作站屋頂上,2025-12,rainfall,中央氣象署 CODiS / 現存測站清單,https://codis.cwa.gov.tw/ ; https://hdps.cwa.gov.tw/static/state.html,C0E550-2025.csv,降水量,3,mm,3,mm,直接採用該測站 CODiS 2025 年月報表欄位「降水量」作為系統測站層級資料；目前未進行鄉鎮推估。,完整
water,C0E550,明德,署屬自動站,苗栗縣,頭屋鄉,84,120.885411,24.583486,明德水庫水利工作站屋頂上,2025-12,rainfall_days,中央氣象署 CODiS / 現存測站清單,https://codis.cwa.gov.tw/ ; https://hdps.cwa.gov.tw/static/state.html,C0E550-2025.csv,降水日數,3,day,3,day,直接採用該測站 CODiS 2025 年月報表欄位「降水日數」作為系統測站層級資料；目前未進行鄉鎮推估。,完整
water,C0E550,明德,署屬自動站,苗栗縣,頭屋鄉,84,120.885411,24.583486,明德水庫水利工作站屋頂上,2025-12,max_daily_rainfall,中央氣象署 CODiS / 現存測站清單,https://codis.cwa.gov.tw/ ; https://hdps.cwa.gov.tw/static/state.html,C0E550-2025.csv,最大日降水量,1.5,mm,1.5,mm,直接採用該測站 CODiS 2025 年月報表欄位「最大日降水量」作為系統測站層級資料；目前未進行鄉鎮推估。,完整
water,C0E550,明德,署屬自動站,苗栗縣,頭屋鄉,84,120.885411,24.583486,明德水庫水利工作站屋頂上,2025-12,average_temperature,中央氣象署 CODiS / 現存測站清單,https://codis.cwa.gov.tw/ ; https://hdps.cwa.gov.tw/static/state.html,C0E550-2025.csv,氣溫,18.4,℃,18.4,℃,直接採用該測站 CODiS 2025 年月報表欄位「氣溫」作為系統測站層級資料；目前未進行鄉鎮推估。,完整
water,C0E550,明德,署屬自動站,苗栗縣,頭屋鄉,84,120.885411,24.583486,明德水庫水利工作站屋頂上,2025-12,relative_humidity,中央氣象署 CODiS / 現存測站清單,https://codis.cwa.gov.tw/ ; https://hdps.cwa.gov.tw/static/state.html,C0E550-2025.csv,相對溼度,80,%,80,%,直接採用該測站 CODiS 2025 年月報表欄位「相對溼度」作為系統測站層級資料；目前未進行鄉鎮推估。,完整
water,C0E570,白沙屯,署屬自動站,苗栗縣,通霄鎮,31,120.696803,24.549447,新埔里19鄰新埔151-2號,2025-01,rainfall,中央氣象署 CODiS / 現存測站清單,https://codis.cwa.gov.tw/ ; https://hdps.cwa.gov.tw/static/state.html,C0E570-2025.csv,降水量,,mm,,mm,直接採用該測站 CODiS 2025 年月報表欄位「降水量」作為系統測站層級資料；目前未進行鄉鎮推估。,缺值
water,C0E570,白沙屯,署屬自動站,苗栗縣,通霄鎮,31,120.696803,24.549447,新埔里19鄰新埔151-2號,2025-01,rainfall_days,中央氣象署 CODiS / 現存測站清單,https://codis.cwa.gov.tw/ ; https://hdps.cwa.gov.tw/static/state.html,C0E570-2025.csv,降水日數,,day,,day,直接採用該測站 CODiS 2025 年月報表欄位「降水日數」作為系統測站層級資料；目前未進行鄉鎮推估。,缺值
water,C0E570,白沙屯,署屬自動站,苗栗縣,通霄鎮,31,120.696803,24.549447,新埔里19鄰新埔151-2號,2025-01,max_daily_rainfall,中央氣象署 CODiS / 現存測站清單,https://codis.cwa.gov.tw/ ; https://hdps.cwa.gov.tw/static/state.html,C0E570-2025.csv,最大日降水量,,mm,,mm,直接採用該測站 CODiS 2025 年月報表欄位「最大日降水量」作為系統測站層級資料；目前未進行鄉鎮推估。,缺值
water,C0E570,白沙屯,署屬自動站,苗栗縣,通霄鎮,31,120.696803,24.549447,新埔里19鄰新埔151-2號,2025-01,average_temperature,中央氣象署 CODiS / 現存測站清單,https://codis.cwa.gov.tw/ ; https://hdps.cwa.gov.tw/static/state.html,C0E570-2025.csv,氣溫,,℃,,℃,直接採用該測站 CODiS 2025 年月報表欄位「氣溫」作為系統測站層級資料；目前未進行鄉鎮推估。,缺值
water,C0E570,白沙屯,署屬自動站,苗栗縣,通霄鎮,31,120.696803,24.549447,新埔里19鄰新埔151-2號,2025-01,relative_humidity,中央氣象署 CODiS / 現存測站清單,https://codis.cwa.gov.tw/ ; https://hdps.cwa.gov.tw/static/state.html,C0E570-2025.csv,相對溼度,,%,,%,直接採用該測站 CODiS 2025 年月報表欄位「相對溼度」作為系統測站層級資料；目前未進行鄉鎮推估。,缺值
water,C0E570,白沙屯,署屬自動站,苗栗縣,通霄鎮,31,120.696803,24.549447,新埔里19鄰新埔151-2號,2025-02,rainfall,中央氣象署 CODiS / 現存測站清單,https://codis.cwa.gov.tw/ ; https://hdps.cwa.gov.tw/static/state.html,C0E570-2025.csv,降水量,45,mm,45,mm,直接採用該測站 CODiS 2025 年月報表欄位「降水量」作為系統測站層級資料；目前未進行鄉鎮推估。,完整
water,C0E570,白沙屯,署屬自動站,苗栗縣,通霄鎮,31,120.696803,24.549447,新埔里19鄰新埔151-2號,2025-02,rainfall_days,中央氣象署 CODiS / 現存測站清單,https://codis.cwa.gov.tw/ ; https://hdps.cwa.gov.tw/static/state.html,C0E570-2025.csv,降水日數,4,day,4,day,直接採用該測站 CODiS 2025 年月報表欄位「降水日數」作為系統測站層級資料；目前未進行鄉鎮推估。,完整
water,C0E570,白沙屯,署屬自動站,苗栗縣,通霄鎮,31,120.696803,24.549447,新埔里19鄰新埔151-2號,2025-02,max_daily_rainfall,中央氣象署 CODiS / 現存測站清單,https://codis.cwa.gov.tw/ ; https://hdps.cwa.gov.tw/static/state.html,C0E570-2025.csv,最大日降水量,25.5,mm,25.5,mm,直接採用該測站 CODiS 2025 年月報表欄位「最大日降水量」作為系統測站層級資料；目前未進行鄉鎮推估。,完整
water,C0E570,白沙屯,署屬自動站,苗栗縣,通霄鎮,31,120.696803,24.549447,新埔里19鄰新埔151-2號,2025-02,average_temperature,中央氣象署 CODiS / 現存測站清單,https://codis.cwa.gov.tw/ ; https://hdps.cwa.gov.tw/static/state.html,C0E570-2025.csv,氣溫,15,℃,15,℃,直接採用該測站 CODiS 2025 年月報表欄位「氣溫」作為系統測站層級資料；目前未進行鄉鎮推估。,完整
water,C0E570,白沙屯,署屬自動站,苗栗縣,通霄鎮,31,120.696803,24.549447,新埔里19鄰新埔151-2號,2025-02,relative_humidity,中央氣象署 CODiS / 現存測站清單,https://codis.cwa.gov.tw/ ; https://hdps.cwa.gov.tw/static/state.html,C0E570-2025.csv,相對溼度,83,%,83,%,直接採用該測站 CODiS 2025 年月報表欄位「相對溼度」作為系統測站層級資料；目前未進行鄉鎮推估。,完整
water,C0E570,白沙屯,署屬自動站,苗栗縣,通霄鎮,31,120.696803,24.549447,新埔里19鄰新埔151-2號,2025-03,rainfall,中央氣象署 CODiS / 現存測站清單,https://codis.cwa.gov.tw/ ; https://hdps.cwa.gov.tw/static/state.html,C0E570-2025.csv,降水量,202.5,mm,202.5,mm,直接採用該測站 CODiS 2025 年月報表欄位「降水量」作為系統測站層級資料；目前未進行鄉鎮推估。,完整
water,C0E570,白沙屯,署屬自動站,苗栗縣,通霄鎮,31,120.696803,24.549447,新埔里19鄰新埔151-2號,2025-03,rainfall_days,中央氣象署 CODiS / 現存測站清單,https://codis.cwa.gov.tw/ ; https://hdps.cwa.gov.tw/static/state.html,C0E570-2025.csv,降水日數,11,day,11,day,直接採用該測站 CODiS 2025 年月報表欄位「降水日數」作為系統測站層級資料；目前未進行鄉鎮推估。,完整
water,C0E570,白沙屯,署屬自動站,苗栗縣,通霄鎮,31,120.696803,24.549447,新埔里19鄰新埔151-2號,2025-03,max_daily_rainfall,中央氣象署 CODiS / 現存測站清單,https://codis.cwa.gov.tw/ ; https://hdps.cwa.gov.tw/static/state.html,C0E570-2025.csv,最大日降水量,51,mm,51,mm,直接採用該測站 CODiS 2025 年月報表欄位「最大日降水量」作為系統測站層級資料；目前未進行鄉鎮推估。,完整
water,C0E570,白沙屯,署屬自動站,苗栗縣,通霄鎮,31,120.696803,24.549447,新埔里19鄰新埔151-2號,2025-03,average_temperature,中央氣象署 CODiS / 現存測站清單,https://codis.cwa.gov.tw/ ; https://hdps.cwa.gov.tw/static/state.html,C0E570-2025.csv,氣溫,17.9,℃,17.9,℃,直接採用該測站 CODiS 2025 年月報表欄位「氣溫」作為系統測站層級資料；目前未進行鄉鎮推估。,完整
water,C0E570,白沙屯,署屬自動站,苗栗縣,通霄鎮,31,120.696803,24.549447,新埔里19鄰新埔151-2號,2025-03,relative_humidity,中央氣象署 CODiS / 現存測站清單,https://codis.cwa.gov.tw/ ; https://hdps.cwa.gov.tw/static/state.html,C0E570-2025.csv,相對溼度,78,%,78,%,直接採用該測站 CODiS 2025 年月報表欄位「相對溼度」作為系統測站層級資料；目前未進行鄉鎮推估。,完整
water,C0E570,白沙屯,署屬自動站,苗栗縣,通霄鎮,31,120.696803,24.549447,新埔里19鄰新埔151-2號,2025-04,rainfall,中央氣象署 CODiS / 現存測站清單,https://codis.cwa.gov.tw/ ; https://hdps.cwa.gov.tw/static/state.html,C0E570-2025.csv,降水量,118.5,mm,118.5,mm,直接採用該測站 CODiS 2025 年月報表欄位「降水量」作為系統測站層級資料；目前未進行鄉鎮推估。,完整
water,C0E570,白沙屯,署屬自動站,苗栗縣,通霄鎮,31,120.696803,24.549447,新埔里19鄰新埔151-2號,2025-04,rainfall_days,中央氣象署 CODiS / 現存測站清單,https://codis.cwa.gov.tw/ ; https://hdps.cwa.gov.tw/static/state.html,C0E570-2025.csv,降水日數,13,day,13,day,直接採用該測站 CODiS 2025 年月報表欄位「降水日數」作為系統測站層級資料；目前未進行鄉鎮推估。,完整
water,C0E570,白沙屯,署屬自動站,苗栗縣,通霄鎮,31,120.696803,24.549447,新埔里19鄰新埔151-2號,2025-04,max_daily_rainfall,中央氣象署 CODiS / 現存測站清單,https://codis.cwa.gov.tw/ ; https://hdps.cwa.gov.tw/static/state.html,C0E570-2025.csv,最大日降水量,46,mm,46,mm,直接採用該測站 CODiS 2025 年月報表欄位「最大日降水量」作為系統測站層級資料；目前未進行鄉鎮推估。,完整
water,C0E570,白沙屯,署屬自動站,苗栗縣,通霄鎮,31,120.696803,24.549447,新埔里19鄰新埔151-2號,2025-04,average_temperature,中央氣象署 CODiS / 現存測站清單,https://codis.cwa.gov.tw/ ; https://hdps.cwa.gov.tw/static/state.html,C0E570-2025.csv,氣溫,22.4,℃,22.4,℃,直接採用該測站 CODiS 2025 年月報表欄位「氣溫」作為系統測站層級資料；目前未進行鄉鎮推估。,完整
water,C0E570,白沙屯,署屬自動站,苗栗縣,通霄鎮,31,120.696803,24.549447,新埔里19鄰新埔151-2號,2025-04,relative_humidity,中央氣象署 CODiS / 現存測站清單,https://codis.cwa.gov.tw/ ; https://hdps.cwa.gov.tw/static/state.html,C0E570-2025.csv,相對溼度,76,%,76,%,直接採用該測站 CODiS 2025 年月報表欄位「相對溼度」作為系統測站層級資料；目前未進行鄉鎮推估。,完整
water,C0E570,白沙屯,署屬自動站,苗栗縣,通霄鎮,31,120.696803,24.549447,新埔里19鄰新埔151-2號,2025-05,rainfall,中央氣象署 CODiS / 現存測站清單,https://codis.cwa.gov.tw/ ; https://hdps.cwa.gov.tw/static/state.html,C0E570-2025.csv,降水量,227.5,mm,227.5,mm,直接採用該測站 CODiS 2025 年月報表欄位「降水量」作為系統測站層級資料；目前未進行鄉鎮推估。,完整
water,C0E570,白沙屯,署屬自動站,苗栗縣,通霄鎮,31,120.696803,24.549447,新埔里19鄰新埔151-2號,2025-05,rainfall_days,中央氣象署 CODiS / 現存測站清單,https://codis.cwa.gov.tw/ ; https://hdps.cwa.gov.tw/static/state.html,C0E570-2025.csv,降水日數,9,day,9,day,直接採用該測站 CODiS 2025 年月報表欄位「降水日數」作為系統測站層級資料；目前未進行鄉鎮推估。,完整
water,C0E570,白沙屯,署屬自動站,苗栗縣,通霄鎮,31,120.696803,24.549447,新埔里19鄰新埔151-2號,2025-05,max_daily_rainfall,中央氣象署 CODiS / 現存測站清單,https://codis.cwa.gov.tw/ ; https://hdps.cwa.gov.tw/static/state.html,C0E570-2025.csv,最大日降水量,62.5,mm,62.5,mm,直接採用該測站 CODiS 2025 年月報表欄位「最大日降水量」作為系統測站層級資料；目前未進行鄉鎮推估。,完整
water,C0E570,白沙屯,署屬自動站,苗栗縣,通霄鎮,31,120.696803,24.549447,新埔里19鄰新埔151-2號,2025-05,average_temperature,中央氣象署 CODiS / 現存測站清單,https://codis.cwa.gov.tw/ ; https://hdps.cwa.gov.tw/static/state.html,C0E570-2025.csv,氣溫,25.5,℃,25.5,℃,直接採用該測站 CODiS 2025 年月報表欄位「氣溫」作為系統測站層級資料；目前未進行鄉鎮推估。,完整
water,C0E570,白沙屯,署屬自動站,苗栗縣,通霄鎮,31,120.696803,24.549447,新埔里19鄰新埔151-2號,2025-05,relative_humidity,中央氣象署 CODiS / 現存測站清單,https://codis.cwa.gov.tw/ ; https://hdps.cwa.gov.tw/static/state.html,C0E570-2025.csv,相對溼度,80,%,80,%,直接採用該測站 CODiS 2025 年月報表欄位「相對溼度」作為系統測站層級資料；目前未進行鄉鎮推估。,完整
water,C0E570,白沙屯,署屬自動站,苗栗縣,通霄鎮,31,120.696803,24.549447,新埔里19鄰新埔151-2號,2025-06,rainfall,中央氣象署 CODiS / 現存測站清單,https://codis.cwa.gov.tw/ ; https://hdps.cwa.gov.tw/static/state.html,C0E570-2025.csv,降水量,58,mm,58,mm,直接採用該測站 CODiS 2025 年月報表欄位「降水量」作為系統測站層級資料；目前未進行鄉鎮推估。,完整
water,C0E570,白沙屯,署屬自動站,苗栗縣,通霄鎮,31,120.696803,24.549447,新埔里19鄰新埔151-2號,2025-06,rainfall_days,中央氣象署 CODiS / 現存測站清單,https://codis.cwa.gov.tw/ ; https://hdps.cwa.gov.tw/static/state.html,C0E570-2025.csv,降水日數,9,day,9,day,直接採用該測站 CODiS 2025 年月報表欄位「降水日數」作為系統測站層級資料；目前未進行鄉鎮推估。,完整
water,C0E570,白沙屯,署屬自動站,苗栗縣,通霄鎮,31,120.696803,24.549447,新埔里19鄰新埔151-2號,2025-06,max_daily_rainfall,中央氣象署 CODiS / 現存測站清單,https://codis.cwa.gov.tw/ ; https://hdps.cwa.gov.tw/static/state.html,C0E570-2025.csv,最大日降水量,13,mm,13,mm,直接採用該測站 CODiS 2025 年月報表欄位「最大日降水量」作為系統測站層級資料；目前未進行鄉鎮推估。,完整
water,C0E570,白沙屯,署屬自動站,苗栗縣,通霄鎮,31,120.696803,24.549447,新埔里19鄰新埔151-2號,2025-06,average_temperature,中央氣象署 CODiS / 現存測站清單,https://codis.cwa.gov.tw/ ; https://hdps.cwa.gov.tw/static/state.html,C0E570-2025.csv,氣溫,28.4,℃,28.4,℃,直接採用該測站 CODiS 2025 年月報表欄位「氣溫」作為系統測站層級資料；目前未進行鄉鎮推估。,完整
water,C0E570,白沙屯,署屬自動站,苗栗縣,通霄鎮,31,120.696803,24.549447,新埔里19鄰新埔151-2號,2025-06,relative_humidity,中央氣象署 CODiS / 現存測站清單,https://codis.cwa.gov.tw/ ; https://hdps.cwa.gov.tw/static/state.html,C0E570-2025.csv,相對溼度,79,%,79,%,直接採用該測站 CODiS 2025 年月報表欄位「相對溼度」作為系統測站層級資料；目前未進行鄉鎮推估。,完整
water,C0E570,白沙屯,署屬自動站,苗栗縣,通霄鎮,31,120.696803,24.549447,新埔里19鄰新埔151-2號,2025-07,rainfall,中央氣象署 CODiS / 現存測站清單,https://codis.cwa.gov.tw/ ; https://hdps.cwa.gov.tw/static/state.html,C0E570-2025.csv,降水量,580,mm,580,mm,直接採用該測站 CODiS 2025 年月報表欄位「降水量」作為系統測站層級資料；目前未進行鄉鎮推估。,完整
water,C0E570,白沙屯,署屬自動站,苗栗縣,通霄鎮,31,120.696803,24.549447,新埔里19鄰新埔151-2號,2025-07,rainfall_days,中央氣象署 CODiS / 現存測站清單,https://codis.cwa.gov.tw/ ; https://hdps.cwa.gov.tw/static/state.html,C0E570-2025.csv,降水日數,17,day,17,day,直接採用該測站 CODiS 2025 年月報表欄位「降水日數」作為系統測站層級資料；目前未進行鄉鎮推估。,完整
water,C0E570,白沙屯,署屬自動站,苗栗縣,通霄鎮,31,120.696803,24.549447,新埔里19鄰新埔151-2號,2025-07,max_daily_rainfall,中央氣象署 CODiS / 現存測站清單,https://codis.cwa.gov.tw/ ; https://hdps.cwa.gov.tw/static/state.html,C0E570-2025.csv,最大日降水量,302.5,mm,302.5,mm,直接採用該測站 CODiS 2025 年月報表欄位「最大日降水量」作為系統測站層級資料；目前未進行鄉鎮推估。,完整
water,C0E570,白沙屯,署屬自動站,苗栗縣,通霄鎮,31,120.696803,24.549447,新埔里19鄰新埔151-2號,2025-07,average_temperature,中央氣象署 CODiS / 現存測站清單,https://codis.cwa.gov.tw/ ; https://hdps.cwa.gov.tw/static/state.html,C0E570-2025.csv,氣溫,28.4,℃,28.4,℃,直接採用該測站 CODiS 2025 年月報表欄位「氣溫」作為系統測站層級資料；目前未進行鄉鎮推估。,完整
water,C0E570,白沙屯,署屬自動站,苗栗縣,通霄鎮,31,120.696803,24.549447,新埔里19鄰新埔151-2號,2025-07,relative_humidity,中央氣象署 CODiS / 現存測站清單,https://codis.cwa.gov.tw/ ; https://hdps.cwa.gov.tw/static/state.html,C0E570-2025.csv,相對溼度,82,%,82,%,直接採用該測站 CODiS 2025 年月報表欄位「相對溼度」作為系統測站層級資料；目前未進行鄉鎮推估。,完整
water,C0E570,白沙屯,署屬自動站,苗栗縣,通霄鎮,31,120.696803,24.549447,新埔里19鄰新埔151-2號,2025-08,rainfall,中央氣象署 CODiS / 現存測站清單,https://codis.cwa.gov.tw/ ; https://hdps.cwa.gov.tw/static/state.html,C0E570-2025.csv,降水量,34,mm,34,mm,直接採用該測站 CODiS 2025 年月報表欄位「降水量」作為系統測站層級資料；目前未進行鄉鎮推估。,完整
water,C0E570,白沙屯,署屬自動站,苗栗縣,通霄鎮,31,120.696803,24.549447,新埔里19鄰新埔151-2號,2025-08,rainfall_days,中央氣象署 CODiS / 現存測站清單,https://codis.cwa.gov.tw/ ; https://hdps.cwa.gov.tw/static/state.html,C0E570-2025.csv,降水日數,4,day,4,day,直接採用該測站 CODiS 2025 年月報表欄位「降水日數」作為系統測站層級資料；目前未進行鄉鎮推估。,完整
water,C0E570,白沙屯,署屬自動站,苗栗縣,通霄鎮,31,120.696803,24.549447,新埔里19鄰新埔151-2號,2025-08,max_daily_rainfall,中央氣象署 CODiS / 現存測站清單,https://codis.cwa.gov.tw/ ; https://hdps.cwa.gov.tw/static/state.html,C0E570-2025.csv,最大日降水量,16.5,mm,16.5,mm,直接採用該測站 CODiS 2025 年月報表欄位「最大日降水量」作為系統測站層級資料；目前未進行鄉鎮推估。,完整
water,C0E570,白沙屯,署屬自動站,苗栗縣,通霄鎮,31,120.696803,24.549447,新埔里19鄰新埔151-2號,2025-08,average_temperature,中央氣象署 CODiS / 現存測站清單,https://codis.cwa.gov.tw/ ; https://hdps.cwa.gov.tw/static/state.html,C0E570-2025.csv,氣溫,28.8,℃,28.8,℃,直接採用該測站 CODiS 2025 年月報表欄位「氣溫」作為系統測站層級資料；目前未進行鄉鎮推估。,完整
water,C0E570,白沙屯,署屬自動站,苗栗縣,通霄鎮,31,120.696803,24.549447,新埔里19鄰新埔151-2號,2025-08,relative_humidity,中央氣象署 CODiS / 現存測站清單,https://codis.cwa.gov.tw/ ; https://hdps.cwa.gov.tw/static/state.html,C0E570-2025.csv,相對溼度,78,%,78,%,直接採用該測站 CODiS 2025 年月報表欄位「相對溼度」作為系統測站層級資料；目前未進行鄉鎮推估。,完整
water,C0E570,白沙屯,署屬自動站,苗栗縣,通霄鎮,31,120.696803,24.549447,新埔里19鄰新埔151-2號,2025-09,rainfall,中央氣象署 CODiS / 現存測站清單,https://codis.cwa.gov.tw/ ; https://hdps.cwa.gov.tw/static/state.html,C0E570-2025.csv,降水量,63,mm,63,mm,直接採用該測站 CODiS 2025 年月報表欄位「降水量」作為系統測站層級資料；目前未進行鄉鎮推估。,完整
water,C0E570,白沙屯,署屬自動站,苗栗縣,通霄鎮,31,120.696803,24.549447,新埔里19鄰新埔151-2號,2025-09,rainfall_days,中央氣象署 CODiS / 現存測站清單,https://codis.cwa.gov.tw/ ; https://hdps.cwa.gov.tw/static/state.html,C0E570-2025.csv,降水日數,5,day,5,day,直接採用該測站 CODiS 2025 年月報表欄位「降水日數」作為系統測站層級資料；目前未進行鄉鎮推估。,完整
water,C0E570,白沙屯,署屬自動站,苗栗縣,通霄鎮,31,120.696803,24.549447,新埔里19鄰新埔151-2號,2025-09,max_daily_rainfall,中央氣象署 CODiS / 現存測站清單,https://codis.cwa.gov.tw/ ; https://hdps.cwa.gov.tw/static/state.html,C0E570-2025.csv,最大日降水量,33,mm,33,mm,直接採用該測站 CODiS 2025 年月報表欄位「最大日降水量」作為系統測站層級資料；目前未進行鄉鎮推估。,完整
water,C0E570,白沙屯,署屬自動站,苗栗縣,通霄鎮,31,120.696803,24.549447,新埔里19鄰新埔151-2號,2025-09,average_temperature,中央氣象署 CODiS / 現存測站清單,https://codis.cwa.gov.tw/ ; https://hdps.cwa.gov.tw/static/state.html,C0E570-2025.csv,氣溫,28.7,℃,28.7,℃,直接採用該測站 CODiS 2025 年月報表欄位「氣溫」作為系統測站層級資料；目前未進行鄉鎮推估。,完整
water,C0E570,白沙屯,署屬自動站,苗栗縣,通霄鎮,31,120.696803,24.549447,新埔里19鄰新埔151-2號,2025-09,relative_humidity,中央氣象署 CODiS / 現存測站清單,https://codis.cwa.gov.tw/ ; https://hdps.cwa.gov.tw/static/state.html,C0E570-2025.csv,相對溼度,80,%,80,%,直接採用該測站 CODiS 2025 年月報表欄位「相對溼度」作為系統測站層級資料；目前未進行鄉鎮推估。,完整
water,C0E570,白沙屯,署屬自動站,苗栗縣,通霄鎮,31,120.696803,24.549447,新埔里19鄰新埔151-2號,2025-10,rainfall,中央氣象署 CODiS / 現存測站清單,https://codis.cwa.gov.tw/ ; https://hdps.cwa.gov.tw/static/state.html,C0E570-2025.csv,降水量,27.5,mm,27.5,mm,直接採用該測站 CODiS 2025 年月報表欄位「降水量」作為系統測站層級資料；目前未進行鄉鎮推估。,完整
water,C0E570,白沙屯,署屬自動站,苗栗縣,通霄鎮,31,120.696803,24.549447,新埔里19鄰新埔151-2號,2025-10,rainfall_days,中央氣象署 CODiS / 現存測站清單,https://codis.cwa.gov.tw/ ; https://hdps.cwa.gov.tw/static/state.html,C0E570-2025.csv,降水日數,3,day,3,day,直接採用該測站 CODiS 2025 年月報表欄位「降水日數」作為系統測站層級資料；目前未進行鄉鎮推估。,完整
water,C0E570,白沙屯,署屬自動站,苗栗縣,通霄鎮,31,120.696803,24.549447,新埔里19鄰新埔151-2號,2025-10,max_daily_rainfall,中央氣象署 CODiS / 現存測站清單,https://codis.cwa.gov.tw/ ; https://hdps.cwa.gov.tw/static/state.html,C0E570-2025.csv,最大日降水量,12,mm,12,mm,直接採用該測站 CODiS 2025 年月報表欄位「最大日降水量」作為系統測站層級資料；目前未進行鄉鎮推估。,完整
water,C0E570,白沙屯,署屬自動站,苗栗縣,通霄鎮,31,120.696803,24.549447,新埔里19鄰新埔151-2號,2025-10,average_temperature,中央氣象署 CODiS / 現存測站清單,https://codis.cwa.gov.tw/ ; https://hdps.cwa.gov.tw/static/state.html,C0E570-2025.csv,氣溫,26.5,℃,26.5,℃,直接採用該測站 CODiS 2025 年月報表欄位「氣溫」作為系統測站層級資料；目前未進行鄉鎮推估。,完整
water,C0E570,白沙屯,署屬自動站,苗栗縣,通霄鎮,31,120.696803,24.549447,新埔里19鄰新埔151-2號,2025-10,relative_humidity,中央氣象署 CODiS / 現存測站清單,https://codis.cwa.gov.tw/ ; https://hdps.cwa.gov.tw/static/state.html,C0E570-2025.csv,相對溼度,80,%,80,%,直接採用該測站 CODiS 2025 年月報表欄位「相對溼度」作為系統測站層級資料；目前未進行鄉鎮推估。,完整
water,C0E570,白沙屯,署屬自動站,苗栗縣,通霄鎮,31,120.696803,24.549447,新埔里19鄰新埔151-2號,2025-11,rainfall,中央氣象署 CODiS / 現存測站清單,https://codis.cwa.gov.tw/ ; https://hdps.cwa.gov.tw/static/state.html,C0E570-2025.csv,降水量,22,mm,22,mm,直接採用該測站 CODiS 2025 年月報表欄位「降水量」作為系統測站層級資料；目前未進行鄉鎮推估。,完整
water,C0E570,白沙屯,署屬自動站,苗栗縣,通霄鎮,31,120.696803,24.549447,新埔里19鄰新埔151-2號,2025-11,rainfall_days,中央氣象署 CODiS / 現存測站清單,https://codis.cwa.gov.tw/ ; https://hdps.cwa.gov.tw/static/state.html,C0E570-2025.csv,降水日數,3,day,3,day,直接採用該測站 CODiS 2025 年月報表欄位「降水日數」作為系統測站層級資料；目前未進行鄉鎮推估。,完整
water,C0E570,白沙屯,署屬自動站,苗栗縣,通霄鎮,31,120.696803,24.549447,新埔里19鄰新埔151-2號,2025-11,max_daily_rainfall,中央氣象署 CODiS / 現存測站清單,https://codis.cwa.gov.tw/ ; https://hdps.cwa.gov.tw/static/state.html,C0E570-2025.csv,最大日降水量,12.5,mm,12.5,mm,直接採用該測站 CODiS 2025 年月報表欄位「最大日降水量」作為系統測站層級資料；目前未進行鄉鎮推估。,完整
water,C0E570,白沙屯,署屬自動站,苗栗縣,通霄鎮,31,120.696803,24.549447,新埔里19鄰新埔151-2號,2025-11,average_temperature,中央氣象署 CODiS / 現存測站清單,https://codis.cwa.gov.tw/ ; https://hdps.cwa.gov.tw/static/state.html,C0E570-2025.csv,氣溫,21.7,℃,21.7,℃,直接採用該測站 CODiS 2025 年月報表欄位「氣溫」作為系統測站層級資料；目前未進行鄉鎮推估。,完整
water,C0E570,白沙屯,署屬自動站,苗栗縣,通霄鎮,31,120.696803,24.549447,新埔里19鄰新埔151-2號,2025-11,relative_humidity,中央氣象署 CODiS / 現存測站清單,https://codis.cwa.gov.tw/ ; https://hdps.cwa.gov.tw/static/state.html,C0E570-2025.csv,相對溼度,77,%,77,%,直接採用該測站 CODiS 2025 年月報表欄位「相對溼度」作為系統測站層級資料；目前未進行鄉鎮推估。,完整
water,C0E570,白沙屯,署屬自動站,苗栗縣,通霄鎮,31,120.696803,24.549447,新埔里19鄰新埔151-2號,2025-12,rainfall,中央氣象署 CODiS / 現存測站清單,https://codis.cwa.gov.tw/ ; https://hdps.cwa.gov.tw/static/state.html,C0E570-2025.csv,降水量,1,mm,1,mm,直接採用該測站 CODiS 2025 年月報表欄位「降水量」作為系統測站層級資料；目前未進行鄉鎮推估。,完整
water,C0E570,白沙屯,署屬自動站,苗栗縣,通霄鎮,31,120.696803,24.549447,新埔里19鄰新埔151-2號,2025-12,rainfall_days,中央氣象署 CODiS / 現存測站清單,https://codis.cwa.gov.tw/ ; https://hdps.cwa.gov.tw/static/state.html,C0E570-2025.csv,降水日數,2,day,2,day,直接採用該測站 CODiS 2025 年月報表欄位「降水日數」作為系統測站層級資料；目前未進行鄉鎮推估。,完整
water,C0E570,白沙屯,署屬自動站,苗栗縣,通霄鎮,31,120.696803,24.549447,新埔里19鄰新埔151-2號,2025-12,max_daily_rainfall,中央氣象署 CODiS / 現存測站清單,https://codis.cwa.gov.tw/ ; https://hdps.cwa.gov.tw/static/state.html,C0E570-2025.csv,最大日降水量,0.5,mm,0.5,mm,直接採用該測站 CODiS 2025 年月報表欄位「最大日降水量」作為系統測站層級資料；目前未進行鄉鎮推估。,完整
water,C0E570,白沙屯,署屬自動站,苗栗縣,通霄鎮,31,120.696803,24.549447,新埔里19鄰新埔151-2號,2025-12,average_temperature,中央氣象署 CODiS / 現存測站清單,https://codis.cwa.gov.tw/ ; https://hdps.cwa.gov.tw/static/state.html,C0E570-2025.csv,氣溫,18.8,℃,18.8,℃,直接採用該測站 CODiS 2025 年月報表欄位「氣溫」作為系統測站層級資料；目前未進行鄉鎮推估。,完整
water,C0E570,白沙屯,署屬自動站,苗栗縣,通霄鎮,31,120.696803,24.549447,新埔里19鄰新埔151-2號,2025-12,relative_humidity,中央氣象署 CODiS / 現存測站清單,https://codis.cwa.gov.tw/ ; https://hdps.cwa.gov.tw/static/state.html,C0E570-2025.csv,相對溼度,80,%,80,%,直接採用該測站 CODiS 2025 年月報表欄位「相對溼度」作為系統測站層級資料；目前未進行鄉鎮推估。,完整
water,C0E590,通霄,署屬自動站,苗栗縣,通霄鎮,40,120.704622,24.471892,城北里1鄰13號(通霄鎮城中國民小學內),2025-01,rainfall,中央氣象署 CODiS / 現存測站清單,https://codis.cwa.gov.tw/ ; https://hdps.cwa.gov.tw/static/state.html,C0E590-2025.csv,降水量,24,mm,24,mm,直接採用該測站 CODiS 2025 年月報表欄位「降水量」作為系統測站層級資料；目前未進行鄉鎮推估。,完整
water,C0E590,通霄,署屬自動站,苗栗縣,通霄鎮,40,120.704622,24.471892,城北里1鄰13號(通霄鎮城中國民小學內),2025-01,rainfall_days,中央氣象署 CODiS / 現存測站清單,https://codis.cwa.gov.tw/ ; https://hdps.cwa.gov.tw/static/state.html,C0E590-2025.csv,降水日數,8,day,8,day,直接採用該測站 CODiS 2025 年月報表欄位「降水日數」作為系統測站層級資料；目前未進行鄉鎮推估。,完整
water,C0E590,通霄,署屬自動站,苗栗縣,通霄鎮,40,120.704622,24.471892,城北里1鄰13號(通霄鎮城中國民小學內),2025-01,max_daily_rainfall,中央氣象署 CODiS / 現存測站清單,https://codis.cwa.gov.tw/ ; https://hdps.cwa.gov.tw/static/state.html,C0E590-2025.csv,最大日降水量,6.5,mm,6.5,mm,直接採用該測站 CODiS 2025 年月報表欄位「最大日降水量」作為系統測站層級資料；目前未進行鄉鎮推估。,完整
water,C0E590,通霄,署屬自動站,苗栗縣,通霄鎮,40,120.704622,24.471892,城北里1鄰13號(通霄鎮城中國民小學內),2025-01,average_temperature,中央氣象署 CODiS / 現存測站清單,https://codis.cwa.gov.tw/ ; https://hdps.cwa.gov.tw/static/state.html,C0E590-2025.csv,氣溫,14.9,℃,14.9,℃,直接採用該測站 CODiS 2025 年月報表欄位「氣溫」作為系統測站層級資料；目前未進行鄉鎮推估。,完整
water,C0E590,通霄,署屬自動站,苗栗縣,通霄鎮,40,120.704622,24.471892,城北里1鄰13號(通霄鎮城中國民小學內),2025-01,relative_humidity,中央氣象署 CODiS / 現存測站清單,https://codis.cwa.gov.tw/ ; https://hdps.cwa.gov.tw/static/state.html,C0E590-2025.csv,相對溼度,75,%,75,%,直接採用該測站 CODiS 2025 年月報表欄位「相對溼度」作為系統測站層級資料；目前未進行鄉鎮推估。,完整
water,C0E590,通霄,署屬自動站,苗栗縣,通霄鎮,40,120.704622,24.471892,城北里1鄰13號(通霄鎮城中國民小學內),2025-02,rainfall,中央氣象署 CODiS / 現存測站清單,https://codis.cwa.gov.tw/ ; https://hdps.cwa.gov.tw/static/state.html,C0E590-2025.csv,降水量,62,mm,62,mm,直接採用該測站 CODiS 2025 年月報表欄位「降水量」作為系統測站層級資料；目前未進行鄉鎮推估。,完整
water,C0E590,通霄,署屬自動站,苗栗縣,通霄鎮,40,120.704622,24.471892,城北里1鄰13號(通霄鎮城中國民小學內),2025-02,rainfall_days,中央氣象署 CODiS / 現存測站清單,https://codis.cwa.gov.tw/ ; https://hdps.cwa.gov.tw/static/state.html,C0E590-2025.csv,降水日數,7,day,7,day,直接採用該測站 CODiS 2025 年月報表欄位「降水日數」作為系統測站層級資料；目前未進行鄉鎮推估。,完整
water,C0E590,通霄,署屬自動站,苗栗縣,通霄鎮,40,120.704622,24.471892,城北里1鄰13號(通霄鎮城中國民小學內),2025-02,max_daily_rainfall,中央氣象署 CODiS / 現存測站清單,https://codis.cwa.gov.tw/ ; https://hdps.cwa.gov.tw/static/state.html,C0E590-2025.csv,最大日降水量,34,mm,34,mm,直接採用該測站 CODiS 2025 年月報表欄位「最大日降水量」作為系統測站層級資料；目前未進行鄉鎮推估。,完整
water,C0E590,通霄,署屬自動站,苗栗縣,通霄鎮,40,120.704622,24.471892,城北里1鄰13號(通霄鎮城中國民小學內),2025-02,average_temperature,中央氣象署 CODiS / 現存測站清單,https://codis.cwa.gov.tw/ ; https://hdps.cwa.gov.tw/static/state.html,C0E590-2025.csv,氣溫,15.2,℃,15.2,℃,直接採用該測站 CODiS 2025 年月報表欄位「氣溫」作為系統測站層級資料；目前未進行鄉鎮推估。,完整
water,C0E590,通霄,署屬自動站,苗栗縣,通霄鎮,40,120.704622,24.471892,城北里1鄰13號(通霄鎮城中國民小學內),2025-02,relative_humidity,中央氣象署 CODiS / 現存測站清單,https://codis.cwa.gov.tw/ ; https://hdps.cwa.gov.tw/static/state.html,C0E590-2025.csv,相對溼度,84,%,84,%,直接採用該測站 CODiS 2025 年月報表欄位「相對溼度」作為系統測站層級資料；目前未進行鄉鎮推估。,完整
water,C0E590,通霄,署屬自動站,苗栗縣,通霄鎮,40,120.704622,24.471892,城北里1鄰13號(通霄鎮城中國民小學內),2025-03,rainfall,中央氣象署 CODiS / 現存測站清單,https://codis.cwa.gov.tw/ ; https://hdps.cwa.gov.tw/static/state.html,C0E590-2025.csv,降水量,188,mm,188,mm,直接採用該測站 CODiS 2025 年月報表欄位「降水量」作為系統測站層級資料；目前未進行鄉鎮推估。,完整
water,C0E590,通霄,署屬自動站,苗栗縣,通霄鎮,40,120.704622,24.471892,城北里1鄰13號(通霄鎮城中國民小學內),2025-03,rainfall_days,中央氣象署 CODiS / 現存測站清單,https://codis.cwa.gov.tw/ ; https://hdps.cwa.gov.tw/static/state.html,C0E590-2025.csv,降水日數,9,day,9,day,直接採用該測站 CODiS 2025 年月報表欄位「降水日數」作為系統測站層級資料；目前未進行鄉鎮推估。,完整
water,C0E590,通霄,署屬自動站,苗栗縣,通霄鎮,40,120.704622,24.471892,城北里1鄰13號(通霄鎮城中國民小學內),2025-03,max_daily_rainfall,中央氣象署 CODiS / 現存測站清單,https://codis.cwa.gov.tw/ ; https://hdps.cwa.gov.tw/static/state.html,C0E590-2025.csv,最大日降水量,50.5,mm,50.5,mm,直接採用該測站 CODiS 2025 年月報表欄位「最大日降水量」作為系統測站層級資料；目前未進行鄉鎮推估。,完整
water,C0E590,通霄,署屬自動站,苗栗縣,通霄鎮,40,120.704622,24.471892,城北里1鄰13號(通霄鎮城中國民小學內),2025-03,average_temperature,中央氣象署 CODiS / 現存測站清單,https://codis.cwa.gov.tw/ ; https://hdps.cwa.gov.tw/static/state.html,C0E590-2025.csv,氣溫,17.9,℃,17.9,℃,直接採用該測站 CODiS 2025 年月報表欄位「氣溫」作為系統測站層級資料；目前未進行鄉鎮推估。,完整
water,C0E590,通霄,署屬自動站,苗栗縣,通霄鎮,40,120.704622,24.471892,城北里1鄰13號(通霄鎮城中國民小學內),2025-03,relative_humidity,中央氣象署 CODiS / 現存測站清單,https://codis.cwa.gov.tw/ ; https://hdps.cwa.gov.tw/static/state.html,C0E590-2025.csv,相對溼度,81,%,81,%,直接採用該測站 CODiS 2025 年月報表欄位「相對溼度」作為系統測站層級資料；目前未進行鄉鎮推估。,完整
water,C0E590,通霄,署屬自動站,苗栗縣,通霄鎮,40,120.704622,24.471892,城北里1鄰13號(通霄鎮城中國民小學內),2025-04,rainfall,中央氣象署 CODiS / 現存測站清單,https://codis.cwa.gov.tw/ ; https://hdps.cwa.gov.tw/static/state.html,C0E590-2025.csv,降水量,136,mm,136,mm,直接採用該測站 CODiS 2025 年月報表欄位「降水量」作為系統測站層級資料；目前未進行鄉鎮推估。,完整
water,C0E590,通霄,署屬自動站,苗栗縣,通霄鎮,40,120.704622,24.471892,城北里1鄰13號(通霄鎮城中國民小學內),2025-04,rainfall_days,中央氣象署 CODiS / 現存測站清單,https://codis.cwa.gov.tw/ ; https://hdps.cwa.gov.tw/static/state.html,C0E590-2025.csv,降水日數,12,day,12,day,直接採用該測站 CODiS 2025 年月報表欄位「降水日數」作為系統測站層級資料；目前未進行鄉鎮推估。,完整
water,C0E590,通霄,署屬自動站,苗栗縣,通霄鎮,40,120.704622,24.471892,城北里1鄰13號(通霄鎮城中國民小學內),2025-04,max_daily_rainfall,中央氣象署 CODiS / 現存測站清單,https://codis.cwa.gov.tw/ ; https://hdps.cwa.gov.tw/static/state.html,C0E590-2025.csv,最大日降水量,47,mm,47,mm,直接採用該測站 CODiS 2025 年月報表欄位「最大日降水量」作為系統測站層級資料；目前未進行鄉鎮推估。,完整
water,C0E590,通霄,署屬自動站,苗栗縣,通霄鎮,40,120.704622,24.471892,城北里1鄰13號(通霄鎮城中國民小學內),2025-04,average_temperature,中央氣象署 CODiS / 現存測站清單,https://codis.cwa.gov.tw/ ; https://hdps.cwa.gov.tw/static/state.html,C0E590-2025.csv,氣溫,22.2,℃,22.2,℃,直接採用該測站 CODiS 2025 年月報表欄位「氣溫」作為系統測站層級資料；目前未進行鄉鎮推估。,完整
water,C0E590,通霄,署屬自動站,苗栗縣,通霄鎮,40,120.704622,24.471892,城北里1鄰13號(通霄鎮城中國民小學內),2025-04,relative_humidity,中央氣象署 CODiS / 現存測站清單,https://codis.cwa.gov.tw/ ; https://hdps.cwa.gov.tw/static/state.html,C0E590-2025.csv,相對溼度,81,%,81,%,直接採用該測站 CODiS 2025 年月報表欄位「相對溼度」作為系統測站層級資料；目前未進行鄉鎮推估。,完整
water,C0E590,通霄,署屬自動站,苗栗縣,通霄鎮,40,120.704622,24.471892,城北里1鄰13號(通霄鎮城中國民小學內),2025-05,rainfall,中央氣象署 CODiS / 現存測站清單,https://codis.cwa.gov.tw/ ; https://hdps.cwa.gov.tw/static/state.html,C0E590-2025.csv,降水量,254,mm,254,mm,直接採用該測站 CODiS 2025 年月報表欄位「降水量」作為系統測站層級資料；目前未進行鄉鎮推估。,完整
water,C0E590,通霄,署屬自動站,苗栗縣,通霄鎮,40,120.704622,24.471892,城北里1鄰13號(通霄鎮城中國民小學內),2025-05,rainfall_days,中央氣象署 CODiS / 現存測站清單,https://codis.cwa.gov.tw/ ; https://hdps.cwa.gov.tw/static/state.html,C0E590-2025.csv,降水日數,8,day,8,day,直接採用該測站 CODiS 2025 年月報表欄位「降水日數」作為系統測站層級資料；目前未進行鄉鎮推估。,完整
water,C0E590,通霄,署屬自動站,苗栗縣,通霄鎮,40,120.704622,24.471892,城北里1鄰13號(通霄鎮城中國民小學內),2025-05,max_daily_rainfall,中央氣象署 CODiS / 現存測站清單,https://codis.cwa.gov.tw/ ; https://hdps.cwa.gov.tw/static/state.html,C0E590-2025.csv,最大日降水量,84.5,mm,84.5,mm,直接採用該測站 CODiS 2025 年月報表欄位「最大日降水量」作為系統測站層級資料；目前未進行鄉鎮推估。,完整
water,C0E590,通霄,署屬自動站,苗栗縣,通霄鎮,40,120.704622,24.471892,城北里1鄰13號(通霄鎮城中國民小學內),2025-05,average_temperature,中央氣象署 CODiS / 現存測站清單,https://codis.cwa.gov.tw/ ; https://hdps.cwa.gov.tw/static/state.html,C0E590-2025.csv,氣溫,25.4,℃,25.4,℃,直接採用該測站 CODiS 2025 年月報表欄位「氣溫」作為系統測站層級資料；目前未進行鄉鎮推估。,完整
water,C0E590,通霄,署屬自動站,苗栗縣,通霄鎮,40,120.704622,24.471892,城北里1鄰13號(通霄鎮城中國民小學內),2025-05,relative_humidity,中央氣象署 CODiS / 現存測站清單,https://codis.cwa.gov.tw/ ; https://hdps.cwa.gov.tw/static/state.html,C0E590-2025.csv,相對溼度,83,%,83,%,直接採用該測站 CODiS 2025 年月報表欄位「相對溼度」作為系統測站層級資料；目前未進行鄉鎮推估。,完整
water,C0E590,通霄,署屬自動站,苗栗縣,通霄鎮,40,120.704622,24.471892,城北里1鄰13號(通霄鎮城中國民小學內),2025-06,rainfall,中央氣象署 CODiS / 現存測站清單,https://codis.cwa.gov.tw/ ; https://hdps.cwa.gov.tw/static/state.html,C0E590-2025.csv,降水量,90,mm,90,mm,直接採用該測站 CODiS 2025 年月報表欄位「降水量」作為系統測站層級資料；目前未進行鄉鎮推估。,完整
water,C0E590,通霄,署屬自動站,苗栗縣,通霄鎮,40,120.704622,24.471892,城北里1鄰13號(通霄鎮城中國民小學內),2025-06,rainfall_days,中央氣象署 CODiS / 現存測站清單,https://codis.cwa.gov.tw/ ; https://hdps.cwa.gov.tw/static/state.html,C0E590-2025.csv,降水日數,10,day,10,day,直接採用該測站 CODiS 2025 年月報表欄位「降水日數」作為系統測站層級資料；目前未進行鄉鎮推估。,完整
water,C0E590,通霄,署屬自動站,苗栗縣,通霄鎮,40,120.704622,24.471892,城北里1鄰13號(通霄鎮城中國民小學內),2025-06,max_daily_rainfall,中央氣象署 CODiS / 現存測站清單,https://codis.cwa.gov.tw/ ; https://hdps.cwa.gov.tw/static/state.html,C0E590-2025.csv,最大日降水量,24.5,mm,24.5,mm,直接採用該測站 CODiS 2025 年月報表欄位「最大日降水量」作為系統測站層級資料；目前未進行鄉鎮推估。,完整
water,C0E590,通霄,署屬自動站,苗栗縣,通霄鎮,40,120.704622,24.471892,城北里1鄰13號(通霄鎮城中國民小學內),2025-06,average_temperature,中央氣象署 CODiS / 現存測站清單,https://codis.cwa.gov.tw/ ; https://hdps.cwa.gov.tw/static/state.html,C0E590-2025.csv,氣溫,28.2,℃,28.2,℃,直接採用該測站 CODiS 2025 年月報表欄位「氣溫」作為系統測站層級資料；目前未進行鄉鎮推估。,完整
water,C0E590,通霄,署屬自動站,苗栗縣,通霄鎮,40,120.704622,24.471892,城北里1鄰13號(通霄鎮城中國民小學內),2025-06,relative_humidity,中央氣象署 CODiS / 現存測站清單,https://codis.cwa.gov.tw/ ; https://hdps.cwa.gov.tw/static/state.html,C0E590-2025.csv,相對溼度,82,%,82,%,直接採用該測站 CODiS 2025 年月報表欄位「相對溼度」作為系統測站層級資料；目前未進行鄉鎮推估。,完整
water,C0E590,通霄,署屬自動站,苗栗縣,通霄鎮,40,120.704622,24.471892,城北里1鄰13號(通霄鎮城中國民小學內),2025-07,rainfall,中央氣象署 CODiS / 現存測站清單,https://codis.cwa.gov.tw/ ; https://hdps.cwa.gov.tw/static/state.html,C0E590-2025.csv,降水量,642,mm,642,mm,直接採用該測站 CODiS 2025 年月報表欄位「降水量」作為系統測站層級資料；目前未進行鄉鎮推估。,完整
water,C0E590,通霄,署屬自動站,苗栗縣,通霄鎮,40,120.704622,24.471892,城北里1鄰13號(通霄鎮城中國民小學內),2025-07,rainfall_days,中央氣象署 CODiS / 現存測站清單,https://codis.cwa.gov.tw/ ; https://hdps.cwa.gov.tw/static/state.html,C0E590-2025.csv,降水日數,17,day,17,day,直接採用該測站 CODiS 2025 年月報表欄位「降水日數」作為系統測站層級資料；目前未進行鄉鎮推估。,完整
water,C0E590,通霄,署屬自動站,苗栗縣,通霄鎮,40,120.704622,24.471892,城北里1鄰13號(通霄鎮城中國民小學內),2025-07,max_daily_rainfall,中央氣象署 CODiS / 現存測站清單,https://codis.cwa.gov.tw/ ; https://hdps.cwa.gov.tw/static/state.html,C0E590-2025.csv,最大日降水量,229,mm,229,mm,直接採用該測站 CODiS 2025 年月報表欄位「最大日降水量」作為系統測站層級資料；目前未進行鄉鎮推估。,完整
water,C0E590,通霄,署屬自動站,苗栗縣,通霄鎮,40,120.704622,24.471892,城北里1鄰13號(通霄鎮城中國民小學內),2025-07,average_temperature,中央氣象署 CODiS / 現存測站清單,https://codis.cwa.gov.tw/ ; https://hdps.cwa.gov.tw/static/state.html,C0E590-2025.csv,氣溫,28.2,℃,28.2,℃,直接採用該測站 CODiS 2025 年月報表欄位「氣溫」作為系統測站層級資料；目前未進行鄉鎮推估。,完整
water,C0E590,通霄,署屬自動站,苗栗縣,通霄鎮,40,120.704622,24.471892,城北里1鄰13號(通霄鎮城中國民小學內),2025-07,relative_humidity,中央氣象署 CODiS / 現存測站清單,https://codis.cwa.gov.tw/ ; https://hdps.cwa.gov.tw/static/state.html,C0E590-2025.csv,相對溼度,85,%,85,%,直接採用該測站 CODiS 2025 年月報表欄位「相對溼度」作為系統測站層級資料；目前未進行鄉鎮推估。,完整
water,C0E590,通霄,署屬自動站,苗栗縣,通霄鎮,40,120.704622,24.471892,城北里1鄰13號(通霄鎮城中國民小學內),2025-08,rainfall,中央氣象署 CODiS / 現存測站清單,https://codis.cwa.gov.tw/ ; https://hdps.cwa.gov.tw/static/state.html,C0E590-2025.csv,降水量,87,mm,87,mm,直接採用該測站 CODiS 2025 年月報表欄位「降水量」作為系統測站層級資料；目前未進行鄉鎮推估。,完整
water,C0E590,通霄,署屬自動站,苗栗縣,通霄鎮,40,120.704622,24.471892,城北里1鄰13號(通霄鎮城中國民小學內),2025-08,rainfall_days,中央氣象署 CODiS / 現存測站清單,https://codis.cwa.gov.tw/ ; https://hdps.cwa.gov.tw/static/state.html,C0E590-2025.csv,降水日數,6,day,6,day,直接採用該測站 CODiS 2025 年月報表欄位「降水日數」作為系統測站層級資料；目前未進行鄉鎮推估。,完整
water,C0E590,通霄,署屬自動站,苗栗縣,通霄鎮,40,120.704622,24.471892,城北里1鄰13號(通霄鎮城中國民小學內),2025-08,max_daily_rainfall,中央氣象署 CODiS / 現存測站清單,https://codis.cwa.gov.tw/ ; https://hdps.cwa.gov.tw/static/state.html,C0E590-2025.csv,最大日降水量,37.5,mm,37.5,mm,直接採用該測站 CODiS 2025 年月報表欄位「最大日降水量」作為系統測站層級資料；目前未進行鄉鎮推估。,完整
water,C0E590,通霄,署屬自動站,苗栗縣,通霄鎮,40,120.704622,24.471892,城北里1鄰13號(通霄鎮城中國民小學內),2025-08,average_temperature,中央氣象署 CODiS / 現存測站清單,https://codis.cwa.gov.tw/ ; https://hdps.cwa.gov.tw/static/state.html,C0E590-2025.csv,氣溫,28.8,℃,28.8,℃,直接採用該測站 CODiS 2025 年月報表欄位「氣溫」作為系統測站層級資料；目前未進行鄉鎮推估。,完整
water,C0E590,通霄,署屬自動站,苗栗縣,通霄鎮,40,120.704622,24.471892,城北里1鄰13號(通霄鎮城中國民小學內),2025-08,relative_humidity,中央氣象署 CODiS / 現存測站清單,https://codis.cwa.gov.tw/ ; https://hdps.cwa.gov.tw/static/state.html,C0E590-2025.csv,相對溼度,80,%,80,%,直接採用該測站 CODiS 2025 年月報表欄位「相對溼度」作為系統測站層級資料；目前未進行鄉鎮推估。,完整
water,C0E590,通霄,署屬自動站,苗栗縣,通霄鎮,40,120.704622,24.471892,城北里1鄰13號(通霄鎮城中國民小學內),2025-09,rainfall,中央氣象署 CODiS / 現存測站清單,https://codis.cwa.gov.tw/ ; https://hdps.cwa.gov.tw/static/state.html,C0E590-2025.csv,降水量,71,mm,71,mm,直接採用該測站 CODiS 2025 年月報表欄位「降水量」作為系統測站層級資料；目前未進行鄉鎮推估。,完整
water,C0E590,通霄,署屬自動站,苗栗縣,通霄鎮,40,120.704622,24.471892,城北里1鄰13號(通霄鎮城中國民小學內),2025-09,rainfall_days,中央氣象署 CODiS / 現存測站清單,https://codis.cwa.gov.tw/ ; https://hdps.cwa.gov.tw/static/state.html,C0E590-2025.csv,降水日數,6,day,6,day,直接採用該測站 CODiS 2025 年月報表欄位「降水日數」作為系統測站層級資料；目前未進行鄉鎮推估。,完整
water,C0E590,通霄,署屬自動站,苗栗縣,通霄鎮,40,120.704622,24.471892,城北里1鄰13號(通霄鎮城中國民小學內),2025-09,max_daily_rainfall,中央氣象署 CODiS / 現存測站清單,https://codis.cwa.gov.tw/ ; https://hdps.cwa.gov.tw/static/state.html,C0E590-2025.csv,最大日降水量,37.5,mm,37.5,mm,直接採用該測站 CODiS 2025 年月報表欄位「最大日降水量」作為系統測站層級資料；目前未進行鄉鎮推估。,完整
water,C0E590,通霄,署屬自動站,苗栗縣,通霄鎮,40,120.704622,24.471892,城北里1鄰13號(通霄鎮城中國民小學內),2025-09,average_temperature,中央氣象署 CODiS / 現存測站清單,https://codis.cwa.gov.tw/ ; https://hdps.cwa.gov.tw/static/state.html,C0E590-2025.csv,氣溫,28.6,℃,28.6,℃,直接採用該測站 CODiS 2025 年月報表欄位「氣溫」作為系統測站層級資料；目前未進行鄉鎮推估。,完整
water,C0E590,通霄,署屬自動站,苗栗縣,通霄鎮,40,120.704622,24.471892,城北里1鄰13號(通霄鎮城中國民小學內),2025-09,relative_humidity,中央氣象署 CODiS / 現存測站清單,https://codis.cwa.gov.tw/ ; https://hdps.cwa.gov.tw/static/state.html,C0E590-2025.csv,相對溼度,83,%,83,%,直接採用該測站 CODiS 2025 年月報表欄位「相對溼度」作為系統測站層級資料；目前未進行鄉鎮推估。,完整
water,C0E590,通霄,署屬自動站,苗栗縣,通霄鎮,40,120.704622,24.471892,城北里1鄰13號(通霄鎮城中國民小學內),2025-10,rainfall,中央氣象署 CODiS / 現存測站清單,https://codis.cwa.gov.tw/ ; https://hdps.cwa.gov.tw/static/state.html,C0E590-2025.csv,降水量,31,mm,31,mm,直接採用該測站 CODiS 2025 年月報表欄位「降水量」作為系統測站層級資料；目前未進行鄉鎮推估。,完整
water,C0E590,通霄,署屬自動站,苗栗縣,通霄鎮,40,120.704622,24.471892,城北里1鄰13號(通霄鎮城中國民小學內),2025-10,rainfall_days,中央氣象署 CODiS / 現存測站清單,https://codis.cwa.gov.tw/ ; https://hdps.cwa.gov.tw/static/state.html,C0E590-2025.csv,降水日數,5,day,5,day,直接採用該測站 CODiS 2025 年月報表欄位「降水日數」作為系統測站層級資料；目前未進行鄉鎮推估。,完整
water,C0E590,通霄,署屬自動站,苗栗縣,通霄鎮,40,120.704622,24.471892,城北里1鄰13號(通霄鎮城中國民小學內),2025-10,max_daily_rainfall,中央氣象署 CODiS / 現存測站清單,https://codis.cwa.gov.tw/ ; https://hdps.cwa.gov.tw/static/state.html,C0E590-2025.csv,最大日降水量,12,mm,12,mm,直接採用該測站 CODiS 2025 年月報表欄位「最大日降水量」作為系統測站層級資料；目前未進行鄉鎮推估。,完整
water,C0E590,通霄,署屬自動站,苗栗縣,通霄鎮,40,120.704622,24.471892,城北里1鄰13號(通霄鎮城中國民小學內),2025-10,average_temperature,中央氣象署 CODiS / 現存測站清單,https://codis.cwa.gov.tw/ ; https://hdps.cwa.gov.tw/static/state.html,C0E590-2025.csv,氣溫,26.5,℃,26.5,℃,直接採用該測站 CODiS 2025 年月報表欄位「氣溫」作為系統測站層級資料；目前未進行鄉鎮推估。,完整
water,C0E590,通霄,署屬自動站,苗栗縣,通霄鎮,40,120.704622,24.471892,城北里1鄰13號(通霄鎮城中國民小學內),2025-10,relative_humidity,中央氣象署 CODiS / 現存測站清單,https://codis.cwa.gov.tw/ ; https://hdps.cwa.gov.tw/static/state.html,C0E590-2025.csv,相對溼度,81,%,81,%,直接採用該測站 CODiS 2025 年月報表欄位「相對溼度」作為系統測站層級資料；目前未進行鄉鎮推估。,完整
water,C0E590,通霄,署屬自動站,苗栗縣,通霄鎮,40,120.704622,24.471892,城北里1鄰13號(通霄鎮城中國民小學內),2025-11,rainfall,中央氣象署 CODiS / 現存測站清單,https://codis.cwa.gov.tw/ ; https://hdps.cwa.gov.tw/static/state.html,C0E590-2025.csv,降水量,29,mm,29,mm,直接採用該測站 CODiS 2025 年月報表欄位「降水量」作為系統測站層級資料；目前未進行鄉鎮推估。,完整
water,C0E590,通霄,署屬自動站,苗栗縣,通霄鎮,40,120.704622,24.471892,城北里1鄰13號(通霄鎮城中國民小學內),2025-11,rainfall_days,中央氣象署 CODiS / 現存測站清單,https://codis.cwa.gov.tw/ ; https://hdps.cwa.gov.tw/static/state.html,C0E590-2025.csv,降水日數,3,day,3,day,直接採用該測站 CODiS 2025 年月報表欄位「降水日數」作為系統測站層級資料；目前未進行鄉鎮推估。,完整
water,C0E590,通霄,署屬自動站,苗栗縣,通霄鎮,40,120.704622,24.471892,城北里1鄰13號(通霄鎮城中國民小學內),2025-11,max_daily_rainfall,中央氣象署 CODiS / 現存測站清單,https://codis.cwa.gov.tw/ ; https://hdps.cwa.gov.tw/static/state.html,C0E590-2025.csv,最大日降水量,17.5,mm,17.5,mm,直接採用該測站 CODiS 2025 年月報表欄位「最大日降水量」作為系統測站層級資料；目前未進行鄉鎮推估。,完整
water,C0E590,通霄,署屬自動站,苗栗縣,通霄鎮,40,120.704622,24.471892,城北里1鄰13號(通霄鎮城中國民小學內),2025-11,average_temperature,中央氣象署 CODiS / 現存測站清單,https://codis.cwa.gov.tw/ ; https://hdps.cwa.gov.tw/static/state.html,C0E590-2025.csv,氣溫,21.9,℃,21.9,℃,直接採用該測站 CODiS 2025 年月報表欄位「氣溫」作為系統測站層級資料；目前未進行鄉鎮推估。,完整
water,C0E590,通霄,署屬自動站,苗栗縣,通霄鎮,40,120.704622,24.471892,城北里1鄰13號(通霄鎮城中國民小學內),2025-11,relative_humidity,中央氣象署 CODiS / 現存測站清單,https://codis.cwa.gov.tw/ ; https://hdps.cwa.gov.tw/static/state.html,C0E590-2025.csv,相對溼度,77,%,77,%,直接採用該測站 CODiS 2025 年月報表欄位「相對溼度」作為系統測站層級資料；目前未進行鄉鎮推估。,完整
water,C0E590,通霄,署屬自動站,苗栗縣,通霄鎮,40,120.704622,24.471892,城北里1鄰13號(通霄鎮城中國民小學內),2025-12,rainfall,中央氣象署 CODiS / 現存測站清單,https://codis.cwa.gov.tw/ ; https://hdps.cwa.gov.tw/static/state.html,C0E590-2025.csv,降水量,2,mm,2,mm,直接採用該測站 CODiS 2025 年月報表欄位「降水量」作為系統測站層級資料；目前未進行鄉鎮推估。,完整
water,C0E590,通霄,署屬自動站,苗栗縣,通霄鎮,40,120.704622,24.471892,城北里1鄰13號(通霄鎮城中國民小學內),2025-12,rainfall_days,中央氣象署 CODiS / 現存測站清單,https://codis.cwa.gov.tw/ ; https://hdps.cwa.gov.tw/static/state.html,C0E590-2025.csv,降水日數,2,day,2,day,直接採用該測站 CODiS 2025 年月報表欄位「降水日數」作為系統測站層級資料；目前未進行鄉鎮推估。,完整
water,C0E590,通霄,署屬自動站,苗栗縣,通霄鎮,40,120.704622,24.471892,城北里1鄰13號(通霄鎮城中國民小學內),2025-12,max_daily_rainfall,中央氣象署 CODiS / 現存測站清單,https://codis.cwa.gov.tw/ ; https://hdps.cwa.gov.tw/static/state.html,C0E590-2025.csv,最大日降水量,1,mm,1,mm,直接採用該測站 CODiS 2025 年月報表欄位「最大日降水量」作為系統測站層級資料；目前未進行鄉鎮推估。,完整
water,C0E590,通霄,署屬自動站,苗栗縣,通霄鎮,40,120.704622,24.471892,城北里1鄰13號(通霄鎮城中國民小學內),2025-12,average_temperature,中央氣象署 CODiS / 現存測站清單,https://codis.cwa.gov.tw/ ; https://hdps.cwa.gov.tw/static/state.html,C0E590-2025.csv,氣溫,18.9,℃,18.9,℃,直接採用該測站 CODiS 2025 年月報表欄位「氣溫」作為系統測站層級資料；目前未進行鄉鎮推估。,完整
water,C0E590,通霄,署屬自動站,苗栗縣,通霄鎮,40,120.704622,24.471892,城北里1鄰13號(通霄鎮城中國民小學內),2025-12,relative_humidity,中央氣象署 CODiS / 現存測站清單,https://codis.cwa.gov.tw/ ; https://hdps.cwa.gov.tw/static/state.html,C0E590-2025.csv,相對溼度,80,%,80,%,直接採用該測站 CODiS 2025 年月報表欄位「相對溼度」作為系統測站層級資料；目前未進行鄉鎮推估。,完整
water,C0E610,馬都安,署屬自動站,苗栗縣,泰安鄉,850,120.930192,24.451272,錦水村(由泰安開車約2小時瞭望台旁),2025-01,rainfall,中央氣象署 CODiS / 現存測站清單,https://codis.cwa.gov.tw/ ; https://hdps.cwa.gov.tw/static/state.html,C0E610-2025.csv,降水量,50,mm,50,mm,直接採用該測站 CODiS 2025 年月報表欄位「降水量」作為系統測站層級資料；目前未進行鄉鎮推估。,完整
water,C0E610,馬都安,署屬自動站,苗栗縣,泰安鄉,850,120.930192,24.451272,錦水村(由泰安開車約2小時瞭望台旁),2025-01,rainfall_days,中央氣象署 CODiS / 現存測站清單,https://codis.cwa.gov.tw/ ; https://hdps.cwa.gov.tw/static/state.html,C0E610-2025.csv,降水日數,9,day,9,day,直接採用該測站 CODiS 2025 年月報表欄位「降水日數」作為系統測站層級資料；目前未進行鄉鎮推估。,完整
water,C0E610,馬都安,署屬自動站,苗栗縣,泰安鄉,850,120.930192,24.451272,錦水村(由泰安開車約2小時瞭望台旁),2025-01,max_daily_rainfall,中央氣象署 CODiS / 現存測站清單,https://codis.cwa.gov.tw/ ; https://hdps.cwa.gov.tw/static/state.html,C0E610-2025.csv,最大日降水量,12.5,mm,12.5,mm,直接採用該測站 CODiS 2025 年月報表欄位「最大日降水量」作為系統測站層級資料；目前未進行鄉鎮推估。,完整
water,C0E610,馬都安,署屬自動站,苗栗縣,泰安鄉,850,120.930192,24.451272,錦水村(由泰安開車約2小時瞭望台旁),2025-01,average_temperature,中央氣象署 CODiS / 現存測站清單,https://codis.cwa.gov.tw/ ; https://hdps.cwa.gov.tw/static/state.html,C0E610-2025.csv,氣溫,11.8,℃,11.8,℃,直接採用該測站 CODiS 2025 年月報表欄位「氣溫」作為系統測站層級資料；目前未進行鄉鎮推估。,完整
water,C0E610,馬都安,署屬自動站,苗栗縣,泰安鄉,850,120.930192,24.451272,錦水村(由泰安開車約2小時瞭望台旁),2025-01,relative_humidity,中央氣象署 CODiS / 現存測站清單,https://codis.cwa.gov.tw/ ; https://hdps.cwa.gov.tw/static/state.html,C0E610-2025.csv,相對溼度,78,%,78,%,直接採用該測站 CODiS 2025 年月報表欄位「相對溼度」作為系統測站層級資料；目前未進行鄉鎮推估。,完整
water,C0E610,馬都安,署屬自動站,苗栗縣,泰安鄉,850,120.930192,24.451272,錦水村(由泰安開車約2小時瞭望台旁),2025-02,rainfall,中央氣象署 CODiS / 現存測站清單,https://codis.cwa.gov.tw/ ; https://hdps.cwa.gov.tw/static/state.html,C0E610-2025.csv,降水量,90,mm,90,mm,直接採用該測站 CODiS 2025 年月報表欄位「降水量」作為系統測站層級資料；目前未進行鄉鎮推估。,完整
water,C0E610,馬都安,署屬自動站,苗栗縣,泰安鄉,850,120.930192,24.451272,錦水村(由泰安開車約2小時瞭望台旁),2025-02,rainfall_days,中央氣象署 CODiS / 現存測站清單,https://codis.cwa.gov.tw/ ; https://hdps.cwa.gov.tw/static/state.html,C0E610-2025.csv,降水日數,10,day,10,day,直接採用該測站 CODiS 2025 年月報表欄位「降水日數」作為系統測站層級資料；目前未進行鄉鎮推估。,完整
water,C0E610,馬都安,署屬自動站,苗栗縣,泰安鄉,850,120.930192,24.451272,錦水村(由泰安開車約2小時瞭望台旁),2025-02,max_daily_rainfall,中央氣象署 CODiS / 現存測站清單,https://codis.cwa.gov.tw/ ; https://hdps.cwa.gov.tw/static/state.html,C0E610-2025.csv,最大日降水量,41,mm,41,mm,直接採用該測站 CODiS 2025 年月報表欄位「最大日降水量」作為系統測站層級資料；目前未進行鄉鎮推估。,完整
water,C0E610,馬都安,署屬自動站,苗栗縣,泰安鄉,850,120.930192,24.451272,錦水村(由泰安開車約2小時瞭望台旁),2025-02,average_temperature,中央氣象署 CODiS / 現存測站清單,https://codis.cwa.gov.tw/ ; https://hdps.cwa.gov.tw/static/state.html,C0E610-2025.csv,氣溫,12.9,℃,12.9,℃,直接採用該測站 CODiS 2025 年月報表欄位「氣溫」作為系統測站層級資料；目前未進行鄉鎮推估。,完整
water,C0E610,馬都安,署屬自動站,苗栗縣,泰安鄉,850,120.930192,24.451272,錦水村(由泰安開車約2小時瞭望台旁),2025-02,relative_humidity,中央氣象署 CODiS / 現存測站清單,https://codis.cwa.gov.tw/ ; https://hdps.cwa.gov.tw/static/state.html,C0E610-2025.csv,相對溼度,87,%,87,%,直接採用該測站 CODiS 2025 年月報表欄位「相對溼度」作為系統測站層級資料；目前未進行鄉鎮推估。,完整
water,C0E610,馬都安,署屬自動站,苗栗縣,泰安鄉,850,120.930192,24.451272,錦水村(由泰安開車約2小時瞭望台旁),2025-03,rainfall,中央氣象署 CODiS / 現存測站清單,https://codis.cwa.gov.tw/ ; https://hdps.cwa.gov.tw/static/state.html,C0E610-2025.csv,降水量,289,mm,289,mm,直接採用該測站 CODiS 2025 年月報表欄位「降水量」作為系統測站層級資料；目前未進行鄉鎮推估。,完整
water,C0E610,馬都安,署屬自動站,苗栗縣,泰安鄉,850,120.930192,24.451272,錦水村(由泰安開車約2小時瞭望台旁),2025-03,rainfall_days,中央氣象署 CODiS / 現存測站清單,https://codis.cwa.gov.tw/ ; https://hdps.cwa.gov.tw/static/state.html,C0E610-2025.csv,降水日數,13,day,13,day,直接採用該測站 CODiS 2025 年月報表欄位「降水日數」作為系統測站層級資料；目前未進行鄉鎮推估。,完整
water,C0E610,馬都安,署屬自動站,苗栗縣,泰安鄉,850,120.930192,24.451272,錦水村(由泰安開車約2小時瞭望台旁),2025-03,max_daily_rainfall,中央氣象署 CODiS / 現存測站清單,https://codis.cwa.gov.tw/ ; https://hdps.cwa.gov.tw/static/state.html,C0E610-2025.csv,最大日降水量,91.5,mm,91.5,mm,直接採用該測站 CODiS 2025 年月報表欄位「最大日降水量」作為系統測站層級資料；目前未進行鄉鎮推估。,完整
water,C0E610,馬都安,署屬自動站,苗栗縣,泰安鄉,850,120.930192,24.451272,錦水村(由泰安開車約2小時瞭望台旁),2025-03,average_temperature,中央氣象署 CODiS / 現存測站清單,https://codis.cwa.gov.tw/ ; https://hdps.cwa.gov.tw/static/state.html,C0E610-2025.csv,氣溫,15.7,℃,15.7,℃,直接採用該測站 CODiS 2025 年月報表欄位「氣溫」作為系統測站層級資料；目前未進行鄉鎮推估。,完整
water,C0E610,馬都安,署屬自動站,苗栗縣,泰安鄉,850,120.930192,24.451272,錦水村(由泰安開車約2小時瞭望台旁),2025-03,relative_humidity,中央氣象署 CODiS / 現存測站清單,https://codis.cwa.gov.tw/ ; https://hdps.cwa.gov.tw/static/state.html,C0E610-2025.csv,相對溼度,80,%,80,%,直接採用該測站 CODiS 2025 年月報表欄位「相對溼度」作為系統測站層級資料；目前未進行鄉鎮推估。,完整
water,C0E610,馬都安,署屬自動站,苗栗縣,泰安鄉,850,120.930192,24.451272,錦水村(由泰安開車約2小時瞭望台旁),2025-04,rainfall,中央氣象署 CODiS / 現存測站清單,https://codis.cwa.gov.tw/ ; https://hdps.cwa.gov.tw/static/state.html,C0E610-2025.csv,降水量,136,mm,136,mm,直接採用該測站 CODiS 2025 年月報表欄位「降水量」作為系統測站層級資料；目前未進行鄉鎮推估。,完整
water,C0E610,馬都安,署屬自動站,苗栗縣,泰安鄉,850,120.930192,24.451272,錦水村(由泰安開車約2小時瞭望台旁),2025-04,rainfall_days,中央氣象署 CODiS / 現存測站清單,https://codis.cwa.gov.tw/ ; https://hdps.cwa.gov.tw/static/state.html,C0E610-2025.csv,降水日數,14,day,14,day,直接採用該測站 CODiS 2025 年月報表欄位「降水日數」作為系統測站層級資料；目前未進行鄉鎮推估。,完整
water,C0E610,馬都安,署屬自動站,苗栗縣,泰安鄉,850,120.930192,24.451272,錦水村(由泰安開車約2小時瞭望台旁),2025-04,max_daily_rainfall,中央氣象署 CODiS / 現存測站清單,https://codis.cwa.gov.tw/ ; https://hdps.cwa.gov.tw/static/state.html,C0E610-2025.csv,最大日降水量,39.5,mm,39.5,mm,直接採用該測站 CODiS 2025 年月報表欄位「最大日降水量」作為系統測站層級資料；目前未進行鄉鎮推估。,完整
water,C0E610,馬都安,署屬自動站,苗栗縣,泰安鄉,850,120.930192,24.451272,錦水村(由泰安開車約2小時瞭望台旁),2025-04,average_temperature,中央氣象署 CODiS / 現存測站清單,https://codis.cwa.gov.tw/ ; https://hdps.cwa.gov.tw/static/state.html,C0E610-2025.csv,氣溫,19,℃,19,℃,直接採用該測站 CODiS 2025 年月報表欄位「氣溫」作為系統測站層級資料；目前未進行鄉鎮推估。,完整
water,C0E610,馬都安,署屬自動站,苗栗縣,泰安鄉,850,120.930192,24.451272,錦水村(由泰安開車約2小時瞭望台旁),2025-04,relative_humidity,中央氣象署 CODiS / 現存測站清單,https://codis.cwa.gov.tw/ ; https://hdps.cwa.gov.tw/static/state.html,C0E610-2025.csv,相對溼度,81,%,81,%,直接採用該測站 CODiS 2025 年月報表欄位「相對溼度」作為系統測站層級資料；目前未進行鄉鎮推估。,完整
water,C0E610,馬都安,署屬自動站,苗栗縣,泰安鄉,850,120.930192,24.451272,錦水村(由泰安開車約2小時瞭望台旁),2025-05,rainfall,中央氣象署 CODiS / 現存測站清單,https://codis.cwa.gov.tw/ ; https://hdps.cwa.gov.tw/static/state.html,C0E610-2025.csv,降水量,376,mm,376,mm,直接採用該測站 CODiS 2025 年月報表欄位「降水量」作為系統測站層級資料；目前未進行鄉鎮推估。,完整
water,C0E610,馬都安,署屬自動站,苗栗縣,泰安鄉,850,120.930192,24.451272,錦水村(由泰安開車約2小時瞭望台旁),2025-05,rainfall_days,中央氣象署 CODiS / 現存測站清單,https://codis.cwa.gov.tw/ ; https://hdps.cwa.gov.tw/static/state.html,C0E610-2025.csv,降水日數,11,day,11,day,直接採用該測站 CODiS 2025 年月報表欄位「降水日數」作為系統測站層級資料；目前未進行鄉鎮推估。,完整
water,C0E610,馬都安,署屬自動站,苗栗縣,泰安鄉,850,120.930192,24.451272,錦水村(由泰安開車約2小時瞭望台旁),2025-05,max_daily_rainfall,中央氣象署 CODiS / 現存測站清單,https://codis.cwa.gov.tw/ ; https://hdps.cwa.gov.tw/static/state.html,C0E610-2025.csv,最大日降水量,110,mm,110,mm,直接採用該測站 CODiS 2025 年月報表欄位「最大日降水量」作為系統測站層級資料；目前未進行鄉鎮推估。,完整
water,C0E610,馬都安,署屬自動站,苗栗縣,泰安鄉,850,120.930192,24.451272,錦水村(由泰安開車約2小時瞭望台旁),2025-05,average_temperature,中央氣象署 CODiS / 現存測站清單,https://codis.cwa.gov.tw/ ; https://hdps.cwa.gov.tw/static/state.html,C0E610-2025.csv,氣溫,21.8,℃,21.8,℃,直接採用該測站 CODiS 2025 年月報表欄位「氣溫」作為系統測站層級資料；目前未進行鄉鎮推估。,完整
water,C0E610,馬都安,署屬自動站,苗栗縣,泰安鄉,850,120.930192,24.451272,錦水村(由泰安開車約2小時瞭望台旁),2025-05,relative_humidity,中央氣象署 CODiS / 現存測站清單,https://codis.cwa.gov.tw/ ; https://hdps.cwa.gov.tw/static/state.html,C0E610-2025.csv,相對溼度,86,%,86,%,直接採用該測站 CODiS 2025 年月報表欄位「相對溼度」作為系統測站層級資料；目前未進行鄉鎮推估。,完整
water,C0E610,馬都安,署屬自動站,苗栗縣,泰安鄉,850,120.930192,24.451272,錦水村(由泰安開車約2小時瞭望台旁),2025-06,rainfall,中央氣象署 CODiS / 現存測站清單,https://codis.cwa.gov.tw/ ; https://hdps.cwa.gov.tw/static/state.html,C0E610-2025.csv,降水量,241,mm,241,mm,直接採用該測站 CODiS 2025 年月報表欄位「降水量」作為系統測站層級資料；目前未進行鄉鎮推估。,完整
water,C0E610,馬都安,署屬自動站,苗栗縣,泰安鄉,850,120.930192,24.451272,錦水村(由泰安開車約2小時瞭望台旁),2025-06,rainfall_days,中央氣象署 CODiS / 現存測站清單,https://codis.cwa.gov.tw/ ; https://hdps.cwa.gov.tw/static/state.html,C0E610-2025.csv,降水日數,15,day,15,day,直接採用該測站 CODiS 2025 年月報表欄位「降水日數」作為系統測站層級資料；目前未進行鄉鎮推估。,完整
water,C0E610,馬都安,署屬自動站,苗栗縣,泰安鄉,850,120.930192,24.451272,錦水村(由泰安開車約2小時瞭望台旁),2025-06,max_daily_rainfall,中央氣象署 CODiS / 現存測站清單,https://codis.cwa.gov.tw/ ; https://hdps.cwa.gov.tw/static/state.html,C0E610-2025.csv,最大日降水量,41,mm,41,mm,直接採用該測站 CODiS 2025 年月報表欄位「最大日降水量」作為系統測站層級資料；目前未進行鄉鎮推估。,完整
water,C0E610,馬都安,署屬自動站,苗栗縣,泰安鄉,850,120.930192,24.451272,錦水村(由泰安開車約2小時瞭望台旁),2025-06,average_temperature,中央氣象署 CODiS / 現存測站清單,https://codis.cwa.gov.tw/ ; https://hdps.cwa.gov.tw/static/state.html,C0E610-2025.csv,氣溫,23.5,℃,23.5,℃,直接採用該測站 CODiS 2025 年月報表欄位「氣溫」作為系統測站層級資料；目前未進行鄉鎮推估。,完整
water,C0E610,馬都安,署屬自動站,苗栗縣,泰安鄉,850,120.930192,24.451272,錦水村(由泰安開車約2小時瞭望台旁),2025-06,relative_humidity,中央氣象署 CODiS / 現存測站清單,https://codis.cwa.gov.tw/ ; https://hdps.cwa.gov.tw/static/state.html,C0E610-2025.csv,相對溼度,87,%,87,%,直接採用該測站 CODiS 2025 年月報表欄位「相對溼度」作為系統測站層級資料；目前未進行鄉鎮推估。,完整
water,C0E610,馬都安,署屬自動站,苗栗縣,泰安鄉,850,120.930192,24.451272,錦水村(由泰安開車約2小時瞭望台旁),2025-07,rainfall,中央氣象署 CODiS / 現存測站清單,https://codis.cwa.gov.tw/ ; https://hdps.cwa.gov.tw/static/state.html,C0E610-2025.csv,降水量,460,mm,460,mm,直接採用該測站 CODiS 2025 年月報表欄位「降水量」作為系統測站層級資料；目前未進行鄉鎮推估。,完整
water,C0E610,馬都安,署屬自動站,苗栗縣,泰安鄉,850,120.930192,24.451272,錦水村(由泰安開車約2小時瞭望台旁),2025-07,rainfall_days,中央氣象署 CODiS / 現存測站清單,https://codis.cwa.gov.tw/ ; https://hdps.cwa.gov.tw/static/state.html,C0E610-2025.csv,降水日數,23,day,23,day,直接採用該測站 CODiS 2025 年月報表欄位「降水日數」作為系統測站層級資料；目前未進行鄉鎮推估。,完整
water,C0E610,馬都安,署屬自動站,苗栗縣,泰安鄉,850,120.930192,24.451272,錦水村(由泰安開車約2小時瞭望台旁),2025-07,max_daily_rainfall,中央氣象署 CODiS / 現存測站清單,https://codis.cwa.gov.tw/ ; https://hdps.cwa.gov.tw/static/state.html,C0E610-2025.csv,最大日降水量,90,mm,90,mm,直接採用該測站 CODiS 2025 年月報表欄位「最大日降水量」作為系統測站層級資料；目前未進行鄉鎮推估。,完整
water,C0E610,馬都安,署屬自動站,苗栗縣,泰安鄉,850,120.930192,24.451272,錦水村(由泰安開車約2小時瞭望台旁),2025-07,average_temperature,中央氣象署 CODiS / 現存測站清單,https://codis.cwa.gov.tw/ ; https://hdps.cwa.gov.tw/static/state.html,C0E610-2025.csv,氣溫,23.5,℃,23.5,℃,直接採用該測站 CODiS 2025 年月報表欄位「氣溫」作為系統測站層級資料；目前未進行鄉鎮推估。,完整
water,C0E610,馬都安,署屬自動站,苗栗縣,泰安鄉,850,120.930192,24.451272,錦水村(由泰安開車約2小時瞭望台旁),2025-07,relative_humidity,中央氣象署 CODiS / 現存測站清單,https://codis.cwa.gov.tw/ ; https://hdps.cwa.gov.tw/static/state.html,C0E610-2025.csv,相對溼度,89,%,89,%,直接採用該測站 CODiS 2025 年月報表欄位「相對溼度」作為系統測站層級資料；目前未進行鄉鎮推估。,完整
water,C0E610,馬都安,署屬自動站,苗栗縣,泰安鄉,850,120.930192,24.451272,錦水村(由泰安開車約2小時瞭望台旁),2025-08,rainfall,中央氣象署 CODiS / 現存測站清單,https://codis.cwa.gov.tw/ ; https://hdps.cwa.gov.tw/static/state.html,C0E610-2025.csv,降水量,146.5,mm,146.5,mm,直接採用該測站 CODiS 2025 年月報表欄位「降水量」作為系統測站層級資料；目前未進行鄉鎮推估。,完整
water,C0E610,馬都安,署屬自動站,苗栗縣,泰安鄉,850,120.930192,24.451272,錦水村(由泰安開車約2小時瞭望台旁),2025-08,rainfall_days,中央氣象署 CODiS / 現存測站清單,https://codis.cwa.gov.tw/ ; https://hdps.cwa.gov.tw/static/state.html,C0E610-2025.csv,降水日數,13,day,13,day,直接採用該測站 CODiS 2025 年月報表欄位「降水日數」作為系統測站層級資料；目前未進行鄉鎮推估。,完整
water,C0E610,馬都安,署屬自動站,苗栗縣,泰安鄉,850,120.930192,24.451272,錦水村(由泰安開車約2小時瞭望台旁),2025-08,max_daily_rainfall,中央氣象署 CODiS / 現存測站清單,https://codis.cwa.gov.tw/ ; https://hdps.cwa.gov.tw/static/state.html,C0E610-2025.csv,最大日降水量,41.5,mm,41.5,mm,直接採用該測站 CODiS 2025 年月報表欄位「最大日降水量」作為系統測站層級資料；目前未進行鄉鎮推估。,完整
water,C0E610,馬都安,署屬自動站,苗栗縣,泰安鄉,850,120.930192,24.451272,錦水村(由泰安開車約2小時瞭望台旁),2025-08,average_temperature,中央氣象署 CODiS / 現存測站清單,https://codis.cwa.gov.tw/ ; https://hdps.cwa.gov.tw/static/state.html,C0E610-2025.csv,氣溫,23.8,℃,23.8,℃,直接採用該測站 CODiS 2025 年月報表欄位「氣溫」作為系統測站層級資料；目前未進行鄉鎮推估。,完整
water,C0E610,馬都安,署屬自動站,苗栗縣,泰安鄉,850,120.930192,24.451272,錦水村(由泰安開車約2小時瞭望台旁),2025-08,relative_humidity,中央氣象署 CODiS / 現存測站清單,https://codis.cwa.gov.tw/ ; https://hdps.cwa.gov.tw/static/state.html,C0E610-2025.csv,相對溼度,85,%,85,%,直接採用該測站 CODiS 2025 年月報表欄位「相對溼度」作為系統測站層級資料；目前未進行鄉鎮推估。,完整
water,C0E610,馬都安,署屬自動站,苗栗縣,泰安鄉,850,120.930192,24.451272,錦水村(由泰安開車約2小時瞭望台旁),2025-09,rainfall,中央氣象署 CODiS / 現存測站清單,https://codis.cwa.gov.tw/ ; https://hdps.cwa.gov.tw/static/state.html,C0E610-2025.csv,降水量,174,mm,174,mm,直接採用該測站 CODiS 2025 年月報表欄位「降水量」作為系統測站層級資料；目前未進行鄉鎮推估。,完整
water,C0E610,馬都安,署屬自動站,苗栗縣,泰安鄉,850,120.930192,24.451272,錦水村(由泰安開車約2小時瞭望台旁),2025-09,rainfall_days,中央氣象署 CODiS / 現存測站清單,https://codis.cwa.gov.tw/ ; https://hdps.cwa.gov.tw/static/state.html,C0E610-2025.csv,降水日數,14,day,14,day,直接採用該測站 CODiS 2025 年月報表欄位「降水日數」作為系統測站層級資料；目前未進行鄉鎮推估。,完整
water,C0E610,馬都安,署屬自動站,苗栗縣,泰安鄉,850,120.930192,24.451272,錦水村(由泰安開車約2小時瞭望台旁),2025-09,max_daily_rainfall,中央氣象署 CODiS / 現存測站清單,https://codis.cwa.gov.tw/ ; https://hdps.cwa.gov.tw/static/state.html,C0E610-2025.csv,最大日降水量,86,mm,86,mm,直接採用該測站 CODiS 2025 年月報表欄位「最大日降水量」作為系統測站層級資料；目前未進行鄉鎮推估。,完整
water,C0E610,馬都安,署屬自動站,苗栗縣,泰安鄉,850,120.930192,24.451272,錦水村(由泰安開車約2小時瞭望台旁),2025-09,average_temperature,中央氣象署 CODiS / 現存測站清單,https://codis.cwa.gov.tw/ ; https://hdps.cwa.gov.tw/static/state.html,C0E610-2025.csv,氣溫,23.5,℃,23.5,℃,直接採用該測站 CODiS 2025 年月報表欄位「氣溫」作為系統測站層級資料；目前未進行鄉鎮推估。,完整
water,C0E610,馬都安,署屬自動站,苗栗縣,泰安鄉,850,120.930192,24.451272,錦水村(由泰安開車約2小時瞭望台旁),2025-09,relative_humidity,中央氣象署 CODiS / 現存測站清單,https://codis.cwa.gov.tw/ ; https://hdps.cwa.gov.tw/static/state.html,C0E610-2025.csv,相對溼度,87,%,87,%,直接採用該測站 CODiS 2025 年月報表欄位「相對溼度」作為系統測站層級資料；目前未進行鄉鎮推估。,完整
water,C0E610,馬都安,署屬自動站,苗栗縣,泰安鄉,850,120.930192,24.451272,錦水村(由泰安開車約2小時瞭望台旁),2025-10,rainfall,中央氣象署 CODiS / 現存測站清單,https://codis.cwa.gov.tw/ ; https://hdps.cwa.gov.tw/static/state.html,C0E610-2025.csv,降水量,31.5,mm,31.5,mm,直接採用該測站 CODiS 2025 年月報表欄位「降水量」作為系統測站層級資料；目前未進行鄉鎮推估。,完整
water,C0E610,馬都安,署屬自動站,苗栗縣,泰安鄉,850,120.930192,24.451272,錦水村(由泰安開車約2小時瞭望台旁),2025-10,rainfall_days,中央氣象署 CODiS / 現存測站清單,https://codis.cwa.gov.tw/ ; https://hdps.cwa.gov.tw/static/state.html,C0E610-2025.csv,降水日數,4,day,4,day,直接採用該測站 CODiS 2025 年月報表欄位「降水日數」作為系統測站層級資料；目前未進行鄉鎮推估。,完整
water,C0E610,馬都安,署屬自動站,苗栗縣,泰安鄉,850,120.930192,24.451272,錦水村(由泰安開車約2小時瞭望台旁),2025-10,max_daily_rainfall,中央氣象署 CODiS / 現存測站清單,https://codis.cwa.gov.tw/ ; https://hdps.cwa.gov.tw/static/state.html,C0E610-2025.csv,最大日降水量,20.5,mm,20.5,mm,直接採用該測站 CODiS 2025 年月報表欄位「最大日降水量」作為系統測站層級資料；目前未進行鄉鎮推估。,完整
water,C0E610,馬都安,署屬自動站,苗栗縣,泰安鄉,850,120.930192,24.451272,錦水村(由泰安開車約2小時瞭望台旁),2025-10,average_temperature,中央氣象署 CODiS / 現存測站清單,https://codis.cwa.gov.tw/ ; https://hdps.cwa.gov.tw/static/state.html,C0E610-2025.csv,氣溫,21.7,℃,21.7,℃,直接採用該測站 CODiS 2025 年月報表欄位「氣溫」作為系統測站層級資料；目前未進行鄉鎮推估。,完整
water,C0E610,馬都安,署屬自動站,苗栗縣,泰安鄉,850,120.930192,24.451272,錦水村(由泰安開車約2小時瞭望台旁),2025-10,relative_humidity,中央氣象署 CODiS / 現存測站清單,https://codis.cwa.gov.tw/ ; https://hdps.cwa.gov.tw/static/state.html,C0E610-2025.csv,相對溼度,88,%,88,%,直接採用該測站 CODiS 2025 年月報表欄位「相對溼度」作為系統測站層級資料；目前未進行鄉鎮推估。,完整
water,C0E610,馬都安,署屬自動站,苗栗縣,泰安鄉,850,120.930192,24.451272,錦水村(由泰安開車約2小時瞭望台旁),2025-11,rainfall,中央氣象署 CODiS / 現存測站清單,https://codis.cwa.gov.tw/ ; https://hdps.cwa.gov.tw/static/state.html,C0E610-2025.csv,降水量,11.5,mm,11.5,mm,直接採用該測站 CODiS 2025 年月報表欄位「降水量」作為系統測站層級資料；目前未進行鄉鎮推估。,完整
water,C0E610,馬都安,署屬自動站,苗栗縣,泰安鄉,850,120.930192,24.451272,錦水村(由泰安開車約2小時瞭望台旁),2025-11,rainfall_days,中央氣象署 CODiS / 現存測站清單,https://codis.cwa.gov.tw/ ; https://hdps.cwa.gov.tw/static/state.html,C0E610-2025.csv,降水日數,7,day,7,day,直接採用該測站 CODiS 2025 年月報表欄位「降水日數」作為系統測站層級資料；目前未進行鄉鎮推估。,完整
water,C0E610,馬都安,署屬自動站,苗栗縣,泰安鄉,850,120.930192,24.451272,錦水村(由泰安開車約2小時瞭望台旁),2025-11,max_daily_rainfall,中央氣象署 CODiS / 現存測站清單,https://codis.cwa.gov.tw/ ; https://hdps.cwa.gov.tw/static/state.html,C0E610-2025.csv,最大日降水量,6,mm,6,mm,直接採用該測站 CODiS 2025 年月報表欄位「最大日降水量」作為系統測站層級資料；目前未進行鄉鎮推估。,完整
water,C0E610,馬都安,署屬自動站,苗栗縣,泰安鄉,850,120.930192,24.451272,錦水村(由泰安開車約2小時瞭望台旁),2025-11,average_temperature,中央氣象署 CODiS / 現存測站清單,https://codis.cwa.gov.tw/ ; https://hdps.cwa.gov.tw/static/state.html,C0E610-2025.csv,氣溫,17.8,℃,17.8,℃,直接採用該測站 CODiS 2025 年月報表欄位「氣溫」作為系統測站層級資料；目前未進行鄉鎮推估。,完整
water,C0E610,馬都安,署屬自動站,苗栗縣,泰安鄉,850,120.930192,24.451272,錦水村(由泰安開車約2小時瞭望台旁),2025-11,relative_humidity,中央氣象署 CODiS / 現存測站清單,https://codis.cwa.gov.tw/ ; https://hdps.cwa.gov.tw/static/state.html,C0E610-2025.csv,相對溼度,87,%,87,%,直接採用該測站 CODiS 2025 年月報表欄位「相對溼度」作為系統測站層級資料；目前未進行鄉鎮推估。,完整
water,C0E610,馬都安,署屬自動站,苗栗縣,泰安鄉,850,120.930192,24.451272,錦水村(由泰安開車約2小時瞭望台旁),2025-12,rainfall,中央氣象署 CODiS / 現存測站清單,https://codis.cwa.gov.tw/ ; https://hdps.cwa.gov.tw/static/state.html,C0E610-2025.csv,降水量,12.5,mm,12.5,mm,直接採用該測站 CODiS 2025 年月報表欄位「降水量」作為系統測站層級資料；目前未進行鄉鎮推估。,完整
water,C0E610,馬都安,署屬自動站,苗栗縣,泰安鄉,850,120.930192,24.451272,錦水村(由泰安開車約2小時瞭望台旁),2025-12,rainfall_days,中央氣象署 CODiS / 現存測站清單,https://codis.cwa.gov.tw/ ; https://hdps.cwa.gov.tw/static/state.html,C0E610-2025.csv,降水日數,3,day,3,day,直接採用該測站 CODiS 2025 年月報表欄位「降水日數」作為系統測站層級資料；目前未進行鄉鎮推估。,完整
water,C0E610,馬都安,署屬自動站,苗栗縣,泰安鄉,850,120.930192,24.451272,錦水村(由泰安開車約2小時瞭望台旁),2025-12,max_daily_rainfall,中央氣象署 CODiS / 現存測站清單,https://codis.cwa.gov.tw/ ; https://hdps.cwa.gov.tw/static/state.html,C0E610-2025.csv,最大日降水量,8,mm,8,mm,直接採用該測站 CODiS 2025 年月報表欄位「最大日降水量」作為系統測站層級資料；目前未進行鄉鎮推估。,完整
water,C0E610,馬都安,署屬自動站,苗栗縣,泰安鄉,850,120.930192,24.451272,錦水村(由泰安開車約2小時瞭望台旁),2025-12,average_temperature,中央氣象署 CODiS / 現存測站清單,https://codis.cwa.gov.tw/ ; https://hdps.cwa.gov.tw/static/state.html,C0E610-2025.csv,氣溫,15.2,℃,15.2,℃,直接採用該測站 CODiS 2025 年月報表欄位「氣溫」作為系統測站層級資料；目前未進行鄉鎮推估。,完整
water,C0E610,馬都安,署屬自動站,苗栗縣,泰安鄉,850,120.930192,24.451272,錦水村(由泰安開車約2小時瞭望台旁),2025-12,relative_humidity,中央氣象署 CODiS / 現存測站清單,https://codis.cwa.gov.tw/ ; https://hdps.cwa.gov.tw/static/state.html,C0E610-2025.csv,相對溼度,82,%,82,%,直接採用該測站 CODiS 2025 年月報表欄位「相對溼度」作為系統測站層級資料；目前未進行鄉鎮推估。,完整
water,C0E730,頭份,署屬自動站,苗栗縣,頭份市,26,120.912206,24.688247,中正路219號(苗栗縣頭份鎮頭份國小校園內),2025-01,rainfall,中央氣象署 CODiS / 現存測站清單,https://codis.cwa.gov.tw/ ; https://hdps.cwa.gov.tw/static/state.html,C0E730-2025.csv,降水量,31.5,mm,31.5,mm,直接採用該測站 CODiS 2025 年月報表欄位「降水量」作為系統測站層級資料；目前未進行鄉鎮推估。,完整
water,C0E730,頭份,署屬自動站,苗栗縣,頭份市,26,120.912206,24.688247,中正路219號(苗栗縣頭份鎮頭份國小校園內),2025-01,rainfall_days,中央氣象署 CODiS / 現存測站清單,https://codis.cwa.gov.tw/ ; https://hdps.cwa.gov.tw/static/state.html,C0E730-2025.csv,降水日數,10,day,10,day,直接採用該測站 CODiS 2025 年月報表欄位「降水日數」作為系統測站層級資料；目前未進行鄉鎮推估。,完整
water,C0E730,頭份,署屬自動站,苗栗縣,頭份市,26,120.912206,24.688247,中正路219號(苗栗縣頭份鎮頭份國小校園內),2025-01,max_daily_rainfall,中央氣象署 CODiS / 現存測站清單,https://codis.cwa.gov.tw/ ; https://hdps.cwa.gov.tw/static/state.html,C0E730-2025.csv,最大日降水量,7,mm,7,mm,直接採用該測站 CODiS 2025 年月報表欄位「最大日降水量」作為系統測站層級資料；目前未進行鄉鎮推估。,完整
water,C0E730,頭份,署屬自動站,苗栗縣,頭份市,26,120.912206,24.688247,中正路219號(苗栗縣頭份鎮頭份國小校園內),2025-01,average_temperature,中央氣象署 CODiS / 現存測站清單,https://codis.cwa.gov.tw/ ; https://hdps.cwa.gov.tw/static/state.html,C0E730-2025.csv,氣溫,16.2,℃,16.2,℃,直接採用該測站 CODiS 2025 年月報表欄位「氣溫」作為系統測站層級資料；目前未進行鄉鎮推估。,完整
water,C0E730,頭份,署屬自動站,苗栗縣,頭份市,26,120.912206,24.688247,中正路219號(苗栗縣頭份鎮頭份國小校園內),2025-01,relative_humidity,中央氣象署 CODiS / 現存測站清單,https://codis.cwa.gov.tw/ ; https://hdps.cwa.gov.tw/static/state.html,C0E730-2025.csv,相對溼度,69,%,69,%,直接採用該測站 CODiS 2025 年月報表欄位「相對溼度」作為系統測站層級資料；目前未進行鄉鎮推估。,完整
water,C0E730,頭份,署屬自動站,苗栗縣,頭份市,26,120.912206,24.688247,中正路219號(苗栗縣頭份鎮頭份國小校園內),2025-02,rainfall,中央氣象署 CODiS / 現存測站清單,https://codis.cwa.gov.tw/ ; https://hdps.cwa.gov.tw/static/state.html,C0E730-2025.csv,降水量,65.5,mm,65.5,mm,直接採用該測站 CODiS 2025 年月報表欄位「降水量」作為系統測站層級資料；目前未進行鄉鎮推估。,完整
water,C0E730,頭份,署屬自動站,苗栗縣,頭份市,26,120.912206,24.688247,中正路219號(苗栗縣頭份鎮頭份國小校園內),2025-02,rainfall_days,中央氣象署 CODiS / 現存測站清單,https://codis.cwa.gov.tw/ ; https://hdps.cwa.gov.tw/static/state.html,C0E730-2025.csv,降水日數,11,day,11,day,直接採用該測站 CODiS 2025 年月報表欄位「降水日數」作為系統測站層級資料；目前未進行鄉鎮推估。,完整
water,C0E730,頭份,署屬自動站,苗栗縣,頭份市,26,120.912206,24.688247,中正路219號(苗栗縣頭份鎮頭份國小校園內),2025-02,max_daily_rainfall,中央氣象署 CODiS / 現存測站清單,https://codis.cwa.gov.tw/ ; https://hdps.cwa.gov.tw/static/state.html,C0E730-2025.csv,最大日降水量,28,mm,28,mm,直接採用該測站 CODiS 2025 年月報表欄位「最大日降水量」作為系統測站層級資料；目前未進行鄉鎮推估。,完整
water,C0E730,頭份,署屬自動站,苗栗縣,頭份市,26,120.912206,24.688247,中正路219號(苗栗縣頭份鎮頭份國小校園內),2025-02,average_temperature,中央氣象署 CODiS / 現存測站清單,https://codis.cwa.gov.tw/ ; https://hdps.cwa.gov.tw/static/state.html,C0E730-2025.csv,氣溫,16.4,℃,16.4,℃,直接採用該測站 CODiS 2025 年月報表欄位「氣溫」作為系統測站層級資料；目前未進行鄉鎮推估。,完整
water,C0E730,頭份,署屬自動站,苗栗縣,頭份市,26,120.912206,24.688247,中正路219號(苗栗縣頭份鎮頭份國小校園內),2025-02,relative_humidity,中央氣象署 CODiS / 現存測站清單,https://codis.cwa.gov.tw/ ; https://hdps.cwa.gov.tw/static/state.html,C0E730-2025.csv,相對溼度,78,%,78,%,直接採用該測站 CODiS 2025 年月報表欄位「相對溼度」作為系統測站層級資料；目前未進行鄉鎮推估。,完整
water,C0E730,頭份,署屬自動站,苗栗縣,頭份市,26,120.912206,24.688247,中正路219號(苗栗縣頭份鎮頭份國小校園內),2025-03,rainfall,中央氣象署 CODiS / 現存測站清單,https://codis.cwa.gov.tw/ ; https://hdps.cwa.gov.tw/static/state.html,C0E730-2025.csv,降水量,256.5,mm,256.5,mm,直接採用該測站 CODiS 2025 年月報表欄位「降水量」作為系統測站層級資料；目前未進行鄉鎮推估。,完整
water,C0E730,頭份,署屬自動站,苗栗縣,頭份市,26,120.912206,24.688247,中正路219號(苗栗縣頭份鎮頭份國小校園內),2025-03,rainfall_days,中央氣象署 CODiS / 現存測站清單,https://codis.cwa.gov.tw/ ; https://hdps.cwa.gov.tw/static/state.html,C0E730-2025.csv,降水日數,11,day,11,day,直接採用該測站 CODiS 2025 年月報表欄位「降水日數」作為系統測站層級資料；目前未進行鄉鎮推估。,完整
water,C0E730,頭份,署屬自動站,苗栗縣,頭份市,26,120.912206,24.688247,中正路219號(苗栗縣頭份鎮頭份國小校園內),2025-03,max_daily_rainfall,中央氣象署 CODiS / 現存測站清單,https://codis.cwa.gov.tw/ ; https://hdps.cwa.gov.tw/static/state.html,C0E730-2025.csv,最大日降水量,56,mm,56,mm,直接採用該測站 CODiS 2025 年月報表欄位「最大日降水量」作為系統測站層級資料；目前未進行鄉鎮推估。,完整
water,C0E730,頭份,署屬自動站,苗栗縣,頭份市,26,120.912206,24.688247,中正路219號(苗栗縣頭份鎮頭份國小校園內),2025-03,average_temperature,中央氣象署 CODiS / 現存測站清單,https://codis.cwa.gov.tw/ ; https://hdps.cwa.gov.tw/static/state.html,C0E730-2025.csv,氣溫,18.9,℃,18.9,℃,直接採用該測站 CODiS 2025 年月報表欄位「氣溫」作為系統測站層級資料；目前未進行鄉鎮推估。,完整
water,C0E730,頭份,署屬自動站,苗栗縣,頭份市,26,120.912206,24.688247,中正路219號(苗栗縣頭份鎮頭份國小校園內),2025-03,relative_humidity,中央氣象署 CODiS / 現存測站清單,https://codis.cwa.gov.tw/ ; https://hdps.cwa.gov.tw/static/state.html,C0E730-2025.csv,相對溼度,75,%,75,%,直接採用該測站 CODiS 2025 年月報表欄位「相對溼度」作為系統測站層級資料；目前未進行鄉鎮推估。,完整
water,C0E730,頭份,署屬自動站,苗栗縣,頭份市,26,120.912206,24.688247,中正路219號(苗栗縣頭份鎮頭份國小校園內),2025-04,rainfall,中央氣象署 CODiS / 現存測站清單,https://codis.cwa.gov.tw/ ; https://hdps.cwa.gov.tw/static/state.html,C0E730-2025.csv,降水量,179.5,mm,179.5,mm,直接採用該測站 CODiS 2025 年月報表欄位「降水量」作為系統測站層級資料；目前未進行鄉鎮推估。,完整
water,C0E730,頭份,署屬自動站,苗栗縣,頭份市,26,120.912206,24.688247,中正路219號(苗栗縣頭份鎮頭份國小校園內),2025-04,rainfall_days,中央氣象署 CODiS / 現存測站清單,https://codis.cwa.gov.tw/ ; https://hdps.cwa.gov.tw/static/state.html,C0E730-2025.csv,降水日數,13,day,13,day,直接採用該測站 CODiS 2025 年月報表欄位「降水日數」作為系統測站層級資料；目前未進行鄉鎮推估。,完整
water,C0E730,頭份,署屬自動站,苗栗縣,頭份市,26,120.912206,24.688247,中正路219號(苗栗縣頭份鎮頭份國小校園內),2025-04,max_daily_rainfall,中央氣象署 CODiS / 現存測站清單,https://codis.cwa.gov.tw/ ; https://hdps.cwa.gov.tw/static/state.html,C0E730-2025.csv,最大日降水量,44.5,mm,44.5,mm,直接採用該測站 CODiS 2025 年月報表欄位「最大日降水量」作為系統測站層級資料；目前未進行鄉鎮推估。,完整
water,C0E730,頭份,署屬自動站,苗栗縣,頭份市,26,120.912206,24.688247,中正路219號(苗栗縣頭份鎮頭份國小校園內),2025-04,average_temperature,中央氣象署 CODiS / 現存測站清單,https://codis.cwa.gov.tw/ ; https://hdps.cwa.gov.tw/static/state.html,C0E730-2025.csv,氣溫,23.2,℃,23.2,℃,直接採用該測站 CODiS 2025 年月報表欄位「氣溫」作為系統測站層級資料；目前未進行鄉鎮推估。,完整
water,C0E730,頭份,署屬自動站,苗栗縣,頭份市,26,120.912206,24.688247,中正路219號(苗栗縣頭份鎮頭份國小校園內),2025-04,relative_humidity,中央氣象署 CODiS / 現存測站清單,https://codis.cwa.gov.tw/ ; https://hdps.cwa.gov.tw/static/state.html,C0E730-2025.csv,相對溼度,75,%,75,%,直接採用該測站 CODiS 2025 年月報表欄位「相對溼度」作為系統測站層級資料；目前未進行鄉鎮推估。,完整
water,C0E730,頭份,署屬自動站,苗栗縣,頭份市,26,120.912206,24.688247,中正路219號(苗栗縣頭份鎮頭份國小校園內),2025-05,rainfall,中央氣象署 CODiS / 現存測站清單,https://codis.cwa.gov.tw/ ; https://hdps.cwa.gov.tw/static/state.html,C0E730-2025.csv,降水量,308.5,mm,308.5,mm,直接採用該測站 CODiS 2025 年月報表欄位「降水量」作為系統測站層級資料；目前未進行鄉鎮推估。,完整
water,C0E730,頭份,署屬自動站,苗栗縣,頭份市,26,120.912206,24.688247,中正路219號(苗栗縣頭份鎮頭份國小校園內),2025-05,rainfall_days,中央氣象署 CODiS / 現存測站清單,https://codis.cwa.gov.tw/ ; https://hdps.cwa.gov.tw/static/state.html,C0E730-2025.csv,降水日數,9,day,9,day,直接採用該測站 CODiS 2025 年月報表欄位「降水日數」作為系統測站層級資料；目前未進行鄉鎮推估。,完整
water,C0E730,頭份,署屬自動站,苗栗縣,頭份市,26,120.912206,24.688247,中正路219號(苗栗縣頭份鎮頭份國小校園內),2025-05,max_daily_rainfall,中央氣象署 CODiS / 現存測站清單,https://codis.cwa.gov.tw/ ; https://hdps.cwa.gov.tw/static/state.html,C0E730-2025.csv,最大日降水量,80.5,mm,80.5,mm,直接採用該測站 CODiS 2025 年月報表欄位「最大日降水量」作為系統測站層級資料；目前未進行鄉鎮推估。,完整
water,C0E730,頭份,署屬自動站,苗栗縣,頭份市,26,120.912206,24.688247,中正路219號(苗栗縣頭份鎮頭份國小校園內),2025-05,average_temperature,中央氣象署 CODiS / 現存測站清單,https://codis.cwa.gov.tw/ ; https://hdps.cwa.gov.tw/static/state.html,C0E730-2025.csv,氣溫,26.8,℃,26.8,℃,直接採用該測站 CODiS 2025 年月報表欄位「氣溫」作為系統測站層級資料；目前未進行鄉鎮推估。,完整
water,C0E730,頭份,署屬自動站,苗栗縣,頭份市,26,120.912206,24.688247,中正路219號(苗栗縣頭份鎮頭份國小校園內),2025-05,relative_humidity,中央氣象署 CODiS / 現存測站清單,https://codis.cwa.gov.tw/ ; https://hdps.cwa.gov.tw/static/state.html,C0E730-2025.csv,相對溼度,77,%,77,%,直接採用該測站 CODiS 2025 年月報表欄位「相對溼度」作為系統測站層級資料；目前未進行鄉鎮推估。,完整
water,C0E730,頭份,署屬自動站,苗栗縣,頭份市,26,120.912206,24.688247,中正路219號(苗栗縣頭份鎮頭份國小校園內),2025-06,rainfall,中央氣象署 CODiS / 現存測站清單,https://codis.cwa.gov.tw/ ; https://hdps.cwa.gov.tw/static/state.html,C0E730-2025.csv,降水量,150.5,mm,150.5,mm,直接採用該測站 CODiS 2025 年月報表欄位「降水量」作為系統測站層級資料；目前未進行鄉鎮推估。,完整
water,C0E730,頭份,署屬自動站,苗栗縣,頭份市,26,120.912206,24.688247,中正路219號(苗栗縣頭份鎮頭份國小校園內),2025-06,rainfall_days,中央氣象署 CODiS / 現存測站清單,https://codis.cwa.gov.tw/ ; https://hdps.cwa.gov.tw/static/state.html,C0E730-2025.csv,降水日數,10,day,10,day,直接採用該測站 CODiS 2025 年月報表欄位「降水日數」作為系統測站層級資料；目前未進行鄉鎮推估。,完整
water,C0E730,頭份,署屬自動站,苗栗縣,頭份市,26,120.912206,24.688247,中正路219號(苗栗縣頭份鎮頭份國小校園內),2025-06,max_daily_rainfall,中央氣象署 CODiS / 現存測站清單,https://codis.cwa.gov.tw/ ; https://hdps.cwa.gov.tw/static/state.html,C0E730-2025.csv,最大日降水量,49,mm,49,mm,直接採用該測站 CODiS 2025 年月報表欄位「最大日降水量」作為系統測站層級資料；目前未進行鄉鎮推估。,完整
water,C0E730,頭份,署屬自動站,苗栗縣,頭份市,26,120.912206,24.688247,中正路219號(苗栗縣頭份鎮頭份國小校園內),2025-06,average_temperature,中央氣象署 CODiS / 現存測站清單,https://codis.cwa.gov.tw/ ; https://hdps.cwa.gov.tw/static/state.html,C0E730-2025.csv,氣溫,29.7,℃,29.7,℃,直接採用該測站 CODiS 2025 年月報表欄位「氣溫」作為系統測站層級資料；目前未進行鄉鎮推估。,完整
water,C0E730,頭份,署屬自動站,苗栗縣,頭份市,26,120.912206,24.688247,中正路219號(苗栗縣頭份鎮頭份國小校園內),2025-06,relative_humidity,中央氣象署 CODiS / 現存測站清單,https://codis.cwa.gov.tw/ ; https://hdps.cwa.gov.tw/static/state.html,C0E730-2025.csv,相對溼度,75,%,75,%,直接採用該測站 CODiS 2025 年月報表欄位「相對溼度」作為系統測站層級資料；目前未進行鄉鎮推估。,完整
water,C0E730,頭份,署屬自動站,苗栗縣,頭份市,26,120.912206,24.688247,中正路219號(苗栗縣頭份鎮頭份國小校園內),2025-07,rainfall,中央氣象署 CODiS / 現存測站清單,https://codis.cwa.gov.tw/ ; https://hdps.cwa.gov.tw/static/state.html,C0E730-2025.csv,降水量,535,mm,535,mm,直接採用該測站 CODiS 2025 年月報表欄位「降水量」作為系統測站層級資料；目前未進行鄉鎮推估。,完整
water,C0E730,頭份,署屬自動站,苗栗縣,頭份市,26,120.912206,24.688247,中正路219號(苗栗縣頭份鎮頭份國小校園內),2025-07,rainfall_days,中央氣象署 CODiS / 現存測站清單,https://codis.cwa.gov.tw/ ; https://hdps.cwa.gov.tw/static/state.html,C0E730-2025.csv,降水日數,18,day,18,day,直接採用該測站 CODiS 2025 年月報表欄位「降水日數」作為系統測站層級資料；目前未進行鄉鎮推估。,完整
water,C0E730,頭份,署屬自動站,苗栗縣,頭份市,26,120.912206,24.688247,中正路219號(苗栗縣頭份鎮頭份國小校園內),2025-07,max_daily_rainfall,中央氣象署 CODiS / 現存測站清單,https://codis.cwa.gov.tw/ ; https://hdps.cwa.gov.tw/static/state.html,C0E730-2025.csv,最大日降水量,183.5,mm,183.5,mm,直接採用該測站 CODiS 2025 年月報表欄位「最大日降水量」作為系統測站層級資料；目前未進行鄉鎮推估。,完整
water,C0E730,頭份,署屬自動站,苗栗縣,頭份市,26,120.912206,24.688247,中正路219號(苗栗縣頭份鎮頭份國小校園內),2025-07,average_temperature,中央氣象署 CODiS / 現存測站清單,https://codis.cwa.gov.tw/ ; https://hdps.cwa.gov.tw/static/state.html,C0E730-2025.csv,氣溫,29.1,℃,29.1,℃,直接採用該測站 CODiS 2025 年月報表欄位「氣溫」作為系統測站層級資料；目前未進行鄉鎮推估。,完整
water,C0E730,頭份,署屬自動站,苗栗縣,頭份市,26,120.912206,24.688247,中正路219號(苗栗縣頭份鎮頭份國小校園內),2025-07,relative_humidity,中央氣象署 CODiS / 現存測站清單,https://codis.cwa.gov.tw/ ; https://hdps.cwa.gov.tw/static/state.html,C0E730-2025.csv,相對溼度,78,%,78,%,直接採用該測站 CODiS 2025 年月報表欄位「相對溼度」作為系統測站層級資料；目前未進行鄉鎮推估。,完整
water,C0E730,頭份,署屬自動站,苗栗縣,頭份市,26,120.912206,24.688247,中正路219號(苗栗縣頭份鎮頭份國小校園內),2025-08,rainfall,中央氣象署 CODiS / 現存測站清單,https://codis.cwa.gov.tw/ ; https://hdps.cwa.gov.tw/static/state.html,C0E730-2025.csv,降水量,24,mm,24,mm,直接採用該測站 CODiS 2025 年月報表欄位「降水量」作為系統測站層級資料；目前未進行鄉鎮推估。,完整
water,C0E730,頭份,署屬自動站,苗栗縣,頭份市,26,120.912206,24.688247,中正路219號(苗栗縣頭份鎮頭份國小校園內),2025-08,rainfall_days,中央氣象署 CODiS / 現存測站清單,https://codis.cwa.gov.tw/ ; https://hdps.cwa.gov.tw/static/state.html,C0E730-2025.csv,降水日數,4,day,4,day,直接採用該測站 CODiS 2025 年月報表欄位「降水日數」作為系統測站層級資料；目前未進行鄉鎮推估。,完整
water,C0E730,頭份,署屬自動站,苗栗縣,頭份市,26,120.912206,24.688247,中正路219號(苗栗縣頭份鎮頭份國小校園內),2025-08,max_daily_rainfall,中央氣象署 CODiS / 現存測站清單,https://codis.cwa.gov.tw/ ; https://hdps.cwa.gov.tw/static/state.html,C0E730-2025.csv,最大日降水量,17,mm,17,mm,直接採用該測站 CODiS 2025 年月報表欄位「最大日降水量」作為系統測站層級資料；目前未進行鄉鎮推估。,完整
water,C0E730,頭份,署屬自動站,苗栗縣,頭份市,26,120.912206,24.688247,中正路219號(苗栗縣頭份鎮頭份國小校園內),2025-08,average_temperature,中央氣象署 CODiS / 現存測站清單,https://codis.cwa.gov.tw/ ; https://hdps.cwa.gov.tw/static/state.html,C0E730-2025.csv,氣溫,30.1,℃,30.1,℃,直接採用該測站 CODiS 2025 年月報表欄位「氣溫」作為系統測站層級資料；目前未進行鄉鎮推估。,完整
water,C0E730,頭份,署屬自動站,苗栗縣,頭份市,26,120.912206,24.688247,中正路219號(苗栗縣頭份鎮頭份國小校園內),2025-08,relative_humidity,中央氣象署 CODiS / 現存測站清單,https://codis.cwa.gov.tw/ ; https://hdps.cwa.gov.tw/static/state.html,C0E730-2025.csv,相對溼度,72,%,72,%,直接採用該測站 CODiS 2025 年月報表欄位「相對溼度」作為系統測站層級資料；目前未進行鄉鎮推估。,完整
water,C0E730,頭份,署屬自動站,苗栗縣,頭份市,26,120.912206,24.688247,中正路219號(苗栗縣頭份鎮頭份國小校園內),2025-09,rainfall,中央氣象署 CODiS / 現存測站清單,https://codis.cwa.gov.tw/ ; https://hdps.cwa.gov.tw/static/state.html,C0E730-2025.csv,降水量,64.5,mm,64.5,mm,直接採用該測站 CODiS 2025 年月報表欄位「降水量」作為系統測站層級資料；目前未進行鄉鎮推估。,完整
water,C0E730,頭份,署屬自動站,苗栗縣,頭份市,26,120.912206,24.688247,中正路219號(苗栗縣頭份鎮頭份國小校園內),2025-09,rainfall_days,中央氣象署 CODiS / 現存測站清單,https://codis.cwa.gov.tw/ ; https://hdps.cwa.gov.tw/static/state.html,C0E730-2025.csv,降水日數,10,day,10,day,直接採用該測站 CODiS 2025 年月報表欄位「降水日數」作為系統測站層級資料；目前未進行鄉鎮推估。,完整
water,C0E730,頭份,署屬自動站,苗栗縣,頭份市,26,120.912206,24.688247,中正路219號(苗栗縣頭份鎮頭份國小校園內),2025-09,max_daily_rainfall,中央氣象署 CODiS / 現存測站清單,https://codis.cwa.gov.tw/ ; https://hdps.cwa.gov.tw/static/state.html,C0E730-2025.csv,最大日降水量,29,mm,29,mm,直接採用該測站 CODiS 2025 年月報表欄位「最大日降水量」作為系統測站層級資料；目前未進行鄉鎮推估。,完整
water,C0E730,頭份,署屬自動站,苗栗縣,頭份市,26,120.912206,24.688247,中正路219號(苗栗縣頭份鎮頭份國小校園內),2025-09,average_temperature,中央氣象署 CODiS / 現存測站清單,https://codis.cwa.gov.tw/ ; https://hdps.cwa.gov.tw/static/state.html,C0E730-2025.csv,氣溫,29.7,℃,29.7,℃,直接採用該測站 CODiS 2025 年月報表欄位「氣溫」作為系統測站層級資料；目前未進行鄉鎮推估。,完整
water,C0E730,頭份,署屬自動站,苗栗縣,頭份市,26,120.912206,24.688247,中正路219號(苗栗縣頭份鎮頭份國小校園內),2025-09,relative_humidity,中央氣象署 CODiS / 現存測站清單,https://codis.cwa.gov.tw/ ; https://hdps.cwa.gov.tw/static/state.html,C0E730-2025.csv,相對溼度,77,%,77,%,直接採用該測站 CODiS 2025 年月報表欄位「相對溼度」作為系統測站層級資料；目前未進行鄉鎮推估。,完整
water,C0E730,頭份,署屬自動站,苗栗縣,頭份市,26,120.912206,24.688247,中正路219號(苗栗縣頭份鎮頭份國小校園內),2025-10,rainfall,中央氣象署 CODiS / 現存測站清單,https://codis.cwa.gov.tw/ ; https://hdps.cwa.gov.tw/static/state.html,C0E730-2025.csv,降水量,100,mm,100,mm,直接採用該測站 CODiS 2025 年月報表欄位「降水量」作為系統測站層級資料；目前未進行鄉鎮推估。,完整
water,C0E730,頭份,署屬自動站,苗栗縣,頭份市,26,120.912206,24.688247,中正路219號(苗栗縣頭份鎮頭份國小校園內),2025-10,rainfall_days,中央氣象署 CODiS / 現存測站清單,https://codis.cwa.gov.tw/ ; https://hdps.cwa.gov.tw/static/state.html,C0E730-2025.csv,降水日數,6,day,6,day,直接採用該測站 CODiS 2025 年月報表欄位「降水日數」作為系統測站層級資料；目前未進行鄉鎮推估。,完整
water,C0E730,頭份,署屬自動站,苗栗縣,頭份市,26,120.912206,24.688247,中正路219號(苗栗縣頭份鎮頭份國小校園內),2025-10,max_daily_rainfall,中央氣象署 CODiS / 現存測站清單,https://codis.cwa.gov.tw/ ; https://hdps.cwa.gov.tw/static/state.html,C0E730-2025.csv,最大日降水量,48.5,mm,48.5,mm,直接採用該測站 CODiS 2025 年月報表欄位「最大日降水量」作為系統測站層級資料；目前未進行鄉鎮推估。,完整
water,C0E730,頭份,署屬自動站,苗栗縣,頭份市,26,120.912206,24.688247,中正路219號(苗栗縣頭份鎮頭份國小校園內),2025-10,average_temperature,中央氣象署 CODiS / 現存測站清單,https://codis.cwa.gov.tw/ ; https://hdps.cwa.gov.tw/static/state.html,C0E730-2025.csv,氣溫,27.7,℃,27.7,℃,直接採用該測站 CODiS 2025 年月報表欄位「氣溫」作為系統測站層級資料；目前未進行鄉鎮推估。,完整
water,C0E730,頭份,署屬自動站,苗栗縣,頭份市,26,120.912206,24.688247,中正路219號(苗栗縣頭份鎮頭份國小校園內),2025-10,relative_humidity,中央氣象署 CODiS / 現存測站清單,https://codis.cwa.gov.tw/ ; https://hdps.cwa.gov.tw/static/state.html,C0E730-2025.csv,相對溼度,75,%,75,%,直接採用該測站 CODiS 2025 年月報表欄位「相對溼度」作為系統測站層級資料；目前未進行鄉鎮推估。,完整
water,C0E730,頭份,署屬自動站,苗栗縣,頭份市,26,120.912206,24.688247,中正路219號(苗栗縣頭份鎮頭份國小校園內),2025-11,rainfall,中央氣象署 CODiS / 現存測站清單,https://codis.cwa.gov.tw/ ; https://hdps.cwa.gov.tw/static/state.html,C0E730-2025.csv,降水量,16,mm,16,mm,直接採用該測站 CODiS 2025 年月報表欄位「降水量」作為系統測站層級資料；目前未進行鄉鎮推估。,完整
water,C0E730,頭份,署屬自動站,苗栗縣,頭份市,26,120.912206,24.688247,中正路219號(苗栗縣頭份鎮頭份國小校園內),2025-11,rainfall_days,中央氣象署 CODiS / 現存測站清單,https://codis.cwa.gov.tw/ ; https://hdps.cwa.gov.tw/static/state.html,C0E730-2025.csv,降水日數,4,day,4,day,直接採用該測站 CODiS 2025 年月報表欄位「降水日數」作為系統測站層級資料；目前未進行鄉鎮推估。,完整
water,C0E730,頭份,署屬自動站,苗栗縣,頭份市,26,120.912206,24.688247,中正路219號(苗栗縣頭份鎮頭份國小校園內),2025-11,max_daily_rainfall,中央氣象署 CODiS / 現存測站清單,https://codis.cwa.gov.tw/ ; https://hdps.cwa.gov.tw/static/state.html,C0E730-2025.csv,最大日降水量,7,mm,7,mm,直接採用該測站 CODiS 2025 年月報表欄位「最大日降水量」作為系統測站層級資料；目前未進行鄉鎮推估。,完整
water,C0E730,頭份,署屬自動站,苗栗縣,頭份市,26,120.912206,24.688247,中正路219號(苗栗縣頭份鎮頭份國小校園內),2025-11,average_temperature,中央氣象署 CODiS / 現存測站清單,https://codis.cwa.gov.tw/ ; https://hdps.cwa.gov.tw/static/state.html,C0E730-2025.csv,氣溫,23.1,℃,23.1,℃,直接採用該測站 CODiS 2025 年月報表欄位「氣溫」作為系統測站層級資料；目前未進行鄉鎮推估。,完整
water,C0E730,頭份,署屬自動站,苗栗縣,頭份市,26,120.912206,24.688247,中正路219號(苗栗縣頭份鎮頭份國小校園內),2025-11,relative_humidity,中央氣象署 CODiS / 現存測站清單,https://codis.cwa.gov.tw/ ; https://hdps.cwa.gov.tw/static/state.html,C0E730-2025.csv,相對溼度,72,%,72,%,直接採用該測站 CODiS 2025 年月報表欄位「相對溼度」作為系統測站層級資料；目前未進行鄉鎮推估。,完整
water,C0E730,頭份,署屬自動站,苗栗縣,頭份市,26,120.912206,24.688247,中正路219號(苗栗縣頭份鎮頭份國小校園內),2025-12,rainfall,中央氣象署 CODiS / 現存測站清單,https://codis.cwa.gov.tw/ ; https://hdps.cwa.gov.tw/static/state.html,C0E730-2025.csv,降水量,7,mm,7,mm,直接採用該測站 CODiS 2025 年月報表欄位「降水量」作為系統測站層級資料；目前未進行鄉鎮推估。,完整
water,C0E730,頭份,署屬自動站,苗栗縣,頭份市,26,120.912206,24.688247,中正路219號(苗栗縣頭份鎮頭份國小校園內),2025-12,rainfall_days,中央氣象署 CODiS / 現存測站清單,https://codis.cwa.gov.tw/ ; https://hdps.cwa.gov.tw/static/state.html,C0E730-2025.csv,降水日數,2,day,2,day,直接採用該測站 CODiS 2025 年月報表欄位「降水日數」作為系統測站層級資料；目前未進行鄉鎮推估。,完整
water,C0E730,頭份,署屬自動站,苗栗縣,頭份市,26,120.912206,24.688247,中正路219號(苗栗縣頭份鎮頭份國小校園內),2025-12,max_daily_rainfall,中央氣象署 CODiS / 現存測站清單,https://codis.cwa.gov.tw/ ; https://hdps.cwa.gov.tw/static/state.html,C0E730-2025.csv,最大日降水量,6,mm,6,mm,直接採用該測站 CODiS 2025 年月報表欄位「最大日降水量」作為系統測站層級資料；目前未進行鄉鎮推估。,完整
water,C0E730,頭份,署屬自動站,苗栗縣,頭份市,26,120.912206,24.688247,中正路219號(苗栗縣頭份鎮頭份國小校園內),2025-12,average_temperature,中央氣象署 CODiS / 現存測站清單,https://codis.cwa.gov.tw/ ; https://hdps.cwa.gov.tw/static/state.html,C0E730-2025.csv,氣溫,19.3,℃,19.3,℃,直接採用該測站 CODiS 2025 年月報表欄位「氣溫」作為系統測站層級資料；目前未進行鄉鎮推估。,完整
water,C0E730,頭份,署屬自動站,苗栗縣,頭份市,26,120.912206,24.688247,中正路219號(苗栗縣頭份鎮頭份國小校園內),2025-12,relative_humidity,中央氣象署 CODiS / 現存測站清單,https://codis.cwa.gov.tw/ ; https://hdps.cwa.gov.tw/static/state.html,C0E730-2025.csv,相對溼度,76,%,76,%,直接採用該測站 CODiS 2025 年月報表欄位「相對溼度」作為系統測站層級資料；目前未進行鄉鎮推估。,完整
water,C0E740,造橋,署屬自動站,苗栗縣,造橋鄉,27,120.864778,24.637056,造橋村14鄰3號(造橋國小),2025-01,rainfall,中央氣象署 CODiS / 現存測站清單,https://codis.cwa.gov.tw/ ; https://hdps.cwa.gov.tw/static/state.html,C0E740-2025.csv,降水量,29,mm,29,mm,直接採用該測站 CODiS 2025 年月報表欄位「降水量」作為系統測站層級資料；目前未進行鄉鎮推估。,完整
water,C0E740,造橋,署屬自動站,苗栗縣,造橋鄉,27,120.864778,24.637056,造橋村14鄰3號(造橋國小),2025-01,rainfall_days,中央氣象署 CODiS / 現存測站清單,https://codis.cwa.gov.tw/ ; https://hdps.cwa.gov.tw/static/state.html,C0E740-2025.csv,降水日數,9,day,9,day,直接採用該測站 CODiS 2025 年月報表欄位「降水日數」作為系統測站層級資料；目前未進行鄉鎮推估。,完整
water,C0E740,造橋,署屬自動站,苗栗縣,造橋鄉,27,120.864778,24.637056,造橋村14鄰3號(造橋國小),2025-01,max_daily_rainfall,中央氣象署 CODiS / 現存測站清單,https://codis.cwa.gov.tw/ ; https://hdps.cwa.gov.tw/static/state.html,C0E740-2025.csv,最大日降水量,8.5,mm,8.5,mm,直接採用該測站 CODiS 2025 年月報表欄位「最大日降水量」作為系統測站層級資料；目前未進行鄉鎮推估。,完整
water,C0E740,造橋,署屬自動站,苗栗縣,造橋鄉,27,120.864778,24.637056,造橋村14鄰3號(造橋國小),2025-01,average_temperature,中央氣象署 CODiS / 現存測站清單,https://codis.cwa.gov.tw/ ; https://hdps.cwa.gov.tw/static/state.html,C0E740-2025.csv,氣溫,14.9,℃,14.9,℃,直接採用該測站 CODiS 2025 年月報表欄位「氣溫」作為系統測站層級資料；目前未進行鄉鎮推估。,完整
water,C0E740,造橋,署屬自動站,苗栗縣,造橋鄉,27,120.864778,24.637056,造橋村14鄰3號(造橋國小),2025-01,relative_humidity,中央氣象署 CODiS / 現存測站清單,https://codis.cwa.gov.tw/ ; https://hdps.cwa.gov.tw/static/state.html,C0E740-2025.csv,相對溼度,74,%,74,%,直接採用該測站 CODiS 2025 年月報表欄位「相對溼度」作為系統測站層級資料；目前未進行鄉鎮推估。,完整
water,C0E740,造橋,署屬自動站,苗栗縣,造橋鄉,27,120.864778,24.637056,造橋村14鄰3號(造橋國小),2025-02,rainfall,中央氣象署 CODiS / 現存測站清單,https://codis.cwa.gov.tw/ ; https://hdps.cwa.gov.tw/static/state.html,C0E740-2025.csv,降水量,71,mm,71,mm,直接採用該測站 CODiS 2025 年月報表欄位「降水量」作為系統測站層級資料；目前未進行鄉鎮推估。,完整
water,C0E740,造橋,署屬自動站,苗栗縣,造橋鄉,27,120.864778,24.637056,造橋村14鄰3號(造橋國小),2025-02,rainfall_days,中央氣象署 CODiS / 現存測站清單,https://codis.cwa.gov.tw/ ; https://hdps.cwa.gov.tw/static/state.html,C0E740-2025.csv,降水日數,7,day,7,day,直接採用該測站 CODiS 2025 年月報表欄位「降水日數」作為系統測站層級資料；目前未進行鄉鎮推估。,完整
water,C0E740,造橋,署屬自動站,苗栗縣,造橋鄉,27,120.864778,24.637056,造橋村14鄰3號(造橋國小),2025-02,max_daily_rainfall,中央氣象署 CODiS / 現存測站清單,https://codis.cwa.gov.tw/ ; https://hdps.cwa.gov.tw/static/state.html,C0E740-2025.csv,最大日降水量,35.5,mm,35.5,mm,直接採用該測站 CODiS 2025 年月報表欄位「最大日降水量」作為系統測站層級資料；目前未進行鄉鎮推估。,完整
water,C0E740,造橋,署屬自動站,苗栗縣,造橋鄉,27,120.864778,24.637056,造橋村14鄰3號(造橋國小),2025-02,average_temperature,中央氣象署 CODiS / 現存測站清單,https://codis.cwa.gov.tw/ ; https://hdps.cwa.gov.tw/static/state.html,C0E740-2025.csv,氣溫,15.4,℃,15.4,℃,直接採用該測站 CODiS 2025 年月報表欄位「氣溫」作為系統測站層級資料；目前未進行鄉鎮推估。,完整
water,C0E740,造橋,署屬自動站,苗栗縣,造橋鄉,27,120.864778,24.637056,造橋村14鄰3號(造橋國小),2025-02,relative_humidity,中央氣象署 CODiS / 現存測站清單,https://codis.cwa.gov.tw/ ; https://hdps.cwa.gov.tw/static/state.html,C0E740-2025.csv,相對溼度,81,%,81,%,直接採用該測站 CODiS 2025 年月報表欄位「相對溼度」作為系統測站層級資料；目前未進行鄉鎮推估。,完整
water,C0E740,造橋,署屬自動站,苗栗縣,造橋鄉,27,120.864778,24.637056,造橋村14鄰3號(造橋國小),2025-03,rainfall,中央氣象署 CODiS / 現存測站清單,https://codis.cwa.gov.tw/ ; https://hdps.cwa.gov.tw/static/state.html,C0E740-2025.csv,降水量,246.5,mm,246.5,mm,直接採用該測站 CODiS 2025 年月報表欄位「降水量」作為系統測站層級資料；目前未進行鄉鎮推估。,完整
water,C0E740,造橋,署屬自動站,苗栗縣,造橋鄉,27,120.864778,24.637056,造橋村14鄰3號(造橋國小),2025-03,rainfall_days,中央氣象署 CODiS / 現存測站清單,https://codis.cwa.gov.tw/ ; https://hdps.cwa.gov.tw/static/state.html,C0E740-2025.csv,降水日數,10,day,10,day,直接採用該測站 CODiS 2025 年月報表欄位「降水日數」作為系統測站層級資料；目前未進行鄉鎮推估。,完整
water,C0E740,造橋,署屬自動站,苗栗縣,造橋鄉,27,120.864778,24.637056,造橋村14鄰3號(造橋國小),2025-03,max_daily_rainfall,中央氣象署 CODiS / 現存測站清單,https://codis.cwa.gov.tw/ ; https://hdps.cwa.gov.tw/static/state.html,C0E740-2025.csv,最大日降水量,59,mm,59,mm,直接採用該測站 CODiS 2025 年月報表欄位「最大日降水量」作為系統測站層級資料；目前未進行鄉鎮推估。,完整
water,C0E740,造橋,署屬自動站,苗栗縣,造橋鄉,27,120.864778,24.637056,造橋村14鄰3號(造橋國小),2025-03,average_temperature,中央氣象署 CODiS / 現存測站清單,https://codis.cwa.gov.tw/ ; https://hdps.cwa.gov.tw/static/state.html,C0E740-2025.csv,氣溫,17.7,℃,17.7,℃,直接採用該測站 CODiS 2025 年月報表欄位「氣溫」作為系統測站層級資料；目前未進行鄉鎮推估。,完整
water,C0E740,造橋,署屬自動站,苗栗縣,造橋鄉,27,120.864778,24.637056,造橋村14鄰3號(造橋國小),2025-03,relative_humidity,中央氣象署 CODiS / 現存測站清單,https://codis.cwa.gov.tw/ ; https://hdps.cwa.gov.tw/static/state.html,C0E740-2025.csv,相對溼度,80,%,80,%,直接採用該測站 CODiS 2025 年月報表欄位「相對溼度」作為系統測站層級資料；目前未進行鄉鎮推估。,完整
water,C0E740,造橋,署屬自動站,苗栗縣,造橋鄉,27,120.864778,24.637056,造橋村14鄰3號(造橋國小),2025-04,rainfall,中央氣象署 CODiS / 現存測站清單,https://codis.cwa.gov.tw/ ; https://hdps.cwa.gov.tw/static/state.html,C0E740-2025.csv,降水量,175.5,mm,175.5,mm,直接採用該測站 CODiS 2025 年月報表欄位「降水量」作為系統測站層級資料；目前未進行鄉鎮推估。,完整
water,C0E740,造橋,署屬自動站,苗栗縣,造橋鄉,27,120.864778,24.637056,造橋村14鄰3號(造橋國小),2025-04,rainfall_days,中央氣象署 CODiS / 現存測站清單,https://codis.cwa.gov.tw/ ; https://hdps.cwa.gov.tw/static/state.html,C0E740-2025.csv,降水日數,14,day,14,day,直接採用該測站 CODiS 2025 年月報表欄位「降水日數」作為系統測站層級資料；目前未進行鄉鎮推估。,完整
water,C0E740,造橋,署屬自動站,苗栗縣,造橋鄉,27,120.864778,24.637056,造橋村14鄰3號(造橋國小),2025-04,max_daily_rainfall,中央氣象署 CODiS / 現存測站清單,https://codis.cwa.gov.tw/ ; https://hdps.cwa.gov.tw/static/state.html,C0E740-2025.csv,最大日降水量,55.5,mm,55.5,mm,直接採用該測站 CODiS 2025 年月報表欄位「最大日降水量」作為系統測站層級資料；目前未進行鄉鎮推估。,完整
water,C0E740,造橋,署屬自動站,苗栗縣,造橋鄉,27,120.864778,24.637056,造橋村14鄰3號(造橋國小),2025-04,average_temperature,中央氣象署 CODiS / 現存測站清單,https://codis.cwa.gov.tw/ ; https://hdps.cwa.gov.tw/static/state.html,C0E740-2025.csv,氣溫,21.9,℃,21.9,℃,直接採用該測站 CODiS 2025 年月報表欄位「氣溫」作為系統測站層級資料；目前未進行鄉鎮推估。,完整
water,C0E740,造橋,署屬自動站,苗栗縣,造橋鄉,27,120.864778,24.637056,造橋村14鄰3號(造橋國小),2025-04,relative_humidity,中央氣象署 CODiS / 現存測站清單,https://codis.cwa.gov.tw/ ; https://hdps.cwa.gov.tw/static/state.html,C0E740-2025.csv,相對溼度,80,%,80,%,直接採用該測站 CODiS 2025 年月報表欄位「相對溼度」作為系統測站層級資料；目前未進行鄉鎮推估。,完整
water,C0E740,造橋,署屬自動站,苗栗縣,造橋鄉,27,120.864778,24.637056,造橋村14鄰3號(造橋國小),2025-05,rainfall,中央氣象署 CODiS / 現存測站清單,https://codis.cwa.gov.tw/ ; https://hdps.cwa.gov.tw/static/state.html,C0E740-2025.csv,降水量,286.5,mm,286.5,mm,直接採用該測站 CODiS 2025 年月報表欄位「降水量」作為系統測站層級資料；目前未進行鄉鎮推估。,完整
water,C0E740,造橋,署屬自動站,苗栗縣,造橋鄉,27,120.864778,24.637056,造橋村14鄰3號(造橋國小),2025-05,rainfall_days,中央氣象署 CODiS / 現存測站清單,https://codis.cwa.gov.tw/ ; https://hdps.cwa.gov.tw/static/state.html,C0E740-2025.csv,降水日數,10,day,10,day,直接採用該測站 CODiS 2025 年月報表欄位「降水日數」作為系統測站層級資料；目前未進行鄉鎮推估。,完整
water,C0E740,造橋,署屬自動站,苗栗縣,造橋鄉,27,120.864778,24.637056,造橋村14鄰3號(造橋國小),2025-05,max_daily_rainfall,中央氣象署 CODiS / 現存測站清單,https://codis.cwa.gov.tw/ ; https://hdps.cwa.gov.tw/static/state.html,C0E740-2025.csv,最大日降水量,72.5,mm,72.5,mm,直接採用該測站 CODiS 2025 年月報表欄位「最大日降水量」作為系統測站層級資料；目前未進行鄉鎮推估。,完整
water,C0E740,造橋,署屬自動站,苗栗縣,造橋鄉,27,120.864778,24.637056,造橋村14鄰3號(造橋國小),2025-05,average_temperature,中央氣象署 CODiS / 現存測站清單,https://codis.cwa.gov.tw/ ; https://hdps.cwa.gov.tw/static/state.html,C0E740-2025.csv,氣溫,25.4,℃,25.4,℃,直接採用該測站 CODiS 2025 年月報表欄位「氣溫」作為系統測站層級資料；目前未進行鄉鎮推估。,完整
water,C0E740,造橋,署屬自動站,苗栗縣,造橋鄉,27,120.864778,24.637056,造橋村14鄰3號(造橋國小),2025-05,relative_humidity,中央氣象署 CODiS / 現存測站清單,https://codis.cwa.gov.tw/ ; https://hdps.cwa.gov.tw/static/state.html,C0E740-2025.csv,相對溼度,82,%,82,%,直接採用該測站 CODiS 2025 年月報表欄位「相對溼度」作為系統測站層級資料；目前未進行鄉鎮推估。,完整
water,C0E740,造橋,署屬自動站,苗栗縣,造橋鄉,27,120.864778,24.637056,造橋村14鄰3號(造橋國小),2025-06,rainfall,中央氣象署 CODiS / 現存測站清單,https://codis.cwa.gov.tw/ ; https://hdps.cwa.gov.tw/static/state.html,C0E740-2025.csv,降水量,95.5,mm,95.5,mm,直接採用該測站 CODiS 2025 年月報表欄位「降水量」作為系統測站層級資料；目前未進行鄉鎮推估。,完整
water,C0E740,造橋,署屬自動站,苗栗縣,造橋鄉,27,120.864778,24.637056,造橋村14鄰3號(造橋國小),2025-06,rainfall_days,中央氣象署 CODiS / 現存測站清單,https://codis.cwa.gov.tw/ ; https://hdps.cwa.gov.tw/static/state.html,C0E740-2025.csv,降水日數,9,day,9,day,直接採用該測站 CODiS 2025 年月報表欄位「降水日數」作為系統測站層級資料；目前未進行鄉鎮推估。,完整
water,C0E740,造橋,署屬自動站,苗栗縣,造橋鄉,27,120.864778,24.637056,造橋村14鄰3號(造橋國小),2025-06,max_daily_rainfall,中央氣象署 CODiS / 現存測站清單,https://codis.cwa.gov.tw/ ; https://hdps.cwa.gov.tw/static/state.html,C0E740-2025.csv,最大日降水量,26.5,mm,26.5,mm,直接採用該測站 CODiS 2025 年月報表欄位「最大日降水量」作為系統測站層級資料；目前未進行鄉鎮推估。,完整
water,C0E740,造橋,署屬自動站,苗栗縣,造橋鄉,27,120.864778,24.637056,造橋村14鄰3號(造橋國小),2025-06,average_temperature,中央氣象署 CODiS / 現存測站清單,https://codis.cwa.gov.tw/ ; https://hdps.cwa.gov.tw/static/state.html,C0E740-2025.csv,氣溫,28.6,℃,28.6,℃,直接採用該測站 CODiS 2025 年月報表欄位「氣溫」作為系統測站層級資料；目前未進行鄉鎮推估。,完整
water,C0E740,造橋,署屬自動站,苗栗縣,造橋鄉,27,120.864778,24.637056,造橋村14鄰3號(造橋國小),2025-06,relative_humidity,中央氣象署 CODiS / 現存測站清單,https://codis.cwa.gov.tw/ ; https://hdps.cwa.gov.tw/static/state.html,C0E740-2025.csv,相對溼度,79,%,79,%,直接採用該測站 CODiS 2025 年月報表欄位「相對溼度」作為系統測站層級資料；目前未進行鄉鎮推估。,完整
water,C0E740,造橋,署屬自動站,苗栗縣,造橋鄉,27,120.864778,24.637056,造橋村14鄰3號(造橋國小),2025-07,rainfall,中央氣象署 CODiS / 現存測站清單,https://codis.cwa.gov.tw/ ; https://hdps.cwa.gov.tw/static/state.html,C0E740-2025.csv,降水量,526.5,mm,526.5,mm,直接採用該測站 CODiS 2025 年月報表欄位「降水量」作為系統測站層級資料；目前未進行鄉鎮推估。,完整
water,C0E740,造橋,署屬自動站,苗栗縣,造橋鄉,27,120.864778,24.637056,造橋村14鄰3號(造橋國小),2025-07,rainfall_days,中央氣象署 CODiS / 現存測站清單,https://codis.cwa.gov.tw/ ; https://hdps.cwa.gov.tw/static/state.html,C0E740-2025.csv,降水日數,19,day,19,day,直接採用該測站 CODiS 2025 年月報表欄位「降水日數」作為系統測站層級資料；目前未進行鄉鎮推估。,完整
water,C0E740,造橋,署屬自動站,苗栗縣,造橋鄉,27,120.864778,24.637056,造橋村14鄰3號(造橋國小),2025-07,max_daily_rainfall,中央氣象署 CODiS / 現存測站清單,https://codis.cwa.gov.tw/ ; https://hdps.cwa.gov.tw/static/state.html,C0E740-2025.csv,最大日降水量,196.5,mm,196.5,mm,直接採用該測站 CODiS 2025 年月報表欄位「最大日降水量」作為系統測站層級資料；目前未進行鄉鎮推估。,完整
water,C0E740,造橋,署屬自動站,苗栗縣,造橋鄉,27,120.864778,24.637056,造橋村14鄰3號(造橋國小),2025-07,average_temperature,中央氣象署 CODiS / 現存測站清單,https://codis.cwa.gov.tw/ ; https://hdps.cwa.gov.tw/static/state.html,C0E740-2025.csv,氣溫,28.4,℃,28.4,℃,直接採用該測站 CODiS 2025 年月報表欄位「氣溫」作為系統測站層級資料；目前未進行鄉鎮推估。,完整
water,C0E740,造橋,署屬自動站,苗栗縣,造橋鄉,27,120.864778,24.637056,造橋村14鄰3號(造橋國小),2025-07,relative_humidity,中央氣象署 CODiS / 現存測站清單,https://codis.cwa.gov.tw/ ; https://hdps.cwa.gov.tw/static/state.html,C0E740-2025.csv,相對溼度,83,%,83,%,直接採用該測站 CODiS 2025 年月報表欄位「相對溼度」作為系統測站層級資料；目前未進行鄉鎮推估。,完整
water,C0E740,造橋,署屬自動站,苗栗縣,造橋鄉,27,120.864778,24.637056,造橋村14鄰3號(造橋國小),2025-08,rainfall,中央氣象署 CODiS / 現存測站清單,https://codis.cwa.gov.tw/ ; https://hdps.cwa.gov.tw/static/state.html,C0E740-2025.csv,降水量,37.5,mm,37.5,mm,直接採用該測站 CODiS 2025 年月報表欄位「降水量」作為系統測站層級資料；目前未進行鄉鎮推估。,完整
water,C0E740,造橋,署屬自動站,苗栗縣,造橋鄉,27,120.864778,24.637056,造橋村14鄰3號(造橋國小),2025-08,rainfall_days,中央氣象署 CODiS / 現存測站清單,https://codis.cwa.gov.tw/ ; https://hdps.cwa.gov.tw/static/state.html,C0E740-2025.csv,降水日數,4,day,4,day,直接採用該測站 CODiS 2025 年月報表欄位「降水日數」作為系統測站層級資料；目前未進行鄉鎮推估。,完整
water,C0E740,造橋,署屬自動站,苗栗縣,造橋鄉,27,120.864778,24.637056,造橋村14鄰3號(造橋國小),2025-08,max_daily_rainfall,中央氣象署 CODiS / 現存測站清單,https://codis.cwa.gov.tw/ ; https://hdps.cwa.gov.tw/static/state.html,C0E740-2025.csv,最大日降水量,17,mm,17,mm,直接採用該測站 CODiS 2025 年月報表欄位「最大日降水量」作為系統測站層級資料；目前未進行鄉鎮推估。,完整
water,C0E740,造橋,署屬自動站,苗栗縣,造橋鄉,27,120.864778,24.637056,造橋村14鄰3號(造橋國小),2025-08,average_temperature,中央氣象署 CODiS / 現存測站清單,https://codis.cwa.gov.tw/ ; https://hdps.cwa.gov.tw/static/state.html,C0E740-2025.csv,氣溫,28.8,℃,28.8,℃,直接採用該測站 CODiS 2025 年月報表欄位「氣溫」作為系統測站層級資料；目前未進行鄉鎮推估。,完整
water,C0E740,造橋,署屬自動站,苗栗縣,造橋鄉,27,120.864778,24.637056,造橋村14鄰3號(造橋國小),2025-08,relative_humidity,中央氣象署 CODiS / 現存測站清單,https://codis.cwa.gov.tw/ ; https://hdps.cwa.gov.tw/static/state.html,C0E740-2025.csv,相對溼度,79,%,79,%,直接採用該測站 CODiS 2025 年月報表欄位「相對溼度」作為系統測站層級資料；目前未進行鄉鎮推估。,完整
water,C0E740,造橋,署屬自動站,苗栗縣,造橋鄉,27,120.864778,24.637056,造橋村14鄰3號(造橋國小),2025-09,rainfall,中央氣象署 CODiS / 現存測站清單,https://codis.cwa.gov.tw/ ; https://hdps.cwa.gov.tw/static/state.html,C0E740-2025.csv,降水量,54.5,mm,54.5,mm,直接採用該測站 CODiS 2025 年月報表欄位「降水量」作為系統測站層級資料；目前未進行鄉鎮推估。,完整
water,C0E740,造橋,署屬自動站,苗栗縣,造橋鄉,27,120.864778,24.637056,造橋村14鄰3號(造橋國小),2025-09,rainfall_days,中央氣象署 CODiS / 現存測站清單,https://codis.cwa.gov.tw/ ; https://hdps.cwa.gov.tw/static/state.html,C0E740-2025.csv,降水日數,8,day,8,day,直接採用該測站 CODiS 2025 年月報表欄位「降水日數」作為系統測站層級資料；目前未進行鄉鎮推估。,完整
water,C0E740,造橋,署屬自動站,苗栗縣,造橋鄉,27,120.864778,24.637056,造橋村14鄰3號(造橋國小),2025-09,max_daily_rainfall,中央氣象署 CODiS / 現存測站清單,https://codis.cwa.gov.tw/ ; https://hdps.cwa.gov.tw/static/state.html,C0E740-2025.csv,最大日降水量,35,mm,35,mm,直接採用該測站 CODiS 2025 年月報表欄位「最大日降水量」作為系統測站層級資料；目前未進行鄉鎮推估。,完整
water,C0E740,造橋,署屬自動站,苗栗縣,造橋鄉,27,120.864778,24.637056,造橋村14鄰3號(造橋國小),2025-09,average_temperature,中央氣象署 CODiS / 現存測站清單,https://codis.cwa.gov.tw/ ; https://hdps.cwa.gov.tw/static/state.html,C0E740-2025.csv,氣溫,28.4,℃,28.4,℃,直接採用該測站 CODiS 2025 年月報表欄位「氣溫」作為系統測站層級資料；目前未進行鄉鎮推估。,完整
water,C0E740,造橋,署屬自動站,苗栗縣,造橋鄉,27,120.864778,24.637056,造橋村14鄰3號(造橋國小),2025-09,relative_humidity,中央氣象署 CODiS / 現存測站清單,https://codis.cwa.gov.tw/ ; https://hdps.cwa.gov.tw/static/state.html,C0E740-2025.csv,相對溼度,82,%,82,%,直接採用該測站 CODiS 2025 年月報表欄位「相對溼度」作為系統測站層級資料；目前未進行鄉鎮推估。,完整
water,C0E740,造橋,署屬自動站,苗栗縣,造橋鄉,27,120.864778,24.637056,造橋村14鄰3號(造橋國小),2025-10,rainfall,中央氣象署 CODiS / 現存測站清單,https://codis.cwa.gov.tw/ ; https://hdps.cwa.gov.tw/static/state.html,C0E740-2025.csv,降水量,80,mm,80,mm,直接採用該測站 CODiS 2025 年月報表欄位「降水量」作為系統測站層級資料；目前未進行鄉鎮推估。,完整
water,C0E740,造橋,署屬自動站,苗栗縣,造橋鄉,27,120.864778,24.637056,造橋村14鄰3號(造橋國小),2025-10,rainfall_days,中央氣象署 CODiS / 現存測站清單,https://codis.cwa.gov.tw/ ; https://hdps.cwa.gov.tw/static/state.html,C0E740-2025.csv,降水日數,5,day,5,day,直接採用該測站 CODiS 2025 年月報表欄位「降水日數」作為系統測站層級資料；目前未進行鄉鎮推估。,完整
water,C0E740,造橋,署屬自動站,苗栗縣,造橋鄉,27,120.864778,24.637056,造橋村14鄰3號(造橋國小),2025-10,max_daily_rainfall,中央氣象署 CODiS / 現存測站清單,https://codis.cwa.gov.tw/ ; https://hdps.cwa.gov.tw/static/state.html,C0E740-2025.csv,最大日降水量,33.5,mm,33.5,mm,直接採用該測站 CODiS 2025 年月報表欄位「最大日降水量」作為系統測站層級資料；目前未進行鄉鎮推估。,完整
water,C0E740,造橋,署屬自動站,苗栗縣,造橋鄉,27,120.864778,24.637056,造橋村14鄰3號(造橋國小),2025-10,average_temperature,中央氣象署 CODiS / 現存測站清單,https://codis.cwa.gov.tw/ ; https://hdps.cwa.gov.tw/static/state.html,C0E740-2025.csv,氣溫,26.5,℃,26.5,℃,直接採用該測站 CODiS 2025 年月報表欄位「氣溫」作為系統測站層級資料；目前未進行鄉鎮推估。,完整
water,C0E740,造橋,署屬自動站,苗栗縣,造橋鄉,27,120.864778,24.637056,造橋村14鄰3號(造橋國小),2025-10,relative_humidity,中央氣象署 CODiS / 現存測站清單,https://codis.cwa.gov.tw/ ; https://hdps.cwa.gov.tw/static/state.html,C0E740-2025.csv,相對溼度,80,%,80,%,直接採用該測站 CODiS 2025 年月報表欄位「相對溼度」作為系統測站層級資料；目前未進行鄉鎮推估。,完整
water,C0E740,造橋,署屬自動站,苗栗縣,造橋鄉,27,120.864778,24.637056,造橋村14鄰3號(造橋國小),2025-11,rainfall,中央氣象署 CODiS / 現存測站清單,https://codis.cwa.gov.tw/ ; https://hdps.cwa.gov.tw/static/state.html,C0E740-2025.csv,降水量,29.5,mm,29.5,mm,直接採用該測站 CODiS 2025 年月報表欄位「降水量」作為系統測站層級資料；目前未進行鄉鎮推估。,完整
water,C0E740,造橋,署屬自動站,苗栗縣,造橋鄉,27,120.864778,24.637056,造橋村14鄰3號(造橋國小),2025-11,rainfall_days,中央氣象署 CODiS / 現存測站清單,https://codis.cwa.gov.tw/ ; https://hdps.cwa.gov.tw/static/state.html,C0E740-2025.csv,降水日數,3,day,3,day,直接採用該測站 CODiS 2025 年月報表欄位「降水日數」作為系統測站層級資料；目前未進行鄉鎮推估。,完整
water,C0E740,造橋,署屬自動站,苗栗縣,造橋鄉,27,120.864778,24.637056,造橋村14鄰3號(造橋國小),2025-11,max_daily_rainfall,中央氣象署 CODiS / 現存測站清單,https://codis.cwa.gov.tw/ ; https://hdps.cwa.gov.tw/static/state.html,C0E740-2025.csv,最大日降水量,15,mm,15,mm,直接採用該測站 CODiS 2025 年月報表欄位「最大日降水量」作為系統測站層級資料；目前未進行鄉鎮推估。,完整
water,C0E740,造橋,署屬自動站,苗栗縣,造橋鄉,27,120.864778,24.637056,造橋村14鄰3號(造橋國小),2025-11,average_temperature,中央氣象署 CODiS / 現存測站清單,https://codis.cwa.gov.tw/ ; https://hdps.cwa.gov.tw/static/state.html,C0E740-2025.csv,氣溫,21.7,℃,21.7,℃,直接採用該測站 CODiS 2025 年月報表欄位「氣溫」作為系統測站層級資料；目前未進行鄉鎮推估。,完整
water,C0E740,造橋,署屬自動站,苗栗縣,造橋鄉,27,120.864778,24.637056,造橋村14鄰3號(造橋國小),2025-11,relative_humidity,中央氣象署 CODiS / 現存測站清單,https://codis.cwa.gov.tw/ ; https://hdps.cwa.gov.tw/static/state.html,C0E740-2025.csv,相對溼度,76,%,76,%,直接採用該測站 CODiS 2025 年月報表欄位「相對溼度」作為系統測站層級資料；目前未進行鄉鎮推估。,完整
water,C0E740,造橋,署屬自動站,苗栗縣,造橋鄉,27,120.864778,24.637056,造橋村14鄰3號(造橋國小),2025-12,rainfall,中央氣象署 CODiS / 現存測站清單,https://codis.cwa.gov.tw/ ; https://hdps.cwa.gov.tw/static/state.html,C0E740-2025.csv,降水量,3.5,mm,3.5,mm,直接採用該測站 CODiS 2025 年月報表欄位「降水量」作為系統測站層級資料；目前未進行鄉鎮推估。,完整
water,C0E740,造橋,署屬自動站,苗栗縣,造橋鄉,27,120.864778,24.637056,造橋村14鄰3號(造橋國小),2025-12,rainfall_days,中央氣象署 CODiS / 現存測站清單,https://codis.cwa.gov.tw/ ; https://hdps.cwa.gov.tw/static/state.html,C0E740-2025.csv,降水日數,3,day,3,day,直接採用該測站 CODiS 2025 年月報表欄位「降水日數」作為系統測站層級資料；目前未進行鄉鎮推估。,完整
water,C0E740,造橋,署屬自動站,苗栗縣,造橋鄉,27,120.864778,24.637056,造橋村14鄰3號(造橋國小),2025-12,max_daily_rainfall,中央氣象署 CODiS / 現存測站清單,https://codis.cwa.gov.tw/ ; https://hdps.cwa.gov.tw/static/state.html,C0E740-2025.csv,最大日降水量,2,mm,2,mm,直接採用該測站 CODiS 2025 年月報表欄位「最大日降水量」作為系統測站層級資料；目前未進行鄉鎮推估。,完整
water,C0E740,造橋,署屬自動站,苗栗縣,造橋鄉,27,120.864778,24.637056,造橋村14鄰3號(造橋國小),2025-12,average_temperature,中央氣象署 CODiS / 現存測站清單,https://codis.cwa.gov.tw/ ; https://hdps.cwa.gov.tw/static/state.html,C0E740-2025.csv,氣溫,18.5,℃,18.5,℃,直接採用該測站 CODiS 2025 年月報表欄位「氣溫」作為系統測站層級資料；目前未進行鄉鎮推估。,完整
water,C0E740,造橋,署屬自動站,苗栗縣,造橋鄉,27,120.864778,24.637056,造橋村14鄰3號(造橋國小),2025-12,relative_humidity,中央氣象署 CODiS / 現存測站清單,https://codis.cwa.gov.tw/ ; https://hdps.cwa.gov.tw/static/state.html,C0E740-2025.csv,相對溼度,80,%,80,%,直接採用該測站 CODiS 2025 年月報表欄位「相對溼度」作為系統測站層級資料；目前未進行鄉鎮推估。,完整
water,C0E750,苗栗,署屬自動站,苗栗縣,苗栗市,72,120.824575,24.564569,中正路241號(建功國小),2025-01,rainfall,中央氣象署 CODiS / 現存測站清單,https://codis.cwa.gov.tw/ ; https://hdps.cwa.gov.tw/static/state.html,C0E750-2025.csv,降水量,23.5,mm,23.5,mm,直接採用該測站 CODiS 2025 年月報表欄位「降水量」作為系統測站層級資料；目前未進行鄉鎮推估。,完整
water,C0E750,苗栗,署屬自動站,苗栗縣,苗栗市,72,120.824575,24.564569,中正路241號(建功國小),2025-01,rainfall_days,中央氣象署 CODiS / 現存測站清單,https://codis.cwa.gov.tw/ ; https://hdps.cwa.gov.tw/static/state.html,C0E750-2025.csv,降水日數,8,day,8,day,直接採用該測站 CODiS 2025 年月報表欄位「降水日數」作為系統測站層級資料；目前未進行鄉鎮推估。,完整
water,C0E750,苗栗,署屬自動站,苗栗縣,苗栗市,72,120.824575,24.564569,中正路241號(建功國小),2025-01,max_daily_rainfall,中央氣象署 CODiS / 現存測站清單,https://codis.cwa.gov.tw/ ; https://hdps.cwa.gov.tw/static/state.html,C0E750-2025.csv,最大日降水量,6.5,mm,6.5,mm,直接採用該測站 CODiS 2025 年月報表欄位「最大日降水量」作為系統測站層級資料；目前未進行鄉鎮推估。,完整
water,C0E750,苗栗,署屬自動站,苗栗縣,苗栗市,72,120.824575,24.564569,中正路241號(建功國小),2025-01,average_temperature,中央氣象署 CODiS / 現存測站清單,https://codis.cwa.gov.tw/ ; https://hdps.cwa.gov.tw/static/state.html,C0E750-2025.csv,氣溫,15,℃,15,℃,直接採用該測站 CODiS 2025 年月報表欄位「氣溫」作為系統測站層級資料；目前未進行鄉鎮推估。,完整
water,C0E750,苗栗,署屬自動站,苗栗縣,苗栗市,72,120.824575,24.564569,中正路241號(建功國小),2025-01,relative_humidity,中央氣象署 CODiS / 現存測站清單,https://codis.cwa.gov.tw/ ; https://hdps.cwa.gov.tw/static/state.html,C0E750-2025.csv,相對溼度,71,%,71,%,直接採用該測站 CODiS 2025 年月報表欄位「相對溼度」作為系統測站層級資料；目前未進行鄉鎮推估。,完整
water,C0E750,苗栗,署屬自動站,苗栗縣,苗栗市,72,120.824575,24.564569,中正路241號(建功國小),2025-02,rainfall,中央氣象署 CODiS / 現存測站清單,https://codis.cwa.gov.tw/ ; https://hdps.cwa.gov.tw/static/state.html,C0E750-2025.csv,降水量,70,mm,70,mm,直接採用該測站 CODiS 2025 年月報表欄位「降水量」作為系統測站層級資料；目前未進行鄉鎮推估。,完整
water,C0E750,苗栗,署屬自動站,苗栗縣,苗栗市,72,120.824575,24.564569,中正路241號(建功國小),2025-02,rainfall_days,中央氣象署 CODiS / 現存測站清單,https://codis.cwa.gov.tw/ ; https://hdps.cwa.gov.tw/static/state.html,C0E750-2025.csv,降水日數,9,day,9,day,直接採用該測站 CODiS 2025 年月報表欄位「降水日數」作為系統測站層級資料；目前未進行鄉鎮推估。,完整
water,C0E750,苗栗,署屬自動站,苗栗縣,苗栗市,72,120.824575,24.564569,中正路241號(建功國小),2025-02,max_daily_rainfall,中央氣象署 CODiS / 現存測站清單,https://codis.cwa.gov.tw/ ; https://hdps.cwa.gov.tw/static/state.html,C0E750-2025.csv,最大日降水量,37,mm,37,mm,直接採用該測站 CODiS 2025 年月報表欄位「最大日降水量」作為系統測站層級資料；目前未進行鄉鎮推估。,完整
water,C0E750,苗栗,署屬自動站,苗栗縣,苗栗市,72,120.824575,24.564569,中正路241號(建功國小),2025-02,average_temperature,中央氣象署 CODiS / 現存測站清單,https://codis.cwa.gov.tw/ ; https://hdps.cwa.gov.tw/static/state.html,C0E750-2025.csv,氣溫,15.4,℃,15.4,℃,直接採用該測站 CODiS 2025 年月報表欄位「氣溫」作為系統測站層級資料；目前未進行鄉鎮推估。,完整
water,C0E750,苗栗,署屬自動站,苗栗縣,苗栗市,72,120.824575,24.564569,中正路241號(建功國小),2025-02,relative_humidity,中央氣象署 CODiS / 現存測站清單,https://codis.cwa.gov.tw/ ; https://hdps.cwa.gov.tw/static/state.html,C0E750-2025.csv,相對溼度,79,%,79,%,直接採用該測站 CODiS 2025 年月報表欄位「相對溼度」作為系統測站層級資料；目前未進行鄉鎮推估。,完整
water,C0E750,苗栗,署屬自動站,苗栗縣,苗栗市,72,120.824575,24.564569,中正路241號(建功國小),2025-03,rainfall,中央氣象署 CODiS / 現存測站清單,https://codis.cwa.gov.tw/ ; https://hdps.cwa.gov.tw/static/state.html,C0E750-2025.csv,降水量,244,mm,244,mm,直接採用該測站 CODiS 2025 年月報表欄位「降水量」作為系統測站層級資料；目前未進行鄉鎮推估。,完整
water,C0E750,苗栗,署屬自動站,苗栗縣,苗栗市,72,120.824575,24.564569,中正路241號(建功國小),2025-03,rainfall_days,中央氣象署 CODiS / 現存測站清單,https://codis.cwa.gov.tw/ ; https://hdps.cwa.gov.tw/static/state.html,C0E750-2025.csv,降水日數,11,day,11,day,直接採用該測站 CODiS 2025 年月報表欄位「降水日數」作為系統測站層級資料；目前未進行鄉鎮推估。,完整
water,C0E750,苗栗,署屬自動站,苗栗縣,苗栗市,72,120.824575,24.564569,中正路241號(建功國小),2025-03,max_daily_rainfall,中央氣象署 CODiS / 現存測站清單,https://codis.cwa.gov.tw/ ; https://hdps.cwa.gov.tw/static/state.html,C0E750-2025.csv,最大日降水量,55.5,mm,55.5,mm,直接採用該測站 CODiS 2025 年月報表欄位「最大日降水量」作為系統測站層級資料；目前未進行鄉鎮推估。,完整
water,C0E750,苗栗,署屬自動站,苗栗縣,苗栗市,72,120.824575,24.564569,中正路241號(建功國小),2025-03,average_temperature,中央氣象署 CODiS / 現存測站清單,https://codis.cwa.gov.tw/ ; https://hdps.cwa.gov.tw/static/state.html,C0E750-2025.csv,氣溫,18.1,℃,18.1,℃,直接採用該測站 CODiS 2025 年月報表欄位「氣溫」作為系統測站層級資料；目前未進行鄉鎮推估。,完整
water,C0E750,苗栗,署屬自動站,苗栗縣,苗栗市,72,120.824575,24.564569,中正路241號(建功國小),2025-03,relative_humidity,中央氣象署 CODiS / 現存測站清單,https://codis.cwa.gov.tw/ ; https://hdps.cwa.gov.tw/static/state.html,C0E750-2025.csv,相對溼度,75,%,75,%,直接採用該測站 CODiS 2025 年月報表欄位「相對溼度」作為系統測站層級資料；目前未進行鄉鎮推估。,完整
water,C0E750,苗栗,署屬自動站,苗栗縣,苗栗市,72,120.824575,24.564569,中正路241號(建功國小),2025-04,rainfall,中央氣象署 CODiS / 現存測站清單,https://codis.cwa.gov.tw/ ; https://hdps.cwa.gov.tw/static/state.html,C0E750-2025.csv,降水量,145.5,mm,145.5,mm,直接採用該測站 CODiS 2025 年月報表欄位「降水量」作為系統測站層級資料；目前未進行鄉鎮推估。,完整
water,C0E750,苗栗,署屬自動站,苗栗縣,苗栗市,72,120.824575,24.564569,中正路241號(建功國小),2025-04,rainfall_days,中央氣象署 CODiS / 現存測站清單,https://codis.cwa.gov.tw/ ; https://hdps.cwa.gov.tw/static/state.html,C0E750-2025.csv,降水日數,13,day,13,day,直接採用該測站 CODiS 2025 年月報表欄位「降水日數」作為系統測站層級資料；目前未進行鄉鎮推估。,完整
water,C0E750,苗栗,署屬自動站,苗栗縣,苗栗市,72,120.824575,24.564569,中正路241號(建功國小),2025-04,max_daily_rainfall,中央氣象署 CODiS / 現存測站清單,https://codis.cwa.gov.tw/ ; https://hdps.cwa.gov.tw/static/state.html,C0E750-2025.csv,最大日降水量,55,mm,55,mm,直接採用該測站 CODiS 2025 年月報表欄位「最大日降水量」作為系統測站層級資料；目前未進行鄉鎮推估。,完整
water,C0E750,苗栗,署屬自動站,苗栗縣,苗栗市,72,120.824575,24.564569,中正路241號(建功國小),2025-04,average_temperature,中央氣象署 CODiS / 現存測站清單,https://codis.cwa.gov.tw/ ; https://hdps.cwa.gov.tw/static/state.html,C0E750-2025.csv,氣溫,22.5,℃,22.5,℃,直接採用該測站 CODiS 2025 年月報表欄位「氣溫」作為系統測站層級資料；目前未進行鄉鎮推估。,完整
water,C0E750,苗栗,署屬自動站,苗栗縣,苗栗市,72,120.824575,24.564569,中正路241號(建功國小),2025-04,relative_humidity,中央氣象署 CODiS / 現存測站清單,https://codis.cwa.gov.tw/ ; https://hdps.cwa.gov.tw/static/state.html,C0E750-2025.csv,相對溼度,72,%,72,%,直接採用該測站 CODiS 2025 年月報表欄位「相對溼度」作為系統測站層級資料；目前未進行鄉鎮推估。,完整
water,C0E750,苗栗,署屬自動站,苗栗縣,苗栗市,72,120.824575,24.564569,中正路241號(建功國小),2025-05,rainfall,中央氣象署 CODiS / 現存測站清單,https://codis.cwa.gov.tw/ ; https://hdps.cwa.gov.tw/static/state.html,C0E750-2025.csv,降水量,275,mm,275,mm,直接採用該測站 CODiS 2025 年月報表欄位「降水量」作為系統測站層級資料；目前未進行鄉鎮推估。,完整
water,C0E750,苗栗,署屬自動站,苗栗縣,苗栗市,72,120.824575,24.564569,中正路241號(建功國小),2025-05,rainfall_days,中央氣象署 CODiS / 現存測站清單,https://codis.cwa.gov.tw/ ; https://hdps.cwa.gov.tw/static/state.html,C0E750-2025.csv,降水日數,10,day,10,day,直接採用該測站 CODiS 2025 年月報表欄位「降水日數」作為系統測站層級資料；目前未進行鄉鎮推估。,完整
water,C0E750,苗栗,署屬自動站,苗栗縣,苗栗市,72,120.824575,24.564569,中正路241號(建功國小),2025-05,max_daily_rainfall,中央氣象署 CODiS / 現存測站清單,https://codis.cwa.gov.tw/ ; https://hdps.cwa.gov.tw/static/state.html,C0E750-2025.csv,最大日降水量,70,mm,70,mm,直接採用該測站 CODiS 2025 年月報表欄位「最大日降水量」作為系統測站層級資料；目前未進行鄉鎮推估。,完整
water,C0E750,苗栗,署屬自動站,苗栗縣,苗栗市,72,120.824575,24.564569,中正路241號(建功國小),2025-05,average_temperature,中央氣象署 CODiS / 現存測站清單,https://codis.cwa.gov.tw/ ; https://hdps.cwa.gov.tw/static/state.html,C0E750-2025.csv,氣溫,25.9,℃,25.9,℃,直接採用該測站 CODiS 2025 年月報表欄位「氣溫」作為系統測站層級資料；目前未進行鄉鎮推估。,完整
water,C0E750,苗栗,署屬自動站,苗栗縣,苗栗市,72,120.824575,24.564569,中正路241號(建功國小),2025-05,relative_humidity,中央氣象署 CODiS / 現存測站清單,https://codis.cwa.gov.tw/ ; https://hdps.cwa.gov.tw/static/state.html,C0E750-2025.csv,相對溼度,73,%,73,%,直接採用該測站 CODiS 2025 年月報表欄位「相對溼度」作為系統測站層級資料；目前未進行鄉鎮推估。,完整
water,C0E750,苗栗,署屬自動站,苗栗縣,苗栗市,72,120.824575,24.564569,中正路241號(建功國小),2025-06,rainfall,中央氣象署 CODiS / 現存測站清單,https://codis.cwa.gov.tw/ ; https://hdps.cwa.gov.tw/static/state.html,C0E750-2025.csv,降水量,93.5,mm,93.5,mm,直接採用該測站 CODiS 2025 年月報表欄位「降水量」作為系統測站層級資料；目前未進行鄉鎮推估。,完整
water,C0E750,苗栗,署屬自動站,苗栗縣,苗栗市,72,120.824575,24.564569,中正路241號(建功國小),2025-06,rainfall_days,中央氣象署 CODiS / 現存測站清單,https://codis.cwa.gov.tw/ ; https://hdps.cwa.gov.tw/static/state.html,C0E750-2025.csv,降水日數,9,day,9,day,直接採用該測站 CODiS 2025 年月報表欄位「降水日數」作為系統測站層級資料；目前未進行鄉鎮推估。,完整
water,C0E750,苗栗,署屬自動站,苗栗縣,苗栗市,72,120.824575,24.564569,中正路241號(建功國小),2025-06,max_daily_rainfall,中央氣象署 CODiS / 現存測站清單,https://codis.cwa.gov.tw/ ; https://hdps.cwa.gov.tw/static/state.html,C0E750-2025.csv,最大日降水量,30.5,mm,30.5,mm,直接採用該測站 CODiS 2025 年月報表欄位「最大日降水量」作為系統測站層級資料；目前未進行鄉鎮推估。,完整
water,C0E750,苗栗,署屬自動站,苗栗縣,苗栗市,72,120.824575,24.564569,中正路241號(建功國小),2025-06,average_temperature,中央氣象署 CODiS / 現存測站清單,https://codis.cwa.gov.tw/ ; https://hdps.cwa.gov.tw/static/state.html,C0E750-2025.csv,氣溫,28.6,℃,28.6,℃,直接採用該測站 CODiS 2025 年月報表欄位「氣溫」作為系統測站層級資料；目前未進行鄉鎮推估。,完整
water,C0E750,苗栗,署屬自動站,苗栗縣,苗栗市,72,120.824575,24.564569,中正路241號(建功國小),2025-06,relative_humidity,中央氣象署 CODiS / 現存測站清單,https://codis.cwa.gov.tw/ ; https://hdps.cwa.gov.tw/static/state.html,C0E750-2025.csv,相對溼度,71,%,71,%,直接採用該測站 CODiS 2025 年月報表欄位「相對溼度」作為系統測站層級資料；目前未進行鄉鎮推估。,完整
water,C0E750,苗栗,署屬自動站,苗栗縣,苗栗市,72,120.824575,24.564569,中正路241號(建功國小),2025-07,rainfall,中央氣象署 CODiS / 現存測站清單,https://codis.cwa.gov.tw/ ; https://hdps.cwa.gov.tw/static/state.html,C0E750-2025.csv,降水量,543,mm,543,mm,直接採用該測站 CODiS 2025 年月報表欄位「降水量」作為系統測站層級資料；目前未進行鄉鎮推估。,完整
water,C0E750,苗栗,署屬自動站,苗栗縣,苗栗市,72,120.824575,24.564569,中正路241號(建功國小),2025-07,rainfall_days,中央氣象署 CODiS / 現存測站清單,https://codis.cwa.gov.tw/ ; https://hdps.cwa.gov.tw/static/state.html,C0E750-2025.csv,降水日數,18,day,18,day,直接採用該測站 CODiS 2025 年月報表欄位「降水日數」作為系統測站層級資料；目前未進行鄉鎮推估。,完整
water,C0E750,苗栗,署屬自動站,苗栗縣,苗栗市,72,120.824575,24.564569,中正路241號(建功國小),2025-07,max_daily_rainfall,中央氣象署 CODiS / 現存測站清單,https://codis.cwa.gov.tw/ ; https://hdps.cwa.gov.tw/static/state.html,C0E750-2025.csv,最大日降水量,177,mm,177,mm,直接採用該測站 CODiS 2025 年月報表欄位「最大日降水量」作為系統測站層級資料；目前未進行鄉鎮推估。,完整
water,C0E750,苗栗,署屬自動站,苗栗縣,苗栗市,72,120.824575,24.564569,中正路241號(建功國小),2025-07,average_temperature,中央氣象署 CODiS / 現存測站清單,https://codis.cwa.gov.tw/ ; https://hdps.cwa.gov.tw/static/state.html,C0E750-2025.csv,氣溫,28.5,℃,28.5,℃,直接採用該測站 CODiS 2025 年月報表欄位「氣溫」作為系統測站層級資料；目前未進行鄉鎮推估。,完整
water,C0E750,苗栗,署屬自動站,苗栗縣,苗栗市,72,120.824575,24.564569,中正路241號(建功國小),2025-07,relative_humidity,中央氣象署 CODiS / 現存測站清單,https://codis.cwa.gov.tw/ ; https://hdps.cwa.gov.tw/static/state.html,C0E750-2025.csv,相對溼度,75,%,75,%,直接採用該測站 CODiS 2025 年月報表欄位「相對溼度」作為系統測站層級資料；目前未進行鄉鎮推估。,完整
water,C0E750,苗栗,署屬自動站,苗栗縣,苗栗市,72,120.824575,24.564569,中正路241號(建功國小),2025-08,rainfall,中央氣象署 CODiS / 現存測站清單,https://codis.cwa.gov.tw/ ; https://hdps.cwa.gov.tw/static/state.html,C0E750-2025.csv,降水量,58.5,mm,58.5,mm,直接採用該測站 CODiS 2025 年月報表欄位「降水量」作為系統測站層級資料；目前未進行鄉鎮推估。,完整
water,C0E750,苗栗,署屬自動站,苗栗縣,苗栗市,72,120.824575,24.564569,中正路241號(建功國小),2025-08,rainfall_days,中央氣象署 CODiS / 現存測站清單,https://codis.cwa.gov.tw/ ; https://hdps.cwa.gov.tw/static/state.html,C0E750-2025.csv,降水日數,5,day,5,day,直接採用該測站 CODiS 2025 年月報表欄位「降水日數」作為系統測站層級資料；目前未進行鄉鎮推估。,完整
water,C0E750,苗栗,署屬自動站,苗栗縣,苗栗市,72,120.824575,24.564569,中正路241號(建功國小),2025-08,max_daily_rainfall,中央氣象署 CODiS / 現存測站清單,https://codis.cwa.gov.tw/ ; https://hdps.cwa.gov.tw/static/state.html,C0E750-2025.csv,最大日降水量,36.5,mm,36.5,mm,直接採用該測站 CODiS 2025 年月報表欄位「最大日降水量」作為系統測站層級資料；目前未進行鄉鎮推估。,完整
water,C0E750,苗栗,署屬自動站,苗栗縣,苗栗市,72,120.824575,24.564569,中正路241號(建功國小),2025-08,average_temperature,中央氣象署 CODiS / 現存測站清單,https://codis.cwa.gov.tw/ ; https://hdps.cwa.gov.tw/static/state.html,C0E750-2025.csv,氣溫,29,℃,29,℃,直接採用該測站 CODiS 2025 年月報表欄位「氣溫」作為系統測站層級資料；目前未進行鄉鎮推估。,完整
water,C0E750,苗栗,署屬自動站,苗栗縣,苗栗市,72,120.824575,24.564569,中正路241號(建功國小),2025-08,relative_humidity,中央氣象署 CODiS / 現存測站清單,https://codis.cwa.gov.tw/ ; https://hdps.cwa.gov.tw/static/state.html,C0E750-2025.csv,相對溼度,70,%,70,%,直接採用該測站 CODiS 2025 年月報表欄位「相對溼度」作為系統測站層級資料；目前未進行鄉鎮推估。,完整
water,C0E750,苗栗,署屬自動站,苗栗縣,苗栗市,72,120.824575,24.564569,中正路241號(建功國小),2025-09,rainfall,中央氣象署 CODiS / 現存測站清單,https://codis.cwa.gov.tw/ ; https://hdps.cwa.gov.tw/static/state.html,C0E750-2025.csv,降水量,113,mm,113,mm,直接採用該測站 CODiS 2025 年月報表欄位「降水量」作為系統測站層級資料；目前未進行鄉鎮推估。,完整
water,C0E750,苗栗,署屬自動站,苗栗縣,苗栗市,72,120.824575,24.564569,中正路241號(建功國小),2025-09,rainfall_days,中央氣象署 CODiS / 現存測站清單,https://codis.cwa.gov.tw/ ; https://hdps.cwa.gov.tw/static/state.html,C0E750-2025.csv,降水日數,6,day,6,day,直接採用該測站 CODiS 2025 年月報表欄位「降水日數」作為系統測站層級資料；目前未進行鄉鎮推估。,完整
water,C0E750,苗栗,署屬自動站,苗栗縣,苗栗市,72,120.824575,24.564569,中正路241號(建功國小),2025-09,max_daily_rainfall,中央氣象署 CODiS / 現存測站清單,https://codis.cwa.gov.tw/ ; https://hdps.cwa.gov.tw/static/state.html,C0E750-2025.csv,最大日降水量,77.5,mm,77.5,mm,直接採用該測站 CODiS 2025 年月報表欄位「最大日降水量」作為系統測站層級資料；目前未進行鄉鎮推估。,完整
water,C0E750,苗栗,署屬自動站,苗栗縣,苗栗市,72,120.824575,24.564569,中正路241號(建功國小),2025-09,average_temperature,中央氣象署 CODiS / 現存測站清單,https://codis.cwa.gov.tw/ ; https://hdps.cwa.gov.tw/static/state.html,C0E750-2025.csv,氣溫,28.9,℃,28.9,℃,直接採用該測站 CODiS 2025 年月報表欄位「氣溫」作為系統測站層級資料；目前未進行鄉鎮推估。,完整
water,C0E750,苗栗,署屬自動站,苗栗縣,苗栗市,72,120.824575,24.564569,中正路241號(建功國小),2025-09,relative_humidity,中央氣象署 CODiS / 現存測站清單,https://codis.cwa.gov.tw/ ; https://hdps.cwa.gov.tw/static/state.html,C0E750-2025.csv,相對溼度,73,%,73,%,直接採用該測站 CODiS 2025 年月報表欄位「相對溼度」作為系統測站層級資料；目前未進行鄉鎮推估。,完整
water,C0E750,苗栗,署屬自動站,苗栗縣,苗栗市,72,120.824575,24.564569,中正路241號(建功國小),2025-10,rainfall,中央氣象署 CODiS / 現存測站清單,https://codis.cwa.gov.tw/ ; https://hdps.cwa.gov.tw/static/state.html,C0E750-2025.csv,降水量,42.5,mm,42.5,mm,直接採用該測站 CODiS 2025 年月報表欄位「降水量」作為系統測站層級資料；目前未進行鄉鎮推估。,完整
water,C0E750,苗栗,署屬自動站,苗栗縣,苗栗市,72,120.824575,24.564569,中正路241號(建功國小),2025-10,rainfall_days,中央氣象署 CODiS / 現存測站清單,https://codis.cwa.gov.tw/ ; https://hdps.cwa.gov.tw/static/state.html,C0E750-2025.csv,降水日數,7,day,7,day,直接採用該測站 CODiS 2025 年月報表欄位「降水日數」作為系統測站層級資料；目前未進行鄉鎮推估。,完整
water,C0E750,苗栗,署屬自動站,苗栗縣,苗栗市,72,120.824575,24.564569,中正路241號(建功國小),2025-10,max_daily_rainfall,中央氣象署 CODiS / 現存測站清單,https://codis.cwa.gov.tw/ ; https://hdps.cwa.gov.tw/static/state.html,C0E750-2025.csv,最大日降水量,13,mm,13,mm,直接採用該測站 CODiS 2025 年月報表欄位「最大日降水量」作為系統測站層級資料；目前未進行鄉鎮推估。,完整
water,C0E750,苗栗,署屬自動站,苗栗縣,苗栗市,72,120.824575,24.564569,中正路241號(建功國小),2025-10,average_temperature,中央氣象署 CODiS / 現存測站清單,https://codis.cwa.gov.tw/ ; https://hdps.cwa.gov.tw/static/state.html,C0E750-2025.csv,氣溫,26.7,℃,26.7,℃,直接採用該測站 CODiS 2025 年月報表欄位「氣溫」作為系統測站層級資料；目前未進行鄉鎮推估。,完整
water,C0E750,苗栗,署屬自動站,苗栗縣,苗栗市,72,120.824575,24.564569,中正路241號(建功國小),2025-10,relative_humidity,中央氣象署 CODiS / 現存測站清單,https://codis.cwa.gov.tw/ ; https://hdps.cwa.gov.tw/static/state.html,C0E750-2025.csv,相對溼度,74,%,74,%,直接採用該測站 CODiS 2025 年月報表欄位「相對溼度」作為系統測站層級資料；目前未進行鄉鎮推估。,完整
water,C0E750,苗栗,署屬自動站,苗栗縣,苗栗市,72,120.824575,24.564569,中正路241號(建功國小),2025-11,rainfall,中央氣象署 CODiS / 現存測站清單,https://codis.cwa.gov.tw/ ; https://hdps.cwa.gov.tw/static/state.html,C0E750-2025.csv,降水量,30,mm,30,mm,直接採用該測站 CODiS 2025 年月報表欄位「降水量」作為系統測站層級資料；目前未進行鄉鎮推估。,完整
water,C0E750,苗栗,署屬自動站,苗栗縣,苗栗市,72,120.824575,24.564569,中正路241號(建功國小),2025-11,rainfall_days,中央氣象署 CODiS / 現存測站清單,https://codis.cwa.gov.tw/ ; https://hdps.cwa.gov.tw/static/state.html,C0E750-2025.csv,降水日數,4,day,4,day,直接採用該測站 CODiS 2025 年月報表欄位「降水日數」作為系統測站層級資料；目前未進行鄉鎮推估。,完整
water,C0E750,苗栗,署屬自動站,苗栗縣,苗栗市,72,120.824575,24.564569,中正路241號(建功國小),2025-11,max_daily_rainfall,中央氣象署 CODiS / 現存測站清單,https://codis.cwa.gov.tw/ ; https://hdps.cwa.gov.tw/static/state.html,C0E750-2025.csv,最大日降水量,18,mm,18,mm,直接採用該測站 CODiS 2025 年月報表欄位「最大日降水量」作為系統測站層級資料；目前未進行鄉鎮推估。,完整
water,C0E750,苗栗,署屬自動站,苗栗縣,苗栗市,72,120.824575,24.564569,中正路241號(建功國小),2025-11,average_temperature,中央氣象署 CODiS / 現存測站清單,https://codis.cwa.gov.tw/ ; https://hdps.cwa.gov.tw/static/state.html,C0E750-2025.csv,氣溫,21.7,℃,21.7,℃,直接採用該測站 CODiS 2025 年月報表欄位「氣溫」作為系統測站層級資料；目前未進行鄉鎮推估。,完整
water,C0E750,苗栗,署屬自動站,苗栗縣,苗栗市,72,120.824575,24.564569,中正路241號(建功國小),2025-11,relative_humidity,中央氣象署 CODiS / 現存測站清單,https://codis.cwa.gov.tw/ ; https://hdps.cwa.gov.tw/static/state.html,C0E750-2025.csv,相對溼度,73,%,73,%,直接採用該測站 CODiS 2025 年月報表欄位「相對溼度」作為系統測站層級資料；目前未進行鄉鎮推估。,完整
water,C0E750,苗栗,署屬自動站,苗栗縣,苗栗市,72,120.824575,24.564569,中正路241號(建功國小),2025-12,rainfall,中央氣象署 CODiS / 現存測站清單,https://codis.cwa.gov.tw/ ; https://hdps.cwa.gov.tw/static/state.html,C0E750-2025.csv,降水量,2,mm,2,mm,直接採用該測站 CODiS 2025 年月報表欄位「降水量」作為系統測站層級資料；目前未進行鄉鎮推估。,完整
water,C0E750,苗栗,署屬自動站,苗栗縣,苗栗市,72,120.824575,24.564569,中正路241號(建功國小),2025-12,rainfall_days,中央氣象署 CODiS / 現存測站清單,https://codis.cwa.gov.tw/ ; https://hdps.cwa.gov.tw/static/state.html,C0E750-2025.csv,降水日數,3,day,3,day,直接採用該測站 CODiS 2025 年月報表欄位「降水日數」作為系統測站層級資料；目前未進行鄉鎮推估。,完整
water,C0E750,苗栗,署屬自動站,苗栗縣,苗栗市,72,120.824575,24.564569,中正路241號(建功國小),2025-12,max_daily_rainfall,中央氣象署 CODiS / 現存測站清單,https://codis.cwa.gov.tw/ ; https://hdps.cwa.gov.tw/static/state.html,C0E750-2025.csv,最大日降水量,1,mm,1,mm,直接採用該測站 CODiS 2025 年月報表欄位「最大日降水量」作為系統測站層級資料；目前未進行鄉鎮推估。,完整
water,C0E750,苗栗,署屬自動站,苗栗縣,苗栗市,72,120.824575,24.564569,中正路241號(建功國小),2025-12,average_temperature,中央氣象署 CODiS / 現存測站清單,https://codis.cwa.gov.tw/ ; https://hdps.cwa.gov.tw/static/state.html,C0E750-2025.csv,氣溫,18.5,℃,18.5,℃,直接採用該測站 CODiS 2025 年月報表欄位「氣溫」作為系統測站層級資料；目前未進行鄉鎮推估。,完整
water,C0E750,苗栗,署屬自動站,苗栗縣,苗栗市,72,120.824575,24.564569,中正路241號(建功國小),2025-12,relative_humidity,中央氣象署 CODiS / 現存測站清單,https://codis.cwa.gov.tw/ ; https://hdps.cwa.gov.tw/static/state.html,C0E750-2025.csv,相對溼度,76,%,76,%,直接採用該測站 CODiS 2025 年月報表欄位「相對溼度」作為系統測站層級資料；目前未進行鄉鎮推估。,完整
water,C0E780,銅鑼,署屬自動站,苗栗縣,銅鑼鄉,160,120.790853,24.489681,福興村文化街1號(銅鑼國小),2025-01,rainfall,中央氣象署 CODiS / 現存測站清單,https://codis.cwa.gov.tw/ ; https://hdps.cwa.gov.tw/static/state.html,C0E780-2025.csv,降水量,16.5,mm,16.5,mm,直接採用該測站 CODiS 2025 年月報表欄位「降水量」作為系統測站層級資料；目前未進行鄉鎮推估。,完整
water,C0E780,銅鑼,署屬自動站,苗栗縣,銅鑼鄉,160,120.790853,24.489681,福興村文化街1號(銅鑼國小),2025-01,rainfall_days,中央氣象署 CODiS / 現存測站清單,https://codis.cwa.gov.tw/ ; https://hdps.cwa.gov.tw/static/state.html,C0E780-2025.csv,降水日數,6,day,6,day,直接採用該測站 CODiS 2025 年月報表欄位「降水日數」作為系統測站層級資料；目前未進行鄉鎮推估。,完整
water,C0E780,銅鑼,署屬自動站,苗栗縣,銅鑼鄉,160,120.790853,24.489681,福興村文化街1號(銅鑼國小),2025-01,max_daily_rainfall,中央氣象署 CODiS / 現存測站清單,https://codis.cwa.gov.tw/ ; https://hdps.cwa.gov.tw/static/state.html,C0E780-2025.csv,最大日降水量,6,mm,6,mm,直接採用該測站 CODiS 2025 年月報表欄位「最大日降水量」作為系統測站層級資料；目前未進行鄉鎮推估。,完整
water,C0E780,銅鑼,署屬自動站,苗栗縣,銅鑼鄉,160,120.790853,24.489681,福興村文化街1號(銅鑼國小),2025-01,average_temperature,中央氣象署 CODiS / 現存測站清單,https://codis.cwa.gov.tw/ ; https://hdps.cwa.gov.tw/static/state.html,C0E780-2025.csv,氣溫,14,℃,14,℃,直接採用該測站 CODiS 2025 年月報表欄位「氣溫」作為系統測站層級資料；目前未進行鄉鎮推估。,完整
water,C0E780,銅鑼,署屬自動站,苗栗縣,銅鑼鄉,160,120.790853,24.489681,福興村文化街1號(銅鑼國小),2025-01,relative_humidity,中央氣象署 CODiS / 現存測站清單,https://codis.cwa.gov.tw/ ; https://hdps.cwa.gov.tw/static/state.html,C0E780-2025.csv,相對溼度,,%,,%,直接採用該測站 CODiS 2025 年月報表欄位「相對溼度」作為系統測站層級資料；目前未進行鄉鎮推估。,缺值
water,C0E780,銅鑼,署屬自動站,苗栗縣,銅鑼鄉,160,120.790853,24.489681,福興村文化街1號(銅鑼國小),2025-02,rainfall,中央氣象署 CODiS / 現存測站清單,https://codis.cwa.gov.tw/ ; https://hdps.cwa.gov.tw/static/state.html,C0E780-2025.csv,降水量,83.5,mm,83.5,mm,直接採用該測站 CODiS 2025 年月報表欄位「降水量」作為系統測站層級資料；目前未進行鄉鎮推估。,完整
water,C0E780,銅鑼,署屬自動站,苗栗縣,銅鑼鄉,160,120.790853,24.489681,福興村文化街1號(銅鑼國小),2025-02,rainfall_days,中央氣象署 CODiS / 現存測站清單,https://codis.cwa.gov.tw/ ; https://hdps.cwa.gov.tw/static/state.html,C0E780-2025.csv,降水日數,9,day,9,day,直接採用該測站 CODiS 2025 年月報表欄位「降水日數」作為系統測站層級資料；目前未進行鄉鎮推估。,完整
water,C0E780,銅鑼,署屬自動站,苗栗縣,銅鑼鄉,160,120.790853,24.489681,福興村文化街1號(銅鑼國小),2025-02,max_daily_rainfall,中央氣象署 CODiS / 現存測站清單,https://codis.cwa.gov.tw/ ; https://hdps.cwa.gov.tw/static/state.html,C0E780-2025.csv,最大日降水量,38.5,mm,38.5,mm,直接採用該測站 CODiS 2025 年月報表欄位「最大日降水量」作為系統測站層級資料；目前未進行鄉鎮推估。,完整
water,C0E780,銅鑼,署屬自動站,苗栗縣,銅鑼鄉,160,120.790853,24.489681,福興村文化街1號(銅鑼國小),2025-02,average_temperature,中央氣象署 CODiS / 現存測站清單,https://codis.cwa.gov.tw/ ; https://hdps.cwa.gov.tw/static/state.html,C0E780-2025.csv,氣溫,14.5,℃,14.5,℃,直接採用該測站 CODiS 2025 年月報表欄位「氣溫」作為系統測站層級資料；目前未進行鄉鎮推估。,完整
water,C0E780,銅鑼,署屬自動站,苗栗縣,銅鑼鄉,160,120.790853,24.489681,福興村文化街1號(銅鑼國小),2025-02,relative_humidity,中央氣象署 CODiS / 現存測站清單,https://codis.cwa.gov.tw/ ; https://hdps.cwa.gov.tw/static/state.html,C0E780-2025.csv,相對溼度,87,%,87,%,直接採用該測站 CODiS 2025 年月報表欄位「相對溼度」作為系統測站層級資料；目前未進行鄉鎮推估。,完整
water,C0E780,銅鑼,署屬自動站,苗栗縣,銅鑼鄉,160,120.790853,24.489681,福興村文化街1號(銅鑼國小),2025-03,rainfall,中央氣象署 CODiS / 現存測站清單,https://codis.cwa.gov.tw/ ; https://hdps.cwa.gov.tw/static/state.html,C0E780-2025.csv,降水量,225.5,mm,225.5,mm,直接採用該測站 CODiS 2025 年月報表欄位「降水量」作為系統測站層級資料；目前未進行鄉鎮推估。,完整
water,C0E780,銅鑼,署屬自動站,苗栗縣,銅鑼鄉,160,120.790853,24.489681,福興村文化街1號(銅鑼國小),2025-03,rainfall_days,中央氣象署 CODiS / 現存測站清單,https://codis.cwa.gov.tw/ ; https://hdps.cwa.gov.tw/static/state.html,C0E780-2025.csv,降水日數,10,day,10,day,直接採用該測站 CODiS 2025 年月報表欄位「降水日數」作為系統測站層級資料；目前未進行鄉鎮推估。,完整
water,C0E780,銅鑼,署屬自動站,苗栗縣,銅鑼鄉,160,120.790853,24.489681,福興村文化街1號(銅鑼國小),2025-03,max_daily_rainfall,中央氣象署 CODiS / 現存測站清單,https://codis.cwa.gov.tw/ ; https://hdps.cwa.gov.tw/static/state.html,C0E780-2025.csv,最大日降水量,58.5,mm,58.5,mm,直接採用該測站 CODiS 2025 年月報表欄位「最大日降水量」作為系統測站層級資料；目前未進行鄉鎮推估。,完整
water,C0E780,銅鑼,署屬自動站,苗栗縣,銅鑼鄉,160,120.790853,24.489681,福興村文化街1號(銅鑼國小),2025-03,average_temperature,中央氣象署 CODiS / 現存測站清單,https://codis.cwa.gov.tw/ ; https://hdps.cwa.gov.tw/static/state.html,C0E780-2025.csv,氣溫,17.3,℃,17.3,℃,直接採用該測站 CODiS 2025 年月報表欄位「氣溫」作為系統測站層級資料；目前未進行鄉鎮推估。,完整
water,C0E780,銅鑼,署屬自動站,苗栗縣,銅鑼鄉,160,120.790853,24.489681,福興村文化街1號(銅鑼國小),2025-03,relative_humidity,中央氣象署 CODiS / 現存測站清單,https://codis.cwa.gov.tw/ ; https://hdps.cwa.gov.tw/static/state.html,C0E780-2025.csv,相對溼度,79,%,79,%,直接採用該測站 CODiS 2025 年月報表欄位「相對溼度」作為系統測站層級資料；目前未進行鄉鎮推估。,完整
water,C0E780,銅鑼,署屬自動站,苗栗縣,銅鑼鄉,160,120.790853,24.489681,福興村文化街1號(銅鑼國小),2025-04,rainfall,中央氣象署 CODiS / 現存測站清單,https://codis.cwa.gov.tw/ ; https://hdps.cwa.gov.tw/static/state.html,C0E780-2025.csv,降水量,125,mm,125,mm,直接採用該測站 CODiS 2025 年月報表欄位「降水量」作為系統測站層級資料；目前未進行鄉鎮推估。,完整
water,C0E780,銅鑼,署屬自動站,苗栗縣,銅鑼鄉,160,120.790853,24.489681,福興村文化街1號(銅鑼國小),2025-04,rainfall_days,中央氣象署 CODiS / 現存測站清單,https://codis.cwa.gov.tw/ ; https://hdps.cwa.gov.tw/static/state.html,C0E780-2025.csv,降水日數,14,day,14,day,直接採用該測站 CODiS 2025 年月報表欄位「降水日數」作為系統測站層級資料；目前未進行鄉鎮推估。,完整
water,C0E780,銅鑼,署屬自動站,苗栗縣,銅鑼鄉,160,120.790853,24.489681,福興村文化街1號(銅鑼國小),2025-04,max_daily_rainfall,中央氣象署 CODiS / 現存測站清單,https://codis.cwa.gov.tw/ ; https://hdps.cwa.gov.tw/static/state.html,C0E780-2025.csv,最大日降水量,44.5,mm,44.5,mm,直接採用該測站 CODiS 2025 年月報表欄位「最大日降水量」作為系統測站層級資料；目前未進行鄉鎮推估。,完整
water,C0E780,銅鑼,署屬自動站,苗栗縣,銅鑼鄉,160,120.790853,24.489681,福興村文化街1號(銅鑼國小),2025-04,average_temperature,中央氣象署 CODiS / 現存測站清單,https://codis.cwa.gov.tw/ ; https://hdps.cwa.gov.tw/static/state.html,C0E780-2025.csv,氣溫,21.8,℃,21.8,℃,直接採用該測站 CODiS 2025 年月報表欄位「氣溫」作為系統測站層級資料；目前未進行鄉鎮推估。,完整
water,C0E780,銅鑼,署屬自動站,苗栗縣,銅鑼鄉,160,120.790853,24.489681,福興村文化街1號(銅鑼國小),2025-04,relative_humidity,中央氣象署 CODiS / 現存測站清單,https://codis.cwa.gov.tw/ ; https://hdps.cwa.gov.tw/static/state.html,C0E780-2025.csv,相對溼度,77,%,77,%,直接採用該測站 CODiS 2025 年月報表欄位「相對溼度」作為系統測站層級資料；目前未進行鄉鎮推估。,完整
water,C0E780,銅鑼,署屬自動站,苗栗縣,銅鑼鄉,160,120.790853,24.489681,福興村文化街1號(銅鑼國小),2025-05,rainfall,中央氣象署 CODiS / 現存測站清單,https://codis.cwa.gov.tw/ ; https://hdps.cwa.gov.tw/static/state.html,C0E780-2025.csv,降水量,288.5,mm,288.5,mm,直接採用該測站 CODiS 2025 年月報表欄位「降水量」作為系統測站層級資料；目前未進行鄉鎮推估。,完整
water,C0E780,銅鑼,署屬自動站,苗栗縣,銅鑼鄉,160,120.790853,24.489681,福興村文化街1號(銅鑼國小),2025-05,rainfall_days,中央氣象署 CODiS / 現存測站清單,https://codis.cwa.gov.tw/ ; https://hdps.cwa.gov.tw/static/state.html,C0E780-2025.csv,降水日數,11,day,11,day,直接採用該測站 CODiS 2025 年月報表欄位「降水日數」作為系統測站層級資料；目前未進行鄉鎮推估。,完整
water,C0E780,銅鑼,署屬自動站,苗栗縣,銅鑼鄉,160,120.790853,24.489681,福興村文化街1號(銅鑼國小),2025-05,max_daily_rainfall,中央氣象署 CODiS / 現存測站清單,https://codis.cwa.gov.tw/ ; https://hdps.cwa.gov.tw/static/state.html,C0E780-2025.csv,最大日降水量,72,mm,72,mm,直接採用該測站 CODiS 2025 年月報表欄位「最大日降水量」作為系統測站層級資料；目前未進行鄉鎮推估。,完整
water,C0E780,銅鑼,署屬自動站,苗栗縣,銅鑼鄉,160,120.790853,24.489681,福興村文化街1號(銅鑼國小),2025-05,average_temperature,中央氣象署 CODiS / 現存測站清單,https://codis.cwa.gov.tw/ ; https://hdps.cwa.gov.tw/static/state.html,C0E780-2025.csv,氣溫,25.2,℃,25.2,℃,直接採用該測站 CODiS 2025 年月報表欄位「氣溫」作為系統測站層級資料；目前未進行鄉鎮推估。,完整
water,C0E780,銅鑼,署屬自動站,苗栗縣,銅鑼鄉,160,120.790853,24.489681,福興村文化街1號(銅鑼國小),2025-05,relative_humidity,中央氣象署 CODiS / 現存測站清單,https://codis.cwa.gov.tw/ ; https://hdps.cwa.gov.tw/static/state.html,C0E780-2025.csv,相對溼度,79,%,79,%,直接採用該測站 CODiS 2025 年月報表欄位「相對溼度」作為系統測站層級資料；目前未進行鄉鎮推估。,完整
water,C0E780,銅鑼,署屬自動站,苗栗縣,銅鑼鄉,160,120.790853,24.489681,福興村文化街1號(銅鑼國小),2025-06,rainfall,中央氣象署 CODiS / 現存測站清單,https://codis.cwa.gov.tw/ ; https://hdps.cwa.gov.tw/static/state.html,C0E780-2025.csv,降水量,89,mm,89,mm,直接採用該測站 CODiS 2025 年月報表欄位「降水量」作為系統測站層級資料；目前未進行鄉鎮推估。,完整
water,C0E780,銅鑼,署屬自動站,苗栗縣,銅鑼鄉,160,120.790853,24.489681,福興村文化街1號(銅鑼國小),2025-06,rainfall_days,中央氣象署 CODiS / 現存測站清單,https://codis.cwa.gov.tw/ ; https://hdps.cwa.gov.tw/static/state.html,C0E780-2025.csv,降水日數,11,day,11,day,直接採用該測站 CODiS 2025 年月報表欄位「降水日數」作為系統測站層級資料；目前未進行鄉鎮推估。,完整
water,C0E780,銅鑼,署屬自動站,苗栗縣,銅鑼鄉,160,120.790853,24.489681,福興村文化街1號(銅鑼國小),2025-06,max_daily_rainfall,中央氣象署 CODiS / 現存測站清單,https://codis.cwa.gov.tw/ ; https://hdps.cwa.gov.tw/static/state.html,C0E780-2025.csv,最大日降水量,32.5,mm,32.5,mm,直接採用該測站 CODiS 2025 年月報表欄位「最大日降水量」作為系統測站層級資料；目前未進行鄉鎮推估。,完整
water,C0E780,銅鑼,署屬自動站,苗栗縣,銅鑼鄉,160,120.790853,24.489681,福興村文化街1號(銅鑼國小),2025-06,average_temperature,中央氣象署 CODiS / 現存測站清單,https://codis.cwa.gov.tw/ ; https://hdps.cwa.gov.tw/static/state.html,C0E780-2025.csv,氣溫,28,℃,28,℃,直接採用該測站 CODiS 2025 年月報表欄位「氣溫」作為系統測站層級資料；目前未進行鄉鎮推估。,完整
water,C0E780,銅鑼,署屬自動站,苗栗縣,銅鑼鄉,160,120.790853,24.489681,福興村文化街1號(銅鑼國小),2025-06,relative_humidity,中央氣象署 CODiS / 現存測站清單,https://codis.cwa.gov.tw/ ; https://hdps.cwa.gov.tw/static/state.html,C0E780-2025.csv,相對溼度,78,%,78,%,直接採用該測站 CODiS 2025 年月報表欄位「相對溼度」作為系統測站層級資料；目前未進行鄉鎮推估。,完整
water,C0E780,銅鑼,署屬自動站,苗栗縣,銅鑼鄉,160,120.790853,24.489681,福興村文化街1號(銅鑼國小),2025-07,rainfall,中央氣象署 CODiS / 現存測站清單,https://codis.cwa.gov.tw/ ; https://hdps.cwa.gov.tw/static/state.html,C0E780-2025.csv,降水量,507.5,mm,507.5,mm,直接採用該測站 CODiS 2025 年月報表欄位「降水量」作為系統測站層級資料；目前未進行鄉鎮推估。,完整
water,C0E780,銅鑼,署屬自動站,苗栗縣,銅鑼鄉,160,120.790853,24.489681,福興村文化街1號(銅鑼國小),2025-07,rainfall_days,中央氣象署 CODiS / 現存測站清單,https://codis.cwa.gov.tw/ ; https://hdps.cwa.gov.tw/static/state.html,C0E780-2025.csv,降水日數,18,day,18,day,直接採用該測站 CODiS 2025 年月報表欄位「降水日數」作為系統測站層級資料；目前未進行鄉鎮推估。,完整
water,C0E780,銅鑼,署屬自動站,苗栗縣,銅鑼鄉,160,120.790853,24.489681,福興村文化街1號(銅鑼國小),2025-07,max_daily_rainfall,中央氣象署 CODiS / 現存測站清單,https://codis.cwa.gov.tw/ ; https://hdps.cwa.gov.tw/static/state.html,C0E780-2025.csv,最大日降水量,151.5,mm,151.5,mm,直接採用該測站 CODiS 2025 年月報表欄位「最大日降水量」作為系統測站層級資料；目前未進行鄉鎮推估。,完整
water,C0E780,銅鑼,署屬自動站,苗栗縣,銅鑼鄉,160,120.790853,24.489681,福興村文化街1號(銅鑼國小),2025-07,average_temperature,中央氣象署 CODiS / 現存測站清單,https://codis.cwa.gov.tw/ ; https://hdps.cwa.gov.tw/static/state.html,C0E780-2025.csv,氣溫,27.9,℃,27.9,℃,直接採用該測站 CODiS 2025 年月報表欄位「氣溫」作為系統測站層級資料；目前未進行鄉鎮推估。,完整
water,C0E780,銅鑼,署屬自動站,苗栗縣,銅鑼鄉,160,120.790853,24.489681,福興村文化街1號(銅鑼國小),2025-07,relative_humidity,中央氣象署 CODiS / 現存測站清單,https://codis.cwa.gov.tw/ ; https://hdps.cwa.gov.tw/static/state.html,C0E780-2025.csv,相對溼度,82,%,82,%,直接採用該測站 CODiS 2025 年月報表欄位「相對溼度」作為系統測站層級資料；目前未進行鄉鎮推估。,完整
water,C0E780,銅鑼,署屬自動站,苗栗縣,銅鑼鄉,160,120.790853,24.489681,福興村文化街1號(銅鑼國小),2025-08,rainfall,中央氣象署 CODiS / 現存測站清單,https://codis.cwa.gov.tw/ ; https://hdps.cwa.gov.tw/static/state.html,C0E780-2025.csv,降水量,79.5,mm,79.5,mm,直接採用該測站 CODiS 2025 年月報表欄位「降水量」作為系統測站層級資料；目前未進行鄉鎮推估。,完整
water,C0E780,銅鑼,署屬自動站,苗栗縣,銅鑼鄉,160,120.790853,24.489681,福興村文化街1號(銅鑼國小),2025-08,rainfall_days,中央氣象署 CODiS / 現存測站清單,https://codis.cwa.gov.tw/ ; https://hdps.cwa.gov.tw/static/state.html,C0E780-2025.csv,降水日數,7,day,7,day,直接採用該測站 CODiS 2025 年月報表欄位「降水日數」作為系統測站層級資料；目前未進行鄉鎮推估。,完整
water,C0E780,銅鑼,署屬自動站,苗栗縣,銅鑼鄉,160,120.790853,24.489681,福興村文化街1號(銅鑼國小),2025-08,max_daily_rainfall,中央氣象署 CODiS / 現存測站清單,https://codis.cwa.gov.tw/ ; https://hdps.cwa.gov.tw/static/state.html,C0E780-2025.csv,最大日降水量,36,mm,36,mm,直接採用該測站 CODiS 2025 年月報表欄位「最大日降水量」作為系統測站層級資料；目前未進行鄉鎮推估。,完整
water,C0E780,銅鑼,署屬自動站,苗栗縣,銅鑼鄉,160,120.790853,24.489681,福興村文化街1號(銅鑼國小),2025-08,average_temperature,中央氣象署 CODiS / 現存測站清單,https://codis.cwa.gov.tw/ ; https://hdps.cwa.gov.tw/static/state.html,C0E780-2025.csv,氣溫,28.3,℃,28.3,℃,直接採用該測站 CODiS 2025 年月報表欄位「氣溫」作為系統測站層級資料；目前未進行鄉鎮推估。,完整
water,C0E780,銅鑼,署屬自動站,苗栗縣,銅鑼鄉,160,120.790853,24.489681,福興村文化街1號(銅鑼國小),2025-08,relative_humidity,中央氣象署 CODiS / 現存測站清單,https://codis.cwa.gov.tw/ ; https://hdps.cwa.gov.tw/static/state.html,C0E780-2025.csv,相對溼度,77,%,77,%,直接採用該測站 CODiS 2025 年月報表欄位「相對溼度」作為系統測站層級資料；目前未進行鄉鎮推估。,完整
water,C0E780,銅鑼,署屬自動站,苗栗縣,銅鑼鄉,160,120.790853,24.489681,福興村文化街1號(銅鑼國小),2025-09,rainfall,中央氣象署 CODiS / 現存測站清單,https://codis.cwa.gov.tw/ ; https://hdps.cwa.gov.tw/static/state.html,C0E780-2025.csv,降水量,115,mm,115,mm,直接採用該測站 CODiS 2025 年月報表欄位「降水量」作為系統測站層級資料；目前未進行鄉鎮推估。,完整
water,C0E780,銅鑼,署屬自動站,苗栗縣,銅鑼鄉,160,120.790853,24.489681,福興村文化街1號(銅鑼國小),2025-09,rainfall_days,中央氣象署 CODiS / 現存測站清單,https://codis.cwa.gov.tw/ ; https://hdps.cwa.gov.tw/static/state.html,C0E780-2025.csv,降水日數,10,day,10,day,直接採用該測站 CODiS 2025 年月報表欄位「降水日數」作為系統測站層級資料；目前未進行鄉鎮推估。,完整
water,C0E780,銅鑼,署屬自動站,苗栗縣,銅鑼鄉,160,120.790853,24.489681,福興村文化街1號(銅鑼國小),2025-09,max_daily_rainfall,中央氣象署 CODiS / 現存測站清單,https://codis.cwa.gov.tw/ ; https://hdps.cwa.gov.tw/static/state.html,C0E780-2025.csv,最大日降水量,61.5,mm,61.5,mm,直接採用該測站 CODiS 2025 年月報表欄位「最大日降水量」作為系統測站層級資料；目前未進行鄉鎮推估。,完整
water,C0E780,銅鑼,署屬自動站,苗栗縣,銅鑼鄉,160,120.790853,24.489681,福興村文化街1號(銅鑼國小),2025-09,average_temperature,中央氣象署 CODiS / 現存測站清單,https://codis.cwa.gov.tw/ ; https://hdps.cwa.gov.tw/static/state.html,C0E780-2025.csv,氣溫,28.2,℃,28.2,℃,直接採用該測站 CODiS 2025 年月報表欄位「氣溫」作為系統測站層級資料；目前未進行鄉鎮推估。,完整
water,C0E780,銅鑼,署屬自動站,苗栗縣,銅鑼鄉,160,120.790853,24.489681,福興村文化街1號(銅鑼國小),2025-09,relative_humidity,中央氣象署 CODiS / 現存測站清單,https://codis.cwa.gov.tw/ ; https://hdps.cwa.gov.tw/static/state.html,C0E780-2025.csv,相對溼度,80,%,80,%,直接採用該測站 CODiS 2025 年月報表欄位「相對溼度」作為系統測站層級資料；目前未進行鄉鎮推估。,完整
water,C0E780,銅鑼,署屬自動站,苗栗縣,銅鑼鄉,160,120.790853,24.489681,福興村文化街1號(銅鑼國小),2025-10,rainfall,中央氣象署 CODiS / 現存測站清單,https://codis.cwa.gov.tw/ ; https://hdps.cwa.gov.tw/static/state.html,C0E780-2025.csv,降水量,37,mm,37,mm,直接採用該測站 CODiS 2025 年月報表欄位「降水量」作為系統測站層級資料；目前未進行鄉鎮推估。,完整
water,C0E780,銅鑼,署屬自動站,苗栗縣,銅鑼鄉,160,120.790853,24.489681,福興村文化街1號(銅鑼國小),2025-10,rainfall_days,中央氣象署 CODiS / 現存測站清單,https://codis.cwa.gov.tw/ ; https://hdps.cwa.gov.tw/static/state.html,C0E780-2025.csv,降水日數,5,day,5,day,直接採用該測站 CODiS 2025 年月報表欄位「降水日數」作為系統測站層級資料；目前未進行鄉鎮推估。,完整
water,C0E780,銅鑼,署屬自動站,苗栗縣,銅鑼鄉,160,120.790853,24.489681,福興村文化街1號(銅鑼國小),2025-10,max_daily_rainfall,中央氣象署 CODiS / 現存測站清單,https://codis.cwa.gov.tw/ ; https://hdps.cwa.gov.tw/static/state.html,C0E780-2025.csv,最大日降水量,12,mm,12,mm,直接採用該測站 CODiS 2025 年月報表欄位「最大日降水量」作為系統測站層級資料；目前未進行鄉鎮推估。,完整
water,C0E780,銅鑼,署屬自動站,苗栗縣,銅鑼鄉,160,120.790853,24.489681,福興村文化街1號(銅鑼國小),2025-10,average_temperature,中央氣象署 CODiS / 現存測站清單,https://codis.cwa.gov.tw/ ; https://hdps.cwa.gov.tw/static/state.html,C0E780-2025.csv,氣溫,25.8,℃,25.8,℃,直接採用該測站 CODiS 2025 年月報表欄位「氣溫」作為系統測站層級資料；目前未進行鄉鎮推估。,完整
water,C0E780,銅鑼,署屬自動站,苗栗縣,銅鑼鄉,160,120.790853,24.489681,福興村文化街1號(銅鑼國小),2025-10,relative_humidity,中央氣象署 CODiS / 現存測站清單,https://codis.cwa.gov.tw/ ; https://hdps.cwa.gov.tw/static/state.html,C0E780-2025.csv,相對溼度,80,%,80,%,直接採用該測站 CODiS 2025 年月報表欄位「相對溼度」作為系統測站層級資料；目前未進行鄉鎮推估。,完整
water,C0E780,銅鑼,署屬自動站,苗栗縣,銅鑼鄉,160,120.790853,24.489681,福興村文化街1號(銅鑼國小),2025-11,rainfall,中央氣象署 CODiS / 現存測站清單,https://codis.cwa.gov.tw/ ; https://hdps.cwa.gov.tw/static/state.html,C0E780-2025.csv,降水量,21.5,mm,21.5,mm,直接採用該測站 CODiS 2025 年月報表欄位「降水量」作為系統測站層級資料；目前未進行鄉鎮推估。,完整
water,C0E780,銅鑼,署屬自動站,苗栗縣,銅鑼鄉,160,120.790853,24.489681,福興村文化街1號(銅鑼國小),2025-11,rainfall_days,中央氣象署 CODiS / 現存測站清單,https://codis.cwa.gov.tw/ ; https://hdps.cwa.gov.tw/static/state.html,C0E780-2025.csv,降水日數,2,day,2,day,直接採用該測站 CODiS 2025 年月報表欄位「降水日數」作為系統測站層級資料；目前未進行鄉鎮推估。,完整
water,C0E780,銅鑼,署屬自動站,苗栗縣,銅鑼鄉,160,120.790853,24.489681,福興村文化街1號(銅鑼國小),2025-11,max_daily_rainfall,中央氣象署 CODiS / 現存測站清單,https://codis.cwa.gov.tw/ ; https://hdps.cwa.gov.tw/static/state.html,C0E780-2025.csv,最大日降水量,15.5,mm,15.5,mm,直接採用該測站 CODiS 2025 年月報表欄位「最大日降水量」作為系統測站層級資料；目前未進行鄉鎮推估。,完整
water,C0E780,銅鑼,署屬自動站,苗栗縣,銅鑼鄉,160,120.790853,24.489681,福興村文化街1號(銅鑼國小),2025-11,average_temperature,中央氣象署 CODiS / 現存測站清單,https://codis.cwa.gov.tw/ ; https://hdps.cwa.gov.tw/static/state.html,C0E780-2025.csv,氣溫,20.9,℃,20.9,℃,直接採用該測站 CODiS 2025 年月報表欄位「氣溫」作為系統測站層級資料；目前未進行鄉鎮推估。,完整
water,C0E780,銅鑼,署屬自動站,苗栗縣,銅鑼鄉,160,120.790853,24.489681,福興村文化街1號(銅鑼國小),2025-11,relative_humidity,中央氣象署 CODiS / 現存測站清單,https://codis.cwa.gov.tw/ ; https://hdps.cwa.gov.tw/static/state.html,C0E780-2025.csv,相對溼度,80,%,80,%,直接採用該測站 CODiS 2025 年月報表欄位「相對溼度」作為系統測站層級資料；目前未進行鄉鎮推估。,完整
water,C0E780,銅鑼,署屬自動站,苗栗縣,銅鑼鄉,160,120.790853,24.489681,福興村文化街1號(銅鑼國小),2025-12,rainfall,中央氣象署 CODiS / 現存測站清單,https://codis.cwa.gov.tw/ ; https://hdps.cwa.gov.tw/static/state.html,C0E780-2025.csv,降水量,3.5,mm,3.5,mm,直接採用該測站 CODiS 2025 年月報表欄位「降水量」作為系統測站層級資料；目前未進行鄉鎮推估。,完整
water,C0E780,銅鑼,署屬自動站,苗栗縣,銅鑼鄉,160,120.790853,24.489681,福興村文化街1號(銅鑼國小),2025-12,rainfall_days,中央氣象署 CODiS / 現存測站清單,https://codis.cwa.gov.tw/ ; https://hdps.cwa.gov.tw/static/state.html,C0E780-2025.csv,降水日數,3,day,3,day,直接採用該測站 CODiS 2025 年月報表欄位「降水日數」作為系統測站層級資料；目前未進行鄉鎮推估。,完整
water,C0E780,銅鑼,署屬自動站,苗栗縣,銅鑼鄉,160,120.790853,24.489681,福興村文化街1號(銅鑼國小),2025-12,max_daily_rainfall,中央氣象署 CODiS / 現存測站清單,https://codis.cwa.gov.tw/ ; https://hdps.cwa.gov.tw/static/state.html,C0E780-2025.csv,最大日降水量,2.5,mm,2.5,mm,直接採用該測站 CODiS 2025 年月報表欄位「最大日降水量」作為系統測站層級資料；目前未進行鄉鎮推估。,完整
water,C0E780,銅鑼,署屬自動站,苗栗縣,銅鑼鄉,160,120.790853,24.489681,福興村文化街1號(銅鑼國小),2025-12,average_temperature,中央氣象署 CODiS / 現存測站清單,https://codis.cwa.gov.tw/ ; https://hdps.cwa.gov.tw/static/state.html,C0E780-2025.csv,氣溫,19.1,℃,19.1,℃,直接採用該測站 CODiS 2025 年月報表欄位「氣溫」作為系統測站層級資料；目前未進行鄉鎮推估。,完整
water,C0E780,銅鑼,署屬自動站,苗栗縣,銅鑼鄉,160,120.790853,24.489681,福興村文化街1號(銅鑼國小),2025-12,relative_humidity,中央氣象署 CODiS / 現存測站清單,https://codis.cwa.gov.tw/ ; https://hdps.cwa.gov.tw/static/state.html,C0E780-2025.csv,相對溼度,81,%,81,%,直接採用該測站 CODiS 2025 年月報表欄位「相對溼度」作為系統測站層級資料；目前未進行鄉鎮推估。,完整
water,C0E791,卓蘭,署屬自動站,苗栗縣,卓蘭鎮,366,120.8244,24.3126,中山路125-1號(卓蘭鎮圖書館樓頂),2025-01,rainfall,中央氣象署 CODiS / 現存測站清單,https://codis.cwa.gov.tw/ ; https://hdps.cwa.gov.tw/static/state.html,C0E791-2025.csv,降水量,29.5,mm,29.5,mm,直接採用該測站 CODiS 2025 年月報表欄位「降水量」作為系統測站層級資料；目前未進行鄉鎮推估。,完整
water,C0E791,卓蘭,署屬自動站,苗栗縣,卓蘭鎮,366,120.8244,24.3126,中山路125-1號(卓蘭鎮圖書館樓頂),2025-01,rainfall_days,中央氣象署 CODiS / 現存測站清單,https://codis.cwa.gov.tw/ ; https://hdps.cwa.gov.tw/static/state.html,C0E791-2025.csv,降水日數,8,day,8,day,直接採用該測站 CODiS 2025 年月報表欄位「降水日數」作為系統測站層級資料；目前未進行鄉鎮推估。,完整
water,C0E791,卓蘭,署屬自動站,苗栗縣,卓蘭鎮,366,120.8244,24.3126,中山路125-1號(卓蘭鎮圖書館樓頂),2025-01,max_daily_rainfall,中央氣象署 CODiS / 現存測站清單,https://codis.cwa.gov.tw/ ; https://hdps.cwa.gov.tw/static/state.html,C0E791-2025.csv,最大日降水量,9.5,mm,9.5,mm,直接採用該測站 CODiS 2025 年月報表欄位「最大日降水量」作為系統測站層級資料；目前未進行鄉鎮推估。,完整
water,C0E791,卓蘭,署屬自動站,苗栗縣,卓蘭鎮,366,120.8244,24.3126,中山路125-1號(卓蘭鎮圖書館樓頂),2025-01,average_temperature,中央氣象署 CODiS / 現存測站清單,https://codis.cwa.gov.tw/ ; https://hdps.cwa.gov.tw/static/state.html,C0E791-2025.csv,氣溫,14.6,℃,14.6,℃,直接採用該測站 CODiS 2025 年月報表欄位「氣溫」作為系統測站層級資料；目前未進行鄉鎮推估。,完整
water,C0E791,卓蘭,署屬自動站,苗栗縣,卓蘭鎮,366,120.8244,24.3126,中山路125-1號(卓蘭鎮圖書館樓頂),2025-01,relative_humidity,中央氣象署 CODiS / 現存測站清單,https://codis.cwa.gov.tw/ ; https://hdps.cwa.gov.tw/static/state.html,C0E791-2025.csv,相對溼度,75,%,75,%,直接採用該測站 CODiS 2025 年月報表欄位「相對溼度」作為系統測站層級資料；目前未進行鄉鎮推估。,完整
water,C0E791,卓蘭,署屬自動站,苗栗縣,卓蘭鎮,366,120.8244,24.3126,中山路125-1號(卓蘭鎮圖書館樓頂),2025-02,rainfall,中央氣象署 CODiS / 現存測站清單,https://codis.cwa.gov.tw/ ; https://hdps.cwa.gov.tw/static/state.html,C0E791-2025.csv,降水量,70,mm,70,mm,直接採用該測站 CODiS 2025 年月報表欄位「降水量」作為系統測站層級資料；目前未進行鄉鎮推估。,完整
water,C0E791,卓蘭,署屬自動站,苗栗縣,卓蘭鎮,366,120.8244,24.3126,中山路125-1號(卓蘭鎮圖書館樓頂),2025-02,rainfall_days,中央氣象署 CODiS / 現存測站清單,https://codis.cwa.gov.tw/ ; https://hdps.cwa.gov.tw/static/state.html,C0E791-2025.csv,降水日數,7,day,7,day,直接採用該測站 CODiS 2025 年月報表欄位「降水日數」作為系統測站層級資料；目前未進行鄉鎮推估。,完整
water,C0E791,卓蘭,署屬自動站,苗栗縣,卓蘭鎮,366,120.8244,24.3126,中山路125-1號(卓蘭鎮圖書館樓頂),2025-02,max_daily_rainfall,中央氣象署 CODiS / 現存測站清單,https://codis.cwa.gov.tw/ ; https://hdps.cwa.gov.tw/static/state.html,C0E791-2025.csv,最大日降水量,38.5,mm,38.5,mm,直接採用該測站 CODiS 2025 年月報表欄位「最大日降水量」作為系統測站層級資料；目前未進行鄉鎮推估。,完整
water,C0E791,卓蘭,署屬自動站,苗栗縣,卓蘭鎮,366,120.8244,24.3126,中山路125-1號(卓蘭鎮圖書館樓頂),2025-02,average_temperature,中央氣象署 CODiS / 現存測站清單,https://codis.cwa.gov.tw/ ; https://hdps.cwa.gov.tw/static/state.html,C0E791-2025.csv,氣溫,15.6,℃,15.6,℃,直接採用該測站 CODiS 2025 年月報表欄位「氣溫」作為系統測站層級資料；目前未進行鄉鎮推估。,完整
water,C0E791,卓蘭,署屬自動站,苗栗縣,卓蘭鎮,366,120.8244,24.3126,中山路125-1號(卓蘭鎮圖書館樓頂),2025-02,relative_humidity,中央氣象署 CODiS / 現存測站清單,https://codis.cwa.gov.tw/ ; https://hdps.cwa.gov.tw/static/state.html,C0E791-2025.csv,相對溼度,82,%,82,%,直接採用該測站 CODiS 2025 年月報表欄位「相對溼度」作為系統測站層級資料；目前未進行鄉鎮推估。,完整
water,C0E791,卓蘭,署屬自動站,苗栗縣,卓蘭鎮,366,120.8244,24.3126,中山路125-1號(卓蘭鎮圖書館樓頂),2025-03,rainfall,中央氣象署 CODiS / 現存測站清單,https://codis.cwa.gov.tw/ ; https://hdps.cwa.gov.tw/static/state.html,C0E791-2025.csv,降水量,180.5,mm,180.5,mm,直接採用該測站 CODiS 2025 年月報表欄位「降水量」作為系統測站層級資料；目前未進行鄉鎮推估。,完整
water,C0E791,卓蘭,署屬自動站,苗栗縣,卓蘭鎮,366,120.8244,24.3126,中山路125-1號(卓蘭鎮圖書館樓頂),2025-03,rainfall_days,中央氣象署 CODiS / 現存測站清單,https://codis.cwa.gov.tw/ ; https://hdps.cwa.gov.tw/static/state.html,C0E791-2025.csv,降水日數,10,day,10,day,直接採用該測站 CODiS 2025 年月報表欄位「降水日數」作為系統測站層級資料；目前未進行鄉鎮推估。,完整
water,C0E791,卓蘭,署屬自動站,苗栗縣,卓蘭鎮,366,120.8244,24.3126,中山路125-1號(卓蘭鎮圖書館樓頂),2025-03,max_daily_rainfall,中央氣象署 CODiS / 現存測站清單,https://codis.cwa.gov.tw/ ; https://hdps.cwa.gov.tw/static/state.html,C0E791-2025.csv,最大日降水量,47,mm,47,mm,直接採用該測站 CODiS 2025 年月報表欄位「最大日降水量」作為系統測站層級資料；目前未進行鄉鎮推估。,完整
water,C0E791,卓蘭,署屬自動站,苗栗縣,卓蘭鎮,366,120.8244,24.3126,中山路125-1號(卓蘭鎮圖書館樓頂),2025-03,average_temperature,中央氣象署 CODiS / 現存測站清單,https://codis.cwa.gov.tw/ ; https://hdps.cwa.gov.tw/static/state.html,C0E791-2025.csv,氣溫,18.2,℃,18.2,℃,直接採用該測站 CODiS 2025 年月報表欄位「氣溫」作為系統測站層級資料；目前未進行鄉鎮推估。,完整
water,C0E791,卓蘭,署屬自動站,苗栗縣,卓蘭鎮,366,120.8244,24.3126,中山路125-1號(卓蘭鎮圖書館樓頂),2025-03,relative_humidity,中央氣象署 CODiS / 現存測站清單,https://codis.cwa.gov.tw/ ; https://hdps.cwa.gov.tw/static/state.html,C0E791-2025.csv,相對溼度,79,%,79,%,直接採用該測站 CODiS 2025 年月報表欄位「相對溼度」作為系統測站層級資料；目前未進行鄉鎮推估。,完整
water,C0E791,卓蘭,署屬自動站,苗栗縣,卓蘭鎮,366,120.8244,24.3126,中山路125-1號(卓蘭鎮圖書館樓頂),2025-04,rainfall,中央氣象署 CODiS / 現存測站清單,https://codis.cwa.gov.tw/ ; https://hdps.cwa.gov.tw/static/state.html,C0E791-2025.csv,降水量,107.5,mm,107.5,mm,直接採用該測站 CODiS 2025 年月報表欄位「降水量」作為系統測站層級資料；目前未進行鄉鎮推估。,完整
water,C0E791,卓蘭,署屬自動站,苗栗縣,卓蘭鎮,366,120.8244,24.3126,中山路125-1號(卓蘭鎮圖書館樓頂),2025-04,rainfall_days,中央氣象署 CODiS / 現存測站清單,https://codis.cwa.gov.tw/ ; https://hdps.cwa.gov.tw/static/state.html,C0E791-2025.csv,降水日數,11,day,11,day,直接採用該測站 CODiS 2025 年月報表欄位「降水日數」作為系統測站層級資料；目前未進行鄉鎮推估。,完整
water,C0E791,卓蘭,署屬自動站,苗栗縣,卓蘭鎮,366,120.8244,24.3126,中山路125-1號(卓蘭鎮圖書館樓頂),2025-04,max_daily_rainfall,中央氣象署 CODiS / 現存測站清單,https://codis.cwa.gov.tw/ ; https://hdps.cwa.gov.tw/static/state.html,C0E791-2025.csv,最大日降水量,49.5,mm,49.5,mm,直接採用該測站 CODiS 2025 年月報表欄位「最大日降水量」作為系統測站層級資料；目前未進行鄉鎮推估。,完整
water,C0E791,卓蘭,署屬自動站,苗栗縣,卓蘭鎮,366,120.8244,24.3126,中山路125-1號(卓蘭鎮圖書館樓頂),2025-04,average_temperature,中央氣象署 CODiS / 現存測站清單,https://codis.cwa.gov.tw/ ; https://hdps.cwa.gov.tw/static/state.html,C0E791-2025.csv,氣溫,22.2,℃,22.2,℃,直接採用該測站 CODiS 2025 年月報表欄位「氣溫」作為系統測站層級資料；目前未進行鄉鎮推估。,完整
water,C0E791,卓蘭,署屬自動站,苗栗縣,卓蘭鎮,366,120.8244,24.3126,中山路125-1號(卓蘭鎮圖書館樓頂),2025-04,relative_humidity,中央氣象署 CODiS / 現存測站清單,https://codis.cwa.gov.tw/ ; https://hdps.cwa.gov.tw/static/state.html,C0E791-2025.csv,相對溼度,78,%,78,%,直接採用該測站 CODiS 2025 年月報表欄位「相對溼度」作為系統測站層級資料；目前未進行鄉鎮推估。,完整
water,C0E791,卓蘭,署屬自動站,苗栗縣,卓蘭鎮,366,120.8244,24.3126,中山路125-1號(卓蘭鎮圖書館樓頂),2025-05,rainfall,中央氣象署 CODiS / 現存測站清單,https://codis.cwa.gov.tw/ ; https://hdps.cwa.gov.tw/static/state.html,C0E791-2025.csv,降水量,267.5,mm,267.5,mm,直接採用該測站 CODiS 2025 年月報表欄位「降水量」作為系統測站層級資料；目前未進行鄉鎮推估。,完整
water,C0E791,卓蘭,署屬自動站,苗栗縣,卓蘭鎮,366,120.8244,24.3126,中山路125-1號(卓蘭鎮圖書館樓頂),2025-05,rainfall_days,中央氣象署 CODiS / 現存測站清單,https://codis.cwa.gov.tw/ ; https://hdps.cwa.gov.tw/static/state.html,C0E791-2025.csv,降水日數,11,day,11,day,直接採用該測站 CODiS 2025 年月報表欄位「降水日數」作為系統測站層級資料；目前未進行鄉鎮推估。,完整
water,C0E791,卓蘭,署屬自動站,苗栗縣,卓蘭鎮,366,120.8244,24.3126,中山路125-1號(卓蘭鎮圖書館樓頂),2025-05,max_daily_rainfall,中央氣象署 CODiS / 現存測站清單,https://codis.cwa.gov.tw/ ; https://hdps.cwa.gov.tw/static/state.html,C0E791-2025.csv,最大日降水量,76,mm,76,mm,直接採用該測站 CODiS 2025 年月報表欄位「最大日降水量」作為系統測站層級資料；目前未進行鄉鎮推估。,完整
water,C0E791,卓蘭,署屬自動站,苗栗縣,卓蘭鎮,366,120.8244,24.3126,中山路125-1號(卓蘭鎮圖書館樓頂),2025-05,average_temperature,中央氣象署 CODiS / 現存測站清單,https://codis.cwa.gov.tw/ ; https://hdps.cwa.gov.tw/static/state.html,C0E791-2025.csv,氣溫,25.6,℃,25.6,℃,直接採用該測站 CODiS 2025 年月報表欄位「氣溫」作為系統測站層級資料；目前未進行鄉鎮推估。,完整
water,C0E791,卓蘭,署屬自動站,苗栗縣,卓蘭鎮,366,120.8244,24.3126,中山路125-1號(卓蘭鎮圖書館樓頂),2025-05,relative_humidity,中央氣象署 CODiS / 現存測站清單,https://codis.cwa.gov.tw/ ; https://hdps.cwa.gov.tw/static/state.html,C0E791-2025.csv,相對溼度,80,%,80,%,直接採用該測站 CODiS 2025 年月報表欄位「相對溼度」作為系統測站層級資料；目前未進行鄉鎮推估。,完整
water,C0E791,卓蘭,署屬自動站,苗栗縣,卓蘭鎮,366,120.8244,24.3126,中山路125-1號(卓蘭鎮圖書館樓頂),2025-06,rainfall,中央氣象署 CODiS / 現存測站清單,https://codis.cwa.gov.tw/ ; https://hdps.cwa.gov.tw/static/state.html,C0E791-2025.csv,降水量,287,mm,287,mm,直接採用該測站 CODiS 2025 年月報表欄位「降水量」作為系統測站層級資料；目前未進行鄉鎮推估。,完整
water,C0E791,卓蘭,署屬自動站,苗栗縣,卓蘭鎮,366,120.8244,24.3126,中山路125-1號(卓蘭鎮圖書館樓頂),2025-06,rainfall_days,中央氣象署 CODiS / 現存測站清單,https://codis.cwa.gov.tw/ ; https://hdps.cwa.gov.tw/static/state.html,C0E791-2025.csv,降水日數,15,day,15,day,直接採用該測站 CODiS 2025 年月報表欄位「降水日數」作為系統測站層級資料；目前未進行鄉鎮推估。,完整
water,C0E791,卓蘭,署屬自動站,苗栗縣,卓蘭鎮,366,120.8244,24.3126,中山路125-1號(卓蘭鎮圖書館樓頂),2025-06,max_daily_rainfall,中央氣象署 CODiS / 現存測站清單,https://codis.cwa.gov.tw/ ; https://hdps.cwa.gov.tw/static/state.html,C0E791-2025.csv,最大日降水量,61,mm,61,mm,直接採用該測站 CODiS 2025 年月報表欄位「最大日降水量」作為系統測站層級資料；目前未進行鄉鎮推估。,完整
water,C0E791,卓蘭,署屬自動站,苗栗縣,卓蘭鎮,366,120.8244,24.3126,中山路125-1號(卓蘭鎮圖書館樓頂),2025-06,average_temperature,中央氣象署 CODiS / 現存測站清單,https://codis.cwa.gov.tw/ ; https://hdps.cwa.gov.tw/static/state.html,C0E791-2025.csv,氣溫,27.8,℃,27.8,℃,直接採用該測站 CODiS 2025 年月報表欄位「氣溫」作為系統測站層級資料；目前未進行鄉鎮推估。,完整
water,C0E791,卓蘭,署屬自動站,苗栗縣,卓蘭鎮,366,120.8244,24.3126,中山路125-1號(卓蘭鎮圖書館樓頂),2025-06,relative_humidity,中央氣象署 CODiS / 現存測站清單,https://codis.cwa.gov.tw/ ; https://hdps.cwa.gov.tw/static/state.html,C0E791-2025.csv,相對溼度,80,%,80,%,直接採用該測站 CODiS 2025 年月報表欄位「相對溼度」作為系統測站層級資料；目前未進行鄉鎮推估。,完整
water,C0E791,卓蘭,署屬自動站,苗栗縣,卓蘭鎮,366,120.8244,24.3126,中山路125-1號(卓蘭鎮圖書館樓頂),2025-07,rainfall,中央氣象署 CODiS / 現存測站清單,https://codis.cwa.gov.tw/ ; https://hdps.cwa.gov.tw/static/state.html,C0E791-2025.csv,降水量,914,mm,914,mm,直接採用該測站 CODiS 2025 年月報表欄位「降水量」作為系統測站層級資料；目前未進行鄉鎮推估。,完整
water,C0E791,卓蘭,署屬自動站,苗栗縣,卓蘭鎮,366,120.8244,24.3126,中山路125-1號(卓蘭鎮圖書館樓頂),2025-07,rainfall_days,中央氣象署 CODiS / 現存測站清單,https://codis.cwa.gov.tw/ ; https://hdps.cwa.gov.tw/static/state.html,C0E791-2025.csv,降水日數,23,day,23,day,直接採用該測站 CODiS 2025 年月報表欄位「降水日數」作為系統測站層級資料；目前未進行鄉鎮推估。,完整
water,C0E791,卓蘭,署屬自動站,苗栗縣,卓蘭鎮,366,120.8244,24.3126,中山路125-1號(卓蘭鎮圖書館樓頂),2025-07,max_daily_rainfall,中央氣象署 CODiS / 現存測站清單,https://codis.cwa.gov.tw/ ; https://hdps.cwa.gov.tw/static/state.html,C0E791-2025.csv,最大日降水量,170.5,mm,170.5,mm,直接採用該測站 CODiS 2025 年月報表欄位「最大日降水量」作為系統測站層級資料；目前未進行鄉鎮推估。,完整
water,C0E791,卓蘭,署屬自動站,苗栗縣,卓蘭鎮,366,120.8244,24.3126,中山路125-1號(卓蘭鎮圖書館樓頂),2025-07,average_temperature,中央氣象署 CODiS / 現存測站清單,https://codis.cwa.gov.tw/ ; https://hdps.cwa.gov.tw/static/state.html,C0E791-2025.csv,氣溫,27.6,℃,27.6,℃,直接採用該測站 CODiS 2025 年月報表欄位「氣溫」作為系統測站層級資料；目前未進行鄉鎮推估。,完整
water,C0E791,卓蘭,署屬自動站,苗栗縣,卓蘭鎮,366,120.8244,24.3126,中山路125-1號(卓蘭鎮圖書館樓頂),2025-07,relative_humidity,中央氣象署 CODiS / 現存測站清單,https://codis.cwa.gov.tw/ ; https://hdps.cwa.gov.tw/static/state.html,C0E791-2025.csv,相對溼度,83,%,83,%,直接採用該測站 CODiS 2025 年月報表欄位「相對溼度」作為系統測站層級資料；目前未進行鄉鎮推估。,完整
water,C0E791,卓蘭,署屬自動站,苗栗縣,卓蘭鎮,366,120.8244,24.3126,中山路125-1號(卓蘭鎮圖書館樓頂),2025-08,rainfall,中央氣象署 CODiS / 現存測站清單,https://codis.cwa.gov.tw/ ; https://hdps.cwa.gov.tw/static/state.html,C0E791-2025.csv,降水量,306.5,mm,306.5,mm,直接採用該測站 CODiS 2025 年月報表欄位「降水量」作為系統測站層級資料；目前未進行鄉鎮推估。,完整
water,C0E791,卓蘭,署屬自動站,苗栗縣,卓蘭鎮,366,120.8244,24.3126,中山路125-1號(卓蘭鎮圖書館樓頂),2025-08,rainfall_days,中央氣象署 CODiS / 現存測站清單,https://codis.cwa.gov.tw/ ; https://hdps.cwa.gov.tw/static/state.html,C0E791-2025.csv,降水日數,11,day,11,day,直接採用該測站 CODiS 2025 年月報表欄位「降水日數」作為系統測站層級資料；目前未進行鄉鎮推估。,完整
water,C0E791,卓蘭,署屬自動站,苗栗縣,卓蘭鎮,366,120.8244,24.3126,中山路125-1號(卓蘭鎮圖書館樓頂),2025-08,max_daily_rainfall,中央氣象署 CODiS / 現存測站清單,https://codis.cwa.gov.tw/ ; https://hdps.cwa.gov.tw/static/state.html,C0E791-2025.csv,最大日降水量,80,mm,80,mm,直接採用該測站 CODiS 2025 年月報表欄位「最大日降水量」作為系統測站層級資料；目前未進行鄉鎮推估。,完整
water,C0E791,卓蘭,署屬自動站,苗栗縣,卓蘭鎮,366,120.8244,24.3126,中山路125-1號(卓蘭鎮圖書館樓頂),2025-08,average_temperature,中央氣象署 CODiS / 現存測站清單,https://codis.cwa.gov.tw/ ; https://hdps.cwa.gov.tw/static/state.html,C0E791-2025.csv,氣溫,27.5,℃,27.5,℃,直接採用該測站 CODiS 2025 年月報表欄位「氣溫」作為系統測站層級資料；目前未進行鄉鎮推估。,完整
water,C0E791,卓蘭,署屬自動站,苗栗縣,卓蘭鎮,366,120.8244,24.3126,中山路125-1號(卓蘭鎮圖書館樓頂),2025-08,relative_humidity,中央氣象署 CODiS / 現存測站清單,https://codis.cwa.gov.tw/ ; https://hdps.cwa.gov.tw/static/state.html,C0E791-2025.csv,相對溼度,79,%,79,%,直接採用該測站 CODiS 2025 年月報表欄位「相對溼度」作為系統測站層級資料；目前未進行鄉鎮推估。,完整
water,C0E791,卓蘭,署屬自動站,苗栗縣,卓蘭鎮,366,120.8244,24.3126,中山路125-1號(卓蘭鎮圖書館樓頂),2025-09,rainfall,中央氣象署 CODiS / 現存測站清單,https://codis.cwa.gov.tw/ ; https://hdps.cwa.gov.tw/static/state.html,C0E791-2025.csv,降水量,250,mm,250,mm,直接採用該測站 CODiS 2025 年月報表欄位「降水量」作為系統測站層級資料；目前未進行鄉鎮推估。,完整
water,C0E791,卓蘭,署屬自動站,苗栗縣,卓蘭鎮,366,120.8244,24.3126,中山路125-1號(卓蘭鎮圖書館樓頂),2025-09,rainfall_days,中央氣象署 CODiS / 現存測站清單,https://codis.cwa.gov.tw/ ; https://hdps.cwa.gov.tw/static/state.html,C0E791-2025.csv,降水日數,9,day,9,day,直接採用該測站 CODiS 2025 年月報表欄位「降水日數」作為系統測站層級資料；目前未進行鄉鎮推估。,完整
water,C0E791,卓蘭,署屬自動站,苗栗縣,卓蘭鎮,366,120.8244,24.3126,中山路125-1號(卓蘭鎮圖書館樓頂),2025-09,max_daily_rainfall,中央氣象署 CODiS / 現存測站清單,https://codis.cwa.gov.tw/ ; https://hdps.cwa.gov.tw/static/state.html,C0E791-2025.csv,最大日降水量,130,mm,130,mm,直接採用該測站 CODiS 2025 年月報表欄位「最大日降水量」作為系統測站層級資料；目前未進行鄉鎮推估。,完整
water,C0E791,卓蘭,署屬自動站,苗栗縣,卓蘭鎮,366,120.8244,24.3126,中山路125-1號(卓蘭鎮圖書館樓頂),2025-09,average_temperature,中央氣象署 CODiS / 現存測站清單,https://codis.cwa.gov.tw/ ; https://hdps.cwa.gov.tw/static/state.html,C0E791-2025.csv,氣溫,27,℃,27,℃,直接採用該測站 CODiS 2025 年月報表欄位「氣溫」作為系統測站層級資料；目前未進行鄉鎮推估。,完整
water,C0E791,卓蘭,署屬自動站,苗栗縣,卓蘭鎮,366,120.8244,24.3126,中山路125-1號(卓蘭鎮圖書館樓頂),2025-09,relative_humidity,中央氣象署 CODiS / 現存測站清單,https://codis.cwa.gov.tw/ ; https://hdps.cwa.gov.tw/static/state.html,C0E791-2025.csv,相對溼度,82,%,82,%,直接採用該測站 CODiS 2025 年月報表欄位「相對溼度」作為系統測站層級資料；目前未進行鄉鎮推估。,完整
water,C0E791,卓蘭,署屬自動站,苗栗縣,卓蘭鎮,366,120.8244,24.3126,中山路125-1號(卓蘭鎮圖書館樓頂),2025-10,rainfall,中央氣象署 CODiS / 現存測站清單,https://codis.cwa.gov.tw/ ; https://hdps.cwa.gov.tw/static/state.html,C0E791-2025.csv,降水量,22,mm,22,mm,直接採用該測站 CODiS 2025 年月報表欄位「降水量」作為系統測站層級資料；目前未進行鄉鎮推估。,完整
water,C0E791,卓蘭,署屬自動站,苗栗縣,卓蘭鎮,366,120.8244,24.3126,中山路125-1號(卓蘭鎮圖書館樓頂),2025-10,rainfall_days,中央氣象署 CODiS / 現存測站清單,https://codis.cwa.gov.tw/ ; https://hdps.cwa.gov.tw/static/state.html,C0E791-2025.csv,降水日數,3,day,3,day,直接採用該測站 CODiS 2025 年月報表欄位「降水日數」作為系統測站層級資料；目前未進行鄉鎮推估。,完整
water,C0E791,卓蘭,署屬自動站,苗栗縣,卓蘭鎮,366,120.8244,24.3126,中山路125-1號(卓蘭鎮圖書館樓頂),2025-10,max_daily_rainfall,中央氣象署 CODiS / 現存測站清單,https://codis.cwa.gov.tw/ ; https://hdps.cwa.gov.tw/static/state.html,C0E791-2025.csv,最大日降水量,13,mm,13,mm,直接採用該測站 CODiS 2025 年月報表欄位「最大日降水量」作為系統測站層級資料；目前未進行鄉鎮推估。,完整
water,C0E791,卓蘭,署屬自動站,苗栗縣,卓蘭鎮,366,120.8244,24.3126,中山路125-1號(卓蘭鎮圖書館樓頂),2025-10,average_temperature,中央氣象署 CODiS / 現存測站清單,https://codis.cwa.gov.tw/ ; https://hdps.cwa.gov.tw/static/state.html,C0E791-2025.csv,氣溫,25.8,℃,25.8,℃,直接採用該測站 CODiS 2025 年月報表欄位「氣溫」作為系統測站層級資料；目前未進行鄉鎮推估。,完整
water,C0E791,卓蘭,署屬自動站,苗栗縣,卓蘭鎮,366,120.8244,24.3126,中山路125-1號(卓蘭鎮圖書館樓頂),2025-10,relative_humidity,中央氣象署 CODiS / 現存測站清單,https://codis.cwa.gov.tw/ ; https://hdps.cwa.gov.tw/static/state.html,C0E791-2025.csv,相對溼度,79,%,79,%,直接採用該測站 CODiS 2025 年月報表欄位「相對溼度」作為系統測站層級資料；目前未進行鄉鎮推估。,完整
water,C0E791,卓蘭,署屬自動站,苗栗縣,卓蘭鎮,366,120.8244,24.3126,中山路125-1號(卓蘭鎮圖書館樓頂),2025-11,rainfall,中央氣象署 CODiS / 現存測站清單,https://codis.cwa.gov.tw/ ; https://hdps.cwa.gov.tw/static/state.html,C0E791-2025.csv,降水量,6,mm,6,mm,直接採用該測站 CODiS 2025 年月報表欄位「降水量」作為系統測站層級資料；目前未進行鄉鎮推估。,完整
water,C0E791,卓蘭,署屬自動站,苗栗縣,卓蘭鎮,366,120.8244,24.3126,中山路125-1號(卓蘭鎮圖書館樓頂),2025-11,rainfall_days,中央氣象署 CODiS / 現存測站清單,https://codis.cwa.gov.tw/ ; https://hdps.cwa.gov.tw/static/state.html,C0E791-2025.csv,降水日數,5,day,5,day,直接採用該測站 CODiS 2025 年月報表欄位「降水日數」作為系統測站層級資料；目前未進行鄉鎮推估。,完整
water,C0E791,卓蘭,署屬自動站,苗栗縣,卓蘭鎮,366,120.8244,24.3126,中山路125-1號(卓蘭鎮圖書館樓頂),2025-11,max_daily_rainfall,中央氣象署 CODiS / 現存測站清單,https://codis.cwa.gov.tw/ ; https://hdps.cwa.gov.tw/static/state.html,C0E791-2025.csv,最大日降水量,2.5,mm,2.5,mm,直接採用該測站 CODiS 2025 年月報表欄位「最大日降水量」作為系統測站層級資料；目前未進行鄉鎮推估。,完整
water,C0E791,卓蘭,署屬自動站,苗栗縣,卓蘭鎮,366,120.8244,24.3126,中山路125-1號(卓蘭鎮圖書館樓頂),2025-11,average_temperature,中央氣象署 CODiS / 現存測站清單,https://codis.cwa.gov.tw/ ; https://hdps.cwa.gov.tw/static/state.html,C0E791-2025.csv,氣溫,21.3,℃,21.3,℃,直接採用該測站 CODiS 2025 年月報表欄位「氣溫」作為系統測站層級資料；目前未進行鄉鎮推估。,完整
water,C0E791,卓蘭,署屬自動站,苗栗縣,卓蘭鎮,366,120.8244,24.3126,中山路125-1號(卓蘭鎮圖書館樓頂),2025-11,relative_humidity,中央氣象署 CODiS / 現存測站清單,https://codis.cwa.gov.tw/ ; https://hdps.cwa.gov.tw/static/state.html,C0E791-2025.csv,相對溼度,79,%,79,%,直接採用該測站 CODiS 2025 年月報表欄位「相對溼度」作為系統測站層級資料；目前未進行鄉鎮推估。,完整
water,C0E791,卓蘭,署屬自動站,苗栗縣,卓蘭鎮,366,120.8244,24.3126,中山路125-1號(卓蘭鎮圖書館樓頂),2025-12,rainfall,中央氣象署 CODiS / 現存測站清單,https://codis.cwa.gov.tw/ ; https://hdps.cwa.gov.tw/static/state.html,C0E791-2025.csv,降水量,3,mm,3,mm,直接採用該測站 CODiS 2025 年月報表欄位「降水量」作為系統測站層級資料；目前未進行鄉鎮推估。,完整
water,C0E791,卓蘭,署屬自動站,苗栗縣,卓蘭鎮,366,120.8244,24.3126,中山路125-1號(卓蘭鎮圖書館樓頂),2025-12,rainfall_days,中央氣象署 CODiS / 現存測站清單,https://codis.cwa.gov.tw/ ; https://hdps.cwa.gov.tw/static/state.html,C0E791-2025.csv,降水日數,2,day,2,day,直接採用該測站 CODiS 2025 年月報表欄位「降水日數」作為系統測站層級資料；目前未進行鄉鎮推估。,完整
water,C0E791,卓蘭,署屬自動站,苗栗縣,卓蘭鎮,366,120.8244,24.3126,中山路125-1號(卓蘭鎮圖書館樓頂),2025-12,max_daily_rainfall,中央氣象署 CODiS / 現存測站清單,https://codis.cwa.gov.tw/ ; https://hdps.cwa.gov.tw/static/state.html,C0E791-2025.csv,最大日降水量,2.5,mm,2.5,mm,直接採用該測站 CODiS 2025 年月報表欄位「最大日降水量」作為系統測站層級資料；目前未進行鄉鎮推估。,完整
water,C0E791,卓蘭,署屬自動站,苗栗縣,卓蘭鎮,366,120.8244,24.3126,中山路125-1號(卓蘭鎮圖書館樓頂),2025-12,average_temperature,中央氣象署 CODiS / 現存測站清單,https://codis.cwa.gov.tw/ ; https://hdps.cwa.gov.tw/static/state.html,C0E791-2025.csv,氣溫,18.2,℃,18.2,℃,直接採用該測站 CODiS 2025 年月報表欄位「氣溫」作為系統測站層級資料；目前未進行鄉鎮推估。,完整
water,C0E791,卓蘭,署屬自動站,苗栗縣,卓蘭鎮,366,120.8244,24.3126,中山路125-1號(卓蘭鎮圖書館樓頂),2025-12,relative_humidity,中央氣象署 CODiS / 現存測站清單,https://codis.cwa.gov.tw/ ; https://hdps.cwa.gov.tw/static/state.html,C0E791-2025.csv,相對溼度,79,%,79,%,直接採用該測站 CODiS 2025 年月報表欄位「相對溼度」作為系統測站層級資料；目前未進行鄉鎮推估。,完整
water,C0E810,西湖,署屬自動站,苗栗縣,西湖鄉,53,120.7485,24.562947,二湖村2鄰22號(僑文國小),2025-01,rainfall,中央氣象署 CODiS / 現存測站清單,https://codis.cwa.gov.tw/ ; https://hdps.cwa.gov.tw/static/state.html,C0E810-2025.csv,降水量,17.5,mm,17.5,mm,直接採用該測站 CODiS 2025 年月報表欄位「降水量」作為系統測站層級資料；目前未進行鄉鎮推估。,完整
water,C0E810,西湖,署屬自動站,苗栗縣,西湖鄉,53,120.7485,24.562947,二湖村2鄰22號(僑文國小),2025-01,rainfall_days,中央氣象署 CODiS / 現存測站清單,https://codis.cwa.gov.tw/ ; https://hdps.cwa.gov.tw/static/state.html,C0E810-2025.csv,降水日數,9,day,9,day,直接採用該測站 CODiS 2025 年月報表欄位「降水日數」作為系統測站層級資料；目前未進行鄉鎮推估。,完整
water,C0E810,西湖,署屬自動站,苗栗縣,西湖鄉,53,120.7485,24.562947,二湖村2鄰22號(僑文國小),2025-01,max_daily_rainfall,中央氣象署 CODiS / 現存測站清單,https://codis.cwa.gov.tw/ ; https://hdps.cwa.gov.tw/static/state.html,C0E810-2025.csv,最大日降水量,5.5,mm,5.5,mm,直接採用該測站 CODiS 2025 年月報表欄位「最大日降水量」作為系統測站層級資料；目前未進行鄉鎮推估。,完整
water,C0E810,西湖,署屬自動站,苗栗縣,西湖鄉,53,120.7485,24.562947,二湖村2鄰22號(僑文國小),2025-01,average_temperature,中央氣象署 CODiS / 現存測站清單,https://codis.cwa.gov.tw/ ; https://hdps.cwa.gov.tw/static/state.html,C0E810-2025.csv,氣溫,14.7,℃,14.7,℃,直接採用該測站 CODiS 2025 年月報表欄位「氣溫」作為系統測站層級資料；目前未進行鄉鎮推估。,完整
water,C0E810,西湖,署屬自動站,苗栗縣,西湖鄉,53,120.7485,24.562947,二湖村2鄰22號(僑文國小),2025-01,relative_humidity,中央氣象署 CODiS / 現存測站清單,https://codis.cwa.gov.tw/ ; https://hdps.cwa.gov.tw/static/state.html,C0E810-2025.csv,相對溼度,76,%,76,%,直接採用該測站 CODiS 2025 年月報表欄位「相對溼度」作為系統測站層級資料；目前未進行鄉鎮推估。,完整
water,C0E810,西湖,署屬自動站,苗栗縣,西湖鄉,53,120.7485,24.562947,二湖村2鄰22號(僑文國小),2025-02,rainfall,中央氣象署 CODiS / 現存測站清單,https://codis.cwa.gov.tw/ ; https://hdps.cwa.gov.tw/static/state.html,C0E810-2025.csv,降水量,57.5,mm,57.5,mm,直接採用該測站 CODiS 2025 年月報表欄位「降水量」作為系統測站層級資料；目前未進行鄉鎮推估。,完整
water,C0E810,西湖,署屬自動站,苗栗縣,西湖鄉,53,120.7485,24.562947,二湖村2鄰22號(僑文國小),2025-02,rainfall_days,中央氣象署 CODiS / 現存測站清單,https://codis.cwa.gov.tw/ ; https://hdps.cwa.gov.tw/static/state.html,C0E810-2025.csv,降水日數,8,day,8,day,直接採用該測站 CODiS 2025 年月報表欄位「降水日數」作為系統測站層級資料；目前未進行鄉鎮推估。,完整
water,C0E810,西湖,署屬自動站,苗栗縣,西湖鄉,53,120.7485,24.562947,二湖村2鄰22號(僑文國小),2025-02,max_daily_rainfall,中央氣象署 CODiS / 現存測站清單,https://codis.cwa.gov.tw/ ; https://hdps.cwa.gov.tw/static/state.html,C0E810-2025.csv,最大日降水量,29.5,mm,29.5,mm,直接採用該測站 CODiS 2025 年月報表欄位「最大日降水量」作為系統測站層級資料；目前未進行鄉鎮推估。,完整
water,C0E810,西湖,署屬自動站,苗栗縣,西湖鄉,53,120.7485,24.562947,二湖村2鄰22號(僑文國小),2025-02,average_temperature,中央氣象署 CODiS / 現存測站清單,https://codis.cwa.gov.tw/ ; https://hdps.cwa.gov.tw/static/state.html,C0E810-2025.csv,氣溫,15,℃,15,℃,直接採用該測站 CODiS 2025 年月報表欄位「氣溫」作為系統測站層級資料；目前未進行鄉鎮推估。,完整
water,C0E810,西湖,署屬自動站,苗栗縣,西湖鄉,53,120.7485,24.562947,二湖村2鄰22號(僑文國小),2025-02,relative_humidity,中央氣象署 CODiS / 現存測站清單,https://codis.cwa.gov.tw/ ; https://hdps.cwa.gov.tw/static/state.html,C0E810-2025.csv,相對溼度,85,%,85,%,直接採用該測站 CODiS 2025 年月報表欄位「相對溼度」作為系統測站層級資料；目前未進行鄉鎮推估。,完整
water,C0E810,西湖,署屬自動站,苗栗縣,西湖鄉,53,120.7485,24.562947,二湖村2鄰22號(僑文國小),2025-03,rainfall,中央氣象署 CODiS / 現存測站清單,https://codis.cwa.gov.tw/ ; https://hdps.cwa.gov.tw/static/state.html,C0E810-2025.csv,降水量,234.5,mm,234.5,mm,直接採用該測站 CODiS 2025 年月報表欄位「降水量」作為系統測站層級資料；目前未進行鄉鎮推估。,完整
water,C0E810,西湖,署屬自動站,苗栗縣,西湖鄉,53,120.7485,24.562947,二湖村2鄰22號(僑文國小),2025-03,rainfall_days,中央氣象署 CODiS / 現存測站清單,https://codis.cwa.gov.tw/ ; https://hdps.cwa.gov.tw/static/state.html,C0E810-2025.csv,降水日數,10,day,10,day,直接採用該測站 CODiS 2025 年月報表欄位「降水日數」作為系統測站層級資料；目前未進行鄉鎮推估。,完整
water,C0E810,西湖,署屬自動站,苗栗縣,西湖鄉,53,120.7485,24.562947,二湖村2鄰22號(僑文國小),2025-03,max_daily_rainfall,中央氣象署 CODiS / 現存測站清單,https://codis.cwa.gov.tw/ ; https://hdps.cwa.gov.tw/static/state.html,C0E810-2025.csv,最大日降水量,58.5,mm,58.5,mm,直接採用該測站 CODiS 2025 年月報表欄位「最大日降水量」作為系統測站層級資料；目前未進行鄉鎮推估。,完整
water,C0E810,西湖,署屬自動站,苗栗縣,西湖鄉,53,120.7485,24.562947,二湖村2鄰22號(僑文國小),2025-03,average_temperature,中央氣象署 CODiS / 現存測站清單,https://codis.cwa.gov.tw/ ; https://hdps.cwa.gov.tw/static/state.html,C0E810-2025.csv,氣溫,17.6,℃,17.6,℃,直接採用該測站 CODiS 2025 年月報表欄位「氣溫」作為系統測站層級資料；目前未進行鄉鎮推估。,完整
water,C0E810,西湖,署屬自動站,苗栗縣,西湖鄉,53,120.7485,24.562947,二湖村2鄰22號(僑文國小),2025-03,relative_humidity,中央氣象署 CODiS / 現存測站清單,https://codis.cwa.gov.tw/ ; https://hdps.cwa.gov.tw/static/state.html,C0E810-2025.csv,相對溼度,82,%,82,%,直接採用該測站 CODiS 2025 年月報表欄位「相對溼度」作為系統測站層級資料；目前未進行鄉鎮推估。,完整
water,C0E810,西湖,署屬自動站,苗栗縣,西湖鄉,53,120.7485,24.562947,二湖村2鄰22號(僑文國小),2025-04,rainfall,中央氣象署 CODiS / 現存測站清單,https://codis.cwa.gov.tw/ ; https://hdps.cwa.gov.tw/static/state.html,C0E810-2025.csv,降水量,44.5,mm,44.5,mm,直接採用該測站 CODiS 2025 年月報表欄位「降水量」作為系統測站層級資料；目前未進行鄉鎮推估。,完整
water,C0E810,西湖,署屬自動站,苗栗縣,西湖鄉,53,120.7485,24.562947,二湖村2鄰22號(僑文國小),2025-04,rainfall_days,中央氣象署 CODiS / 現存測站清單,https://codis.cwa.gov.tw/ ; https://hdps.cwa.gov.tw/static/state.html,C0E810-2025.csv,降水日數,6,day,6,day,直接採用該測站 CODiS 2025 年月報表欄位「降水日數」作為系統測站層級資料；目前未進行鄉鎮推估。,完整
water,C0E810,西湖,署屬自動站,苗栗縣,西湖鄉,53,120.7485,24.562947,二湖村2鄰22號(僑文國小),2025-04,max_daily_rainfall,中央氣象署 CODiS / 現存測站清單,https://codis.cwa.gov.tw/ ; https://hdps.cwa.gov.tw/static/state.html,C0E810-2025.csv,最大日降水量,33,mm,33,mm,直接採用該測站 CODiS 2025 年月報表欄位「最大日降水量」作為系統測站層級資料；目前未進行鄉鎮推估。,完整
water,C0E810,西湖,署屬自動站,苗栗縣,西湖鄉,53,120.7485,24.562947,二湖村2鄰22號(僑文國小),2025-04,average_temperature,中央氣象署 CODiS / 現存測站清單,https://codis.cwa.gov.tw/ ; https://hdps.cwa.gov.tw/static/state.html,C0E810-2025.csv,氣溫,21.7,℃,21.7,℃,直接採用該測站 CODiS 2025 年月報表欄位「氣溫」作為系統測站層級資料；目前未進行鄉鎮推估。,完整
water,C0E810,西湖,署屬自動站,苗栗縣,西湖鄉,53,120.7485,24.562947,二湖村2鄰22號(僑文國小),2025-04,relative_humidity,中央氣象署 CODiS / 現存測站清單,https://codis.cwa.gov.tw/ ; https://hdps.cwa.gov.tw/static/state.html,C0E810-2025.csv,相對溼度,83,%,83,%,直接採用該測站 CODiS 2025 年月報表欄位「相對溼度」作為系統測站層級資料；目前未進行鄉鎮推估。,完整
water,C0E810,西湖,署屬自動站,苗栗縣,西湖鄉,53,120.7485,24.562947,二湖村2鄰22號(僑文國小),2025-05,rainfall,中央氣象署 CODiS / 現存測站清單,https://codis.cwa.gov.tw/ ; https://hdps.cwa.gov.tw/static/state.html,C0E810-2025.csv,降水量,115.5,mm,115.5,mm,直接採用該測站 CODiS 2025 年月報表欄位「降水量」作為系統測站層級資料；目前未進行鄉鎮推估。,完整
water,C0E810,西湖,署屬自動站,苗栗縣,西湖鄉,53,120.7485,24.562947,二湖村2鄰22號(僑文國小),2025-05,rainfall_days,中央氣象署 CODiS / 現存測站清單,https://codis.cwa.gov.tw/ ; https://hdps.cwa.gov.tw/static/state.html,C0E810-2025.csv,降水日數,5,day,5,day,直接採用該測站 CODiS 2025 年月報表欄位「降水日數」作為系統測站層級資料；目前未進行鄉鎮推估。,完整
water,C0E810,西湖,署屬自動站,苗栗縣,西湖鄉,53,120.7485,24.562947,二湖村2鄰22號(僑文國小),2025-05,max_daily_rainfall,中央氣象署 CODiS / 現存測站清單,https://codis.cwa.gov.tw/ ; https://hdps.cwa.gov.tw/static/state.html,C0E810-2025.csv,最大日降水量,52.5,mm,52.5,mm,直接採用該測站 CODiS 2025 年月報表欄位「最大日降水量」作為系統測站層級資料；目前未進行鄉鎮推估。,完整
water,C0E810,西湖,署屬自動站,苗栗縣,西湖鄉,53,120.7485,24.562947,二湖村2鄰22號(僑文國小),2025-05,average_temperature,中央氣象署 CODiS / 現存測站清單,https://codis.cwa.gov.tw/ ; https://hdps.cwa.gov.tw/static/state.html,C0E810-2025.csv,氣溫,24.9,℃,24.9,℃,直接採用該測站 CODiS 2025 年月報表欄位「氣溫」作為系統測站層級資料；目前未進行鄉鎮推估。,完整
water,C0E810,西湖,署屬自動站,苗栗縣,西湖鄉,53,120.7485,24.562947,二湖村2鄰22號(僑文國小),2025-05,relative_humidity,中央氣象署 CODiS / 現存測站清單,https://codis.cwa.gov.tw/ ; https://hdps.cwa.gov.tw/static/state.html,C0E810-2025.csv,相對溼度,86,%,86,%,直接採用該測站 CODiS 2025 年月報表欄位「相對溼度」作為系統測站層級資料；目前未進行鄉鎮推估。,完整
water,C0E810,西湖,署屬自動站,苗栗縣,西湖鄉,53,120.7485,24.562947,二湖村2鄰22號(僑文國小),2025-06,rainfall,中央氣象署 CODiS / 現存測站清單,https://codis.cwa.gov.tw/ ; https://hdps.cwa.gov.tw/static/state.html,C0E810-2025.csv,降水量,80,mm,80,mm,直接採用該測站 CODiS 2025 年月報表欄位「降水量」作為系統測站層級資料；目前未進行鄉鎮推估。,完整
water,C0E810,西湖,署屬自動站,苗栗縣,西湖鄉,53,120.7485,24.562947,二湖村2鄰22號(僑文國小),2025-06,rainfall_days,中央氣象署 CODiS / 現存測站清單,https://codis.cwa.gov.tw/ ; https://hdps.cwa.gov.tw/static/state.html,C0E810-2025.csv,降水日數,9,day,9,day,直接採用該測站 CODiS 2025 年月報表欄位「降水日數」作為系統測站層級資料；目前未進行鄉鎮推估。,完整
water,C0E810,西湖,署屬自動站,苗栗縣,西湖鄉,53,120.7485,24.562947,二湖村2鄰22號(僑文國小),2025-06,max_daily_rainfall,中央氣象署 CODiS / 現存測站清單,https://codis.cwa.gov.tw/ ; https://hdps.cwa.gov.tw/static/state.html,C0E810-2025.csv,最大日降水量,21,mm,21,mm,直接採用該測站 CODiS 2025 年月報表欄位「最大日降水量」作為系統測站層級資料；目前未進行鄉鎮推估。,完整
water,C0E810,西湖,署屬自動站,苗栗縣,西湖鄉,53,120.7485,24.562947,二湖村2鄰22號(僑文國小),2025-06,average_temperature,中央氣象署 CODiS / 現存測站清單,https://codis.cwa.gov.tw/ ; https://hdps.cwa.gov.tw/static/state.html,C0E810-2025.csv,氣溫,28,℃,28,℃,直接採用該測站 CODiS 2025 年月報表欄位「氣溫」作為系統測站層級資料；目前未進行鄉鎮推估。,完整
water,C0E810,西湖,署屬自動站,苗栗縣,西湖鄉,53,120.7485,24.562947,二湖村2鄰22號(僑文國小),2025-06,relative_humidity,中央氣象署 CODiS / 現存測站清單,https://codis.cwa.gov.tw/ ; https://hdps.cwa.gov.tw/static/state.html,C0E810-2025.csv,相對溼度,84,%,84,%,直接採用該測站 CODiS 2025 年月報表欄位「相對溼度」作為系統測站層級資料；目前未進行鄉鎮推估。,完整
water,C0E810,西湖,署屬自動站,苗栗縣,西湖鄉,53,120.7485,24.562947,二湖村2鄰22號(僑文國小),2025-07,rainfall,中央氣象署 CODiS / 現存測站清單,https://codis.cwa.gov.tw/ ; https://hdps.cwa.gov.tw/static/state.html,C0E810-2025.csv,降水量,596.5,mm,596.5,mm,直接採用該測站 CODiS 2025 年月報表欄位「降水量」作為系統測站層級資料；目前未進行鄉鎮推估。,完整
water,C0E810,西湖,署屬自動站,苗栗縣,西湖鄉,53,120.7485,24.562947,二湖村2鄰22號(僑文國小),2025-07,rainfall_days,中央氣象署 CODiS / 現存測站清單,https://codis.cwa.gov.tw/ ; https://hdps.cwa.gov.tw/static/state.html,C0E810-2025.csv,降水日數,18,day,18,day,直接採用該測站 CODiS 2025 年月報表欄位「降水日數」作為系統測站層級資料；目前未進行鄉鎮推估。,完整
water,C0E810,西湖,署屬自動站,苗栗縣,西湖鄉,53,120.7485,24.562947,二湖村2鄰22號(僑文國小),2025-07,max_daily_rainfall,中央氣象署 CODiS / 現存測站清單,https://codis.cwa.gov.tw/ ; https://hdps.cwa.gov.tw/static/state.html,C0E810-2025.csv,最大日降水量,268.5,mm,268.5,mm,直接採用該測站 CODiS 2025 年月報表欄位「最大日降水量」作為系統測站層級資料；目前未進行鄉鎮推估。,完整
water,C0E810,西湖,署屬自動站,苗栗縣,西湖鄉,53,120.7485,24.562947,二湖村2鄰22號(僑文國小),2025-07,average_temperature,中央氣象署 CODiS / 現存測站清單,https://codis.cwa.gov.tw/ ; https://hdps.cwa.gov.tw/static/state.html,C0E810-2025.csv,氣溫,27.8,℃,27.8,℃,直接採用該測站 CODiS 2025 年月報表欄位「氣溫」作為系統測站層級資料；目前未進行鄉鎮推估。,完整
water,C0E810,西湖,署屬自動站,苗栗縣,西湖鄉,53,120.7485,24.562947,二湖村2鄰22號(僑文國小),2025-07,relative_humidity,中央氣象署 CODiS / 現存測站清單,https://codis.cwa.gov.tw/ ; https://hdps.cwa.gov.tw/static/state.html,C0E810-2025.csv,相對溼度,88,%,88,%,直接採用該測站 CODiS 2025 年月報表欄位「相對溼度」作為系統測站層級資料；目前未進行鄉鎮推估。,完整
water,C0E810,西湖,署屬自動站,苗栗縣,西湖鄉,53,120.7485,24.562947,二湖村2鄰22號(僑文國小),2025-08,rainfall,中央氣象署 CODiS / 現存測站清單,https://codis.cwa.gov.tw/ ; https://hdps.cwa.gov.tw/static/state.html,C0E810-2025.csv,降水量,60,mm,60,mm,直接採用該測站 CODiS 2025 年月報表欄位「降水量」作為系統測站層級資料；目前未進行鄉鎮推估。,完整
water,C0E810,西湖,署屬自動站,苗栗縣,西湖鄉,53,120.7485,24.562947,二湖村2鄰22號(僑文國小),2025-08,rainfall_days,中央氣象署 CODiS / 現存測站清單,https://codis.cwa.gov.tw/ ; https://hdps.cwa.gov.tw/static/state.html,C0E810-2025.csv,降水日數,7,day,7,day,直接採用該測站 CODiS 2025 年月報表欄位「降水日數」作為系統測站層級資料；目前未進行鄉鎮推估。,完整
water,C0E810,西湖,署屬自動站,苗栗縣,西湖鄉,53,120.7485,24.562947,二湖村2鄰22號(僑文國小),2025-08,max_daily_rainfall,中央氣象署 CODiS / 現存測站清單,https://codis.cwa.gov.tw/ ; https://hdps.cwa.gov.tw/static/state.html,C0E810-2025.csv,最大日降水量,19,mm,19,mm,直接採用該測站 CODiS 2025 年月報表欄位「最大日降水量」作為系統測站層級資料；目前未進行鄉鎮推估。,完整
water,C0E810,西湖,署屬自動站,苗栗縣,西湖鄉,53,120.7485,24.562947,二湖村2鄰22號(僑文國小),2025-08,average_temperature,中央氣象署 CODiS / 現存測站清單,https://codis.cwa.gov.tw/ ; https://hdps.cwa.gov.tw/static/state.html,C0E810-2025.csv,氣溫,28.4,℃,28.4,℃,直接採用該測站 CODiS 2025 年月報表欄位「氣溫」作為系統測站層級資料；目前未進行鄉鎮推估。,完整
water,C0E810,西湖,署屬自動站,苗栗縣,西湖鄉,53,120.7485,24.562947,二湖村2鄰22號(僑文國小),2025-08,relative_humidity,中央氣象署 CODiS / 現存測站清單,https://codis.cwa.gov.tw/ ; https://hdps.cwa.gov.tw/static/state.html,C0E810-2025.csv,相對溼度,83,%,83,%,直接採用該測站 CODiS 2025 年月報表欄位「相對溼度」作為系統測站層級資料；目前未進行鄉鎮推估。,完整
water,C0E810,西湖,署屬自動站,苗栗縣,西湖鄉,53,120.7485,24.562947,二湖村2鄰22號(僑文國小),2025-09,rainfall,中央氣象署 CODiS / 現存測站清單,https://codis.cwa.gov.tw/ ; https://hdps.cwa.gov.tw/static/state.html,C0E810-2025.csv,降水量,82.5,mm,82.5,mm,直接採用該測站 CODiS 2025 年月報表欄位「降水量」作為系統測站層級資料；目前未進行鄉鎮推估。,完整
water,C0E810,西湖,署屬自動站,苗栗縣,西湖鄉,53,120.7485,24.562947,二湖村2鄰22號(僑文國小),2025-09,rainfall_days,中央氣象署 CODiS / 現存測站清單,https://codis.cwa.gov.tw/ ; https://hdps.cwa.gov.tw/static/state.html,C0E810-2025.csv,降水日數,6,day,6,day,直接採用該測站 CODiS 2025 年月報表欄位「降水日數」作為系統測站層級資料；目前未進行鄉鎮推估。,完整
water,C0E810,西湖,署屬自動站,苗栗縣,西湖鄉,53,120.7485,24.562947,二湖村2鄰22號(僑文國小),2025-09,max_daily_rainfall,中央氣象署 CODiS / 現存測站清單,https://codis.cwa.gov.tw/ ; https://hdps.cwa.gov.tw/static/state.html,C0E810-2025.csv,最大日降水量,52,mm,52,mm,直接採用該測站 CODiS 2025 年月報表欄位「最大日降水量」作為系統測站層級資料；目前未進行鄉鎮推估。,完整
water,C0E810,西湖,署屬自動站,苗栗縣,西湖鄉,53,120.7485,24.562947,二湖村2鄰22號(僑文國小),2025-09,average_temperature,中央氣象署 CODiS / 現存測站清單,https://codis.cwa.gov.tw/ ; https://hdps.cwa.gov.tw/static/state.html,C0E810-2025.csv,氣溫,28.2,℃,28.2,℃,直接採用該測站 CODiS 2025 年月報表欄位「氣溫」作為系統測站層級資料；目前未進行鄉鎮推估。,完整
water,C0E810,西湖,署屬自動站,苗栗縣,西湖鄉,53,120.7485,24.562947,二湖村2鄰22號(僑文國小),2025-09,relative_humidity,中央氣象署 CODiS / 現存測站清單,https://codis.cwa.gov.tw/ ; https://hdps.cwa.gov.tw/static/state.html,C0E810-2025.csv,相對溼度,85,%,85,%,直接採用該測站 CODiS 2025 年月報表欄位「相對溼度」作為系統測站層級資料；目前未進行鄉鎮推估。,完整
water,C0E810,西湖,署屬自動站,苗栗縣,西湖鄉,53,120.7485,24.562947,二湖村2鄰22號(僑文國小),2025-10,rainfall,中央氣象署 CODiS / 現存測站清單,https://codis.cwa.gov.tw/ ; https://hdps.cwa.gov.tw/static/state.html,C0E810-2025.csv,降水量,24.5,mm,24.5,mm,直接採用該測站 CODiS 2025 年月報表欄位「降水量」作為系統測站層級資料；目前未進行鄉鎮推估。,完整
water,C0E810,西湖,署屬自動站,苗栗縣,西湖鄉,53,120.7485,24.562947,二湖村2鄰22號(僑文國小),2025-10,rainfall_days,中央氣象署 CODiS / 現存測站清單,https://codis.cwa.gov.tw/ ; https://hdps.cwa.gov.tw/static/state.html,C0E810-2025.csv,降水日數,5,day,5,day,直接採用該測站 CODiS 2025 年月報表欄位「降水日數」作為系統測站層級資料；目前未進行鄉鎮推估。,完整
water,C0E810,西湖,署屬自動站,苗栗縣,西湖鄉,53,120.7485,24.562947,二湖村2鄰22號(僑文國小),2025-10,max_daily_rainfall,中央氣象署 CODiS / 現存測站清單,https://codis.cwa.gov.tw/ ; https://hdps.cwa.gov.tw/static/state.html,C0E810-2025.csv,最大日降水量,10,mm,10,mm,直接採用該測站 CODiS 2025 年月報表欄位「最大日降水量」作為系統測站層級資料；目前未進行鄉鎮推估。,完整
water,C0E810,西湖,署屬自動站,苗栗縣,西湖鄉,53,120.7485,24.562947,二湖村2鄰22號(僑文國小),2025-10,average_temperature,中央氣象署 CODiS / 現存測站清單,https://codis.cwa.gov.tw/ ; https://hdps.cwa.gov.tw/static/state.html,C0E810-2025.csv,氣溫,26.1,℃,26.1,℃,直接採用該測站 CODiS 2025 年月報表欄位「氣溫」作為系統測站層級資料；目前未進行鄉鎮推估。,完整
water,C0E810,西湖,署屬自動站,苗栗縣,西湖鄉,53,120.7485,24.562947,二湖村2鄰22號(僑文國小),2025-10,relative_humidity,中央氣象署 CODiS / 現存測站清單,https://codis.cwa.gov.tw/ ; https://hdps.cwa.gov.tw/static/state.html,C0E810-2025.csv,相對溼度,83,%,83,%,直接採用該測站 CODiS 2025 年月報表欄位「相對溼度」作為系統測站層級資料；目前未進行鄉鎮推估。,完整
water,C0E810,西湖,署屬自動站,苗栗縣,西湖鄉,53,120.7485,24.562947,二湖村2鄰22號(僑文國小),2025-11,rainfall,中央氣象署 CODiS / 現存測站清單,https://codis.cwa.gov.tw/ ; https://hdps.cwa.gov.tw/static/state.html,C0E810-2025.csv,降水量,33.5,mm,33.5,mm,直接採用該測站 CODiS 2025 年月報表欄位「降水量」作為系統測站層級資料；目前未進行鄉鎮推估。,完整
water,C0E810,西湖,署屬自動站,苗栗縣,西湖鄉,53,120.7485,24.562947,二湖村2鄰22號(僑文國小),2025-11,rainfall_days,中央氣象署 CODiS / 現存測站清單,https://codis.cwa.gov.tw/ ; https://hdps.cwa.gov.tw/static/state.html,C0E810-2025.csv,降水日數,3,day,3,day,直接採用該測站 CODiS 2025 年月報表欄位「降水日數」作為系統測站層級資料；目前未進行鄉鎮推估。,完整
water,C0E810,西湖,署屬自動站,苗栗縣,西湖鄉,53,120.7485,24.562947,二湖村2鄰22號(僑文國小),2025-11,max_daily_rainfall,中央氣象署 CODiS / 現存測站清單,https://codis.cwa.gov.tw/ ; https://hdps.cwa.gov.tw/static/state.html,C0E810-2025.csv,最大日降水量,17.5,mm,17.5,mm,直接採用該測站 CODiS 2025 年月報表欄位「最大日降水量」作為系統測站層級資料；目前未進行鄉鎮推估。,完整
water,C0E810,西湖,署屬自動站,苗栗縣,西湖鄉,53,120.7485,24.562947,二湖村2鄰22號(僑文國小),2025-11,average_temperature,中央氣象署 CODiS / 現存測站清單,https://codis.cwa.gov.tw/ ; https://hdps.cwa.gov.tw/static/state.html,C0E810-2025.csv,氣溫,21.2,℃,21.2,℃,直接採用該測站 CODiS 2025 年月報表欄位「氣溫」作為系統測站層級資料；目前未進行鄉鎮推估。,完整
water,C0E810,西湖,署屬自動站,苗栗縣,西湖鄉,53,120.7485,24.562947,二湖村2鄰22號(僑文國小),2025-11,relative_humidity,中央氣象署 CODiS / 現存測站清單,https://codis.cwa.gov.tw/ ; https://hdps.cwa.gov.tw/static/state.html,C0E810-2025.csv,相對溼度,80,%,80,%,直接採用該測站 CODiS 2025 年月報表欄位「相對溼度」作為系統測站層級資料；目前未進行鄉鎮推估。,完整
water,C0E810,西湖,署屬自動站,苗栗縣,西湖鄉,53,120.7485,24.562947,二湖村2鄰22號(僑文國小),2025-12,rainfall,中央氣象署 CODiS / 現存測站清單,https://codis.cwa.gov.tw/ ; https://hdps.cwa.gov.tw/static/state.html,C0E810-2025.csv,降水量,2,mm,2,mm,直接採用該測站 CODiS 2025 年月報表欄位「降水量」作為系統測站層級資料；目前未進行鄉鎮推估。,完整
water,C0E810,西湖,署屬自動站,苗栗縣,西湖鄉,53,120.7485,24.562947,二湖村2鄰22號(僑文國小),2025-12,rainfall_days,中央氣象署 CODiS / 現存測站清單,https://codis.cwa.gov.tw/ ; https://hdps.cwa.gov.tw/static/state.html,C0E810-2025.csv,降水日數,3,day,3,day,直接採用該測站 CODiS 2025 年月報表欄位「降水日數」作為系統測站層級資料；目前未進行鄉鎮推估。,完整
water,C0E810,西湖,署屬自動站,苗栗縣,西湖鄉,53,120.7485,24.562947,二湖村2鄰22號(僑文國小),2025-12,max_daily_rainfall,中央氣象署 CODiS / 現存測站清單,https://codis.cwa.gov.tw/ ; https://hdps.cwa.gov.tw/static/state.html,C0E810-2025.csv,最大日降水量,1,mm,1,mm,直接採用該測站 CODiS 2025 年月報表欄位「最大日降水量」作為系統測站層級資料；目前未進行鄉鎮推估。,完整
water,C0E810,西湖,署屬自動站,苗栗縣,西湖鄉,53,120.7485,24.562947,二湖村2鄰22號(僑文國小),2025-12,average_temperature,中央氣象署 CODiS / 現存測站清單,https://codis.cwa.gov.tw/ ; https://hdps.cwa.gov.tw/static/state.html,C0E810-2025.csv,氣溫,18.2,℃,18.2,℃,直接採用該測站 CODiS 2025 年月報表欄位「氣溫」作為系統測站層級資料；目前未進行鄉鎮推估。,完整
water,C0E810,西湖,署屬自動站,苗栗縣,西湖鄉,53,120.7485,24.562947,二湖村2鄰22號(僑文國小),2025-12,relative_humidity,中央氣象署 CODiS / 現存測站清單,https://codis.cwa.gov.tw/ ; https://hdps.cwa.gov.tw/static/state.html,C0E810-2025.csv,相對溼度,83,%,83,%,直接採用該測站 CODiS 2025 年月報表欄位「相對溼度」作為系統測站層級資料；目前未進行鄉鎮推估。,完整
water,C0E820,獅潭,署屬自動站,苗栗縣,獅潭鄉,220,120.920042,24.539133,新店村11鄰103-2號(獅潭鄉公所圖書館樓頂),2025-01,rainfall,中央氣象署 CODiS / 現存測站清單,https://codis.cwa.gov.tw/ ; https://hdps.cwa.gov.tw/static/state.html,C0E820-2025.csv,降水量,44.5,mm,44.5,mm,直接採用該測站 CODiS 2025 年月報表欄位「降水量」作為系統測站層級資料；目前未進行鄉鎮推估。,完整
water,C0E820,獅潭,署屬自動站,苗栗縣,獅潭鄉,220,120.920042,24.539133,新店村11鄰103-2號(獅潭鄉公所圖書館樓頂),2025-01,rainfall_days,中央氣象署 CODiS / 現存測站清單,https://codis.cwa.gov.tw/ ; https://hdps.cwa.gov.tw/static/state.html,C0E820-2025.csv,降水日數,10,day,10,day,直接採用該測站 CODiS 2025 年月報表欄位「降水日數」作為系統測站層級資料；目前未進行鄉鎮推估。,完整
water,C0E820,獅潭,署屬自動站,苗栗縣,獅潭鄉,220,120.920042,24.539133,新店村11鄰103-2號(獅潭鄉公所圖書館樓頂),2025-01,max_daily_rainfall,中央氣象署 CODiS / 現存測站清單,https://codis.cwa.gov.tw/ ; https://hdps.cwa.gov.tw/static/state.html,C0E820-2025.csv,最大日降水量,10.5,mm,10.5,mm,直接採用該測站 CODiS 2025 年月報表欄位「最大日降水量」作為系統測站層級資料；目前未進行鄉鎮推估。,完整
water,C0E820,獅潭,署屬自動站,苗栗縣,獅潭鄉,220,120.920042,24.539133,新店村11鄰103-2號(獅潭鄉公所圖書館樓頂),2025-01,average_temperature,中央氣象署 CODiS / 現存測站清單,https://codis.cwa.gov.tw/ ; https://hdps.cwa.gov.tw/static/state.html,C0E820-2025.csv,氣溫,13,℃,13,℃,直接採用該測站 CODiS 2025 年月報表欄位「氣溫」作為系統測站層級資料；目前未進行鄉鎮推估。,完整
water,C0E820,獅潭,署屬自動站,苗栗縣,獅潭鄉,220,120.920042,24.539133,新店村11鄰103-2號(獅潭鄉公所圖書館樓頂),2025-01,relative_humidity,中央氣象署 CODiS / 現存測站清單,https://codis.cwa.gov.tw/ ; https://hdps.cwa.gov.tw/static/state.html,C0E820-2025.csv,相對溼度,80,%,80,%,直接採用該測站 CODiS 2025 年月報表欄位「相對溼度」作為系統測站層級資料；目前未進行鄉鎮推估。,完整
water,C0E820,獅潭,署屬自動站,苗栗縣,獅潭鄉,220,120.920042,24.539133,新店村11鄰103-2號(獅潭鄉公所圖書館樓頂),2025-02,rainfall,中央氣象署 CODiS / 現存測站清單,https://codis.cwa.gov.tw/ ; https://hdps.cwa.gov.tw/static/state.html,C0E820-2025.csv,降水量,100.5,mm,100.5,mm,直接採用該測站 CODiS 2025 年月報表欄位「降水量」作為系統測站層級資料；目前未進行鄉鎮推估。,完整
water,C0E820,獅潭,署屬自動站,苗栗縣,獅潭鄉,220,120.920042,24.539133,新店村11鄰103-2號(獅潭鄉公所圖書館樓頂),2025-02,rainfall_days,中央氣象署 CODiS / 現存測站清單,https://codis.cwa.gov.tw/ ; https://hdps.cwa.gov.tw/static/state.html,C0E820-2025.csv,降水日數,12,day,12,day,直接採用該測站 CODiS 2025 年月報表欄位「降水日數」作為系統測站層級資料；目前未進行鄉鎮推估。,完整
water,C0E820,獅潭,署屬自動站,苗栗縣,獅潭鄉,220,120.920042,24.539133,新店村11鄰103-2號(獅潭鄉公所圖書館樓頂),2025-02,max_daily_rainfall,中央氣象署 CODiS / 現存測站清單,https://codis.cwa.gov.tw/ ; https://hdps.cwa.gov.tw/static/state.html,C0E820-2025.csv,最大日降水量,36.5,mm,36.5,mm,直接採用該測站 CODiS 2025 年月報表欄位「最大日降水量」作為系統測站層級資料；目前未進行鄉鎮推估。,完整
water,C0E820,獅潭,署屬自動站,苗栗縣,獅潭鄉,220,120.920042,24.539133,新店村11鄰103-2號(獅潭鄉公所圖書館樓頂),2025-02,average_temperature,中央氣象署 CODiS / 現存測站清單,https://codis.cwa.gov.tw/ ; https://hdps.cwa.gov.tw/static/state.html,C0E820-2025.csv,氣溫,14.1,℃,14.1,℃,直接採用該測站 CODiS 2025 年月報表欄位「氣溫」作為系統測站層級資料；目前未進行鄉鎮推估。,完整
water,C0E820,獅潭,署屬自動站,苗栗縣,獅潭鄉,220,120.920042,24.539133,新店村11鄰103-2號(獅潭鄉公所圖書館樓頂),2025-02,relative_humidity,中央氣象署 CODiS / 現存測站清單,https://codis.cwa.gov.tw/ ; https://hdps.cwa.gov.tw/static/state.html,C0E820-2025.csv,相對溼度,85,%,85,%,直接採用該測站 CODiS 2025 年月報表欄位「相對溼度」作為系統測站層級資料；目前未進行鄉鎮推估。,完整
water,C0E820,獅潭,署屬自動站,苗栗縣,獅潭鄉,220,120.920042,24.539133,新店村11鄰103-2號(獅潭鄉公所圖書館樓頂),2025-03,rainfall,中央氣象署 CODiS / 現存測站清單,https://codis.cwa.gov.tw/ ; https://hdps.cwa.gov.tw/static/state.html,C0E820-2025.csv,降水量,331.5,mm,331.5,mm,直接採用該測站 CODiS 2025 年月報表欄位「降水量」作為系統測站層級資料；目前未進行鄉鎮推估。,完整
water,C0E820,獅潭,署屬自動站,苗栗縣,獅潭鄉,220,120.920042,24.539133,新店村11鄰103-2號(獅潭鄉公所圖書館樓頂),2025-03,rainfall_days,中央氣象署 CODiS / 現存測站清單,https://codis.cwa.gov.tw/ ; https://hdps.cwa.gov.tw/static/state.html,C0E820-2025.csv,降水日數,15,day,15,day,直接採用該測站 CODiS 2025 年月報表欄位「降水日數」作為系統測站層級資料；目前未進行鄉鎮推估。,完整
water,C0E820,獅潭,署屬自動站,苗栗縣,獅潭鄉,220,120.920042,24.539133,新店村11鄰103-2號(獅潭鄉公所圖書館樓頂),2025-03,max_daily_rainfall,中央氣象署 CODiS / 現存測站清單,https://codis.cwa.gov.tw/ ; https://hdps.cwa.gov.tw/static/state.html,C0E820-2025.csv,最大日降水量,81,mm,81,mm,直接採用該測站 CODiS 2025 年月報表欄位「最大日降水量」作為系統測站層級資料；目前未進行鄉鎮推估。,完整
water,C0E820,獅潭,署屬自動站,苗栗縣,獅潭鄉,220,120.920042,24.539133,新店村11鄰103-2號(獅潭鄉公所圖書館樓頂),2025-03,average_temperature,中央氣象署 CODiS / 現存測站清單,https://codis.cwa.gov.tw/ ; https://hdps.cwa.gov.tw/static/state.html,C0E820-2025.csv,氣溫,16.7,℃,16.7,℃,直接採用該測站 CODiS 2025 年月報表欄位「氣溫」作為系統測站層級資料；目前未進行鄉鎮推估。,完整
water,C0E820,獅潭,署屬自動站,苗栗縣,獅潭鄉,220,120.920042,24.539133,新店村11鄰103-2號(獅潭鄉公所圖書館樓頂),2025-03,relative_humidity,中央氣象署 CODiS / 現存測站清單,https://codis.cwa.gov.tw/ ; https://hdps.cwa.gov.tw/static/state.html,C0E820-2025.csv,相對溼度,82,%,82,%,直接採用該測站 CODiS 2025 年月報表欄位「相對溼度」作為系統測站層級資料；目前未進行鄉鎮推估。,完整
water,C0E820,獅潭,署屬自動站,苗栗縣,獅潭鄉,220,120.920042,24.539133,新店村11鄰103-2號(獅潭鄉公所圖書館樓頂),2025-04,rainfall,中央氣象署 CODiS / 現存測站清單,https://codis.cwa.gov.tw/ ; https://hdps.cwa.gov.tw/static/state.html,C0E820-2025.csv,降水量,158,mm,158,mm,直接採用該測站 CODiS 2025 年月報表欄位「降水量」作為系統測站層級資料；目前未進行鄉鎮推估。,完整
water,C0E820,獅潭,署屬自動站,苗栗縣,獅潭鄉,220,120.920042,24.539133,新店村11鄰103-2號(獅潭鄉公所圖書館樓頂),2025-04,rainfall_days,中央氣象署 CODiS / 現存測站清單,https://codis.cwa.gov.tw/ ; https://hdps.cwa.gov.tw/static/state.html,C0E820-2025.csv,降水日數,16,day,16,day,直接採用該測站 CODiS 2025 年月報表欄位「降水日數」作為系統測站層級資料；目前未進行鄉鎮推估。,完整
water,C0E820,獅潭,署屬自動站,苗栗縣,獅潭鄉,220,120.920042,24.539133,新店村11鄰103-2號(獅潭鄉公所圖書館樓頂),2025-04,max_daily_rainfall,中央氣象署 CODiS / 現存測站清單,https://codis.cwa.gov.tw/ ; https://hdps.cwa.gov.tw/static/state.html,C0E820-2025.csv,最大日降水量,40.5,mm,40.5,mm,直接採用該測站 CODiS 2025 年月報表欄位「最大日降水量」作為系統測站層級資料；目前未進行鄉鎮推估。,完整
water,C0E820,獅潭,署屬自動站,苗栗縣,獅潭鄉,220,120.920042,24.539133,新店村11鄰103-2號(獅潭鄉公所圖書館樓頂),2025-04,average_temperature,中央氣象署 CODiS / 現存測站清單,https://codis.cwa.gov.tw/ ; https://hdps.cwa.gov.tw/static/state.html,C0E820-2025.csv,氣溫,20.8,℃,20.8,℃,直接採用該測站 CODiS 2025 年月報表欄位「氣溫」作為系統測站層級資料；目前未進行鄉鎮推估。,完整
water,C0E820,獅潭,署屬自動站,苗栗縣,獅潭鄉,220,120.920042,24.539133,新店村11鄰103-2號(獅潭鄉公所圖書館樓頂),2025-04,relative_humidity,中央氣象署 CODiS / 現存測站清單,https://codis.cwa.gov.tw/ ; https://hdps.cwa.gov.tw/static/state.html,C0E820-2025.csv,相對溼度,81,%,81,%,直接採用該測站 CODiS 2025 年月報表欄位「相對溼度」作為系統測站層級資料；目前未進行鄉鎮推估。,完整
water,C0E820,獅潭,署屬自動站,苗栗縣,獅潭鄉,220,120.920042,24.539133,新店村11鄰103-2號(獅潭鄉公所圖書館樓頂),2025-05,rainfall,中央氣象署 CODiS / 現存測站清單,https://codis.cwa.gov.tw/ ; https://hdps.cwa.gov.tw/static/state.html,C0E820-2025.csv,降水量,393.5,mm,393.5,mm,直接採用該測站 CODiS 2025 年月報表欄位「降水量」作為系統測站層級資料；目前未進行鄉鎮推估。,完整
water,C0E820,獅潭,署屬自動站,苗栗縣,獅潭鄉,220,120.920042,24.539133,新店村11鄰103-2號(獅潭鄉公所圖書館樓頂),2025-05,rainfall_days,中央氣象署 CODiS / 現存測站清單,https://codis.cwa.gov.tw/ ; https://hdps.cwa.gov.tw/static/state.html,C0E820-2025.csv,降水日數,11,day,11,day,直接採用該測站 CODiS 2025 年月報表欄位「降水日數」作為系統測站層級資料；目前未進行鄉鎮推估。,完整
water,C0E820,獅潭,署屬自動站,苗栗縣,獅潭鄉,220,120.920042,24.539133,新店村11鄰103-2號(獅潭鄉公所圖書館樓頂),2025-05,max_daily_rainfall,中央氣象署 CODiS / 現存測站清單,https://codis.cwa.gov.tw/ ; https://hdps.cwa.gov.tw/static/state.html,C0E820-2025.csv,最大日降水量,109,mm,109,mm,直接採用該測站 CODiS 2025 年月報表欄位「最大日降水量」作為系統測站層級資料；目前未進行鄉鎮推估。,完整
water,C0E820,獅潭,署屬自動站,苗栗縣,獅潭鄉,220,120.920042,24.539133,新店村11鄰103-2號(獅潭鄉公所圖書館樓頂),2025-05,average_temperature,中央氣象署 CODiS / 現存測站清單,https://codis.cwa.gov.tw/ ; https://hdps.cwa.gov.tw/static/state.html,C0E820-2025.csv,氣溫,24.2,℃,24.2,℃,直接採用該測站 CODiS 2025 年月報表欄位「氣溫」作為系統測站層級資料；目前未進行鄉鎮推估。,完整
water,C0E820,獅潭,署屬自動站,苗栗縣,獅潭鄉,220,120.920042,24.539133,新店村11鄰103-2號(獅潭鄉公所圖書館樓頂),2025-05,relative_humidity,中央氣象署 CODiS / 現存測站清單,https://codis.cwa.gov.tw/ ; https://hdps.cwa.gov.tw/static/state.html,C0E820-2025.csv,相對溼度,83,%,83,%,直接採用該測站 CODiS 2025 年月報表欄位「相對溼度」作為系統測站層級資料；目前未進行鄉鎮推估。,完整
water,C0E820,獅潭,署屬自動站,苗栗縣,獅潭鄉,220,120.920042,24.539133,新店村11鄰103-2號(獅潭鄉公所圖書館樓頂),2025-06,rainfall,中央氣象署 CODiS / 現存測站清單,https://codis.cwa.gov.tw/ ; https://hdps.cwa.gov.tw/static/state.html,C0E820-2025.csv,降水量,87.5,mm,87.5,mm,直接採用該測站 CODiS 2025 年月報表欄位「降水量」作為系統測站層級資料；目前未進行鄉鎮推估。,完整
water,C0E820,獅潭,署屬自動站,苗栗縣,獅潭鄉,220,120.920042,24.539133,新店村11鄰103-2號(獅潭鄉公所圖書館樓頂),2025-06,rainfall_days,中央氣象署 CODiS / 現存測站清單,https://codis.cwa.gov.tw/ ; https://hdps.cwa.gov.tw/static/state.html,C0E820-2025.csv,降水日數,10,day,10,day,直接採用該測站 CODiS 2025 年月報表欄位「降水日數」作為系統測站層級資料；目前未進行鄉鎮推估。,完整
water,C0E820,獅潭,署屬自動站,苗栗縣,獅潭鄉,220,120.920042,24.539133,新店村11鄰103-2號(獅潭鄉公所圖書館樓頂),2025-06,max_daily_rainfall,中央氣象署 CODiS / 現存測站清單,https://codis.cwa.gov.tw/ ; https://hdps.cwa.gov.tw/static/state.html,C0E820-2025.csv,最大日降水量,25,mm,25,mm,直接採用該測站 CODiS 2025 年月報表欄位「最大日降水量」作為系統測站層級資料；目前未進行鄉鎮推估。,完整
water,C0E820,獅潭,署屬自動站,苗栗縣,獅潭鄉,220,120.920042,24.539133,新店村11鄰103-2號(獅潭鄉公所圖書館樓頂),2025-06,average_temperature,中央氣象署 CODiS / 現存測站清單,https://codis.cwa.gov.tw/ ; https://hdps.cwa.gov.tw/static/state.html,C0E820-2025.csv,氣溫,27.1,℃,27.1,℃,直接採用該測站 CODiS 2025 年月報表欄位「氣溫」作為系統測站層級資料；目前未進行鄉鎮推估。,完整
water,C0E820,獅潭,署屬自動站,苗栗縣,獅潭鄉,220,120.920042,24.539133,新店村11鄰103-2號(獅潭鄉公所圖書館樓頂),2025-06,relative_humidity,中央氣象署 CODiS / 現存測站清單,https://codis.cwa.gov.tw/ ; https://hdps.cwa.gov.tw/static/state.html,C0E820-2025.csv,相對溼度,80,%,80,%,直接採用該測站 CODiS 2025 年月報表欄位「相對溼度」作為系統測站層級資料；目前未進行鄉鎮推估。,完整
water,C0E820,獅潭,署屬自動站,苗栗縣,獅潭鄉,220,120.920042,24.539133,新店村11鄰103-2號(獅潭鄉公所圖書館樓頂),2025-07,rainfall,中央氣象署 CODiS / 現存測站清單,https://codis.cwa.gov.tw/ ; https://hdps.cwa.gov.tw/static/state.html,C0E820-2025.csv,降水量,552.5,mm,552.5,mm,直接採用該測站 CODiS 2025 年月報表欄位「降水量」作為系統測站層級資料；目前未進行鄉鎮推估。,完整
water,C0E820,獅潭,署屬自動站,苗栗縣,獅潭鄉,220,120.920042,24.539133,新店村11鄰103-2號(獅潭鄉公所圖書館樓頂),2025-07,rainfall_days,中央氣象署 CODiS / 現存測站清單,https://codis.cwa.gov.tw/ ; https://hdps.cwa.gov.tw/static/state.html,C0E820-2025.csv,降水日數,21,day,21,day,直接採用該測站 CODiS 2025 年月報表欄位「降水日數」作為系統測站層級資料；目前未進行鄉鎮推估。,完整
water,C0E820,獅潭,署屬自動站,苗栗縣,獅潭鄉,220,120.920042,24.539133,新店村11鄰103-2號(獅潭鄉公所圖書館樓頂),2025-07,max_daily_rainfall,中央氣象署 CODiS / 現存測站清單,https://codis.cwa.gov.tw/ ; https://hdps.cwa.gov.tw/static/state.html,C0E820-2025.csv,最大日降水量,145.5,mm,145.5,mm,直接採用該測站 CODiS 2025 年月報表欄位「最大日降水量」作為系統測站層級資料；目前未進行鄉鎮推估。,完整
water,C0E820,獅潭,署屬自動站,苗栗縣,獅潭鄉,220,120.920042,24.539133,新店村11鄰103-2號(獅潭鄉公所圖書館樓頂),2025-07,average_temperature,中央氣象署 CODiS / 現存測站清單,https://codis.cwa.gov.tw/ ; https://hdps.cwa.gov.tw/static/state.html,C0E820-2025.csv,氣溫,27,℃,27,℃,直接採用該測站 CODiS 2025 年月報表欄位「氣溫」作為系統測站層級資料；目前未進行鄉鎮推估。,完整
water,C0E820,獅潭,署屬自動站,苗栗縣,獅潭鄉,220,120.920042,24.539133,新店村11鄰103-2號(獅潭鄉公所圖書館樓頂),2025-07,relative_humidity,中央氣象署 CODiS / 現存測站清單,https://codis.cwa.gov.tw/ ; https://hdps.cwa.gov.tw/static/state.html,C0E820-2025.csv,相對溼度,85,%,85,%,直接採用該測站 CODiS 2025 年月報表欄位「相對溼度」作為系統測站層級資料；目前未進行鄉鎮推估。,完整
water,C0E820,獅潭,署屬自動站,苗栗縣,獅潭鄉,220,120.920042,24.539133,新店村11鄰103-2號(獅潭鄉公所圖書館樓頂),2025-08,rainfall,中央氣象署 CODiS / 現存測站清單,https://codis.cwa.gov.tw/ ; https://hdps.cwa.gov.tw/static/state.html,C0E820-2025.csv,降水量,108,mm,108,mm,直接採用該測站 CODiS 2025 年月報表欄位「降水量」作為系統測站層級資料；目前未進行鄉鎮推估。,完整
water,C0E820,獅潭,署屬自動站,苗栗縣,獅潭鄉,220,120.920042,24.539133,新店村11鄰103-2號(獅潭鄉公所圖書館樓頂),2025-08,rainfall_days,中央氣象署 CODiS / 現存測站清單,https://codis.cwa.gov.tw/ ; https://hdps.cwa.gov.tw/static/state.html,C0E820-2025.csv,降水日數,13,day,13,day,直接採用該測站 CODiS 2025 年月報表欄位「降水日數」作為系統測站層級資料；目前未進行鄉鎮推估。,完整
water,C0E820,獅潭,署屬自動站,苗栗縣,獅潭鄉,220,120.920042,24.539133,新店村11鄰103-2號(獅潭鄉公所圖書館樓頂),2025-08,max_daily_rainfall,中央氣象署 CODiS / 現存測站清單,https://codis.cwa.gov.tw/ ; https://hdps.cwa.gov.tw/static/state.html,C0E820-2025.csv,最大日降水量,43.5,mm,43.5,mm,直接採用該測站 CODiS 2025 年月報表欄位「最大日降水量」作為系統測站層級資料；目前未進行鄉鎮推估。,完整
water,C0E820,獅潭,署屬自動站,苗栗縣,獅潭鄉,220,120.920042,24.539133,新店村11鄰103-2號(獅潭鄉公所圖書館樓頂),2025-08,average_temperature,中央氣象署 CODiS / 現存測站清單,https://codis.cwa.gov.tw/ ; https://hdps.cwa.gov.tw/static/state.html,C0E820-2025.csv,氣溫,27.2,℃,27.2,℃,直接採用該測站 CODiS 2025 年月報表欄位「氣溫」作為系統測站層級資料；目前未進行鄉鎮推估。,完整
water,C0E820,獅潭,署屬自動站,苗栗縣,獅潭鄉,220,120.920042,24.539133,新店村11鄰103-2號(獅潭鄉公所圖書館樓頂),2025-08,relative_humidity,中央氣象署 CODiS / 現存測站清單,https://codis.cwa.gov.tw/ ; https://hdps.cwa.gov.tw/static/state.html,C0E820-2025.csv,相對溼度,82,%,82,%,直接採用該測站 CODiS 2025 年月報表欄位「相對溼度」作為系統測站層級資料；目前未進行鄉鎮推估。,完整
water,C0E820,獅潭,署屬自動站,苗栗縣,獅潭鄉,220,120.920042,24.539133,新店村11鄰103-2號(獅潭鄉公所圖書館樓頂),2025-09,rainfall,中央氣象署 CODiS / 現存測站清單,https://codis.cwa.gov.tw/ ; https://hdps.cwa.gov.tw/static/state.html,C0E820-2025.csv,降水量,239,mm,239,mm,直接採用該測站 CODiS 2025 年月報表欄位「降水量」作為系統測站層級資料；目前未進行鄉鎮推估。,完整
water,C0E820,獅潭,署屬自動站,苗栗縣,獅潭鄉,220,120.920042,24.539133,新店村11鄰103-2號(獅潭鄉公所圖書館樓頂),2025-09,rainfall_days,中央氣象署 CODiS / 現存測站清單,https://codis.cwa.gov.tw/ ; https://hdps.cwa.gov.tw/static/state.html,C0E820-2025.csv,降水日數,14,day,14,day,直接採用該測站 CODiS 2025 年月報表欄位「降水日數」作為系統測站層級資料；目前未進行鄉鎮推估。,完整
water,C0E820,獅潭,署屬自動站,苗栗縣,獅潭鄉,220,120.920042,24.539133,新店村11鄰103-2號(獅潭鄉公所圖書館樓頂),2025-09,max_daily_rainfall,中央氣象署 CODiS / 現存測站清單,https://codis.cwa.gov.tw/ ; https://hdps.cwa.gov.tw/static/state.html,C0E820-2025.csv,最大日降水量,140,mm,140,mm,直接採用該測站 CODiS 2025 年月報表欄位「最大日降水量」作為系統測站層級資料；目前未進行鄉鎮推估。,完整
water,C0E820,獅潭,署屬自動站,苗栗縣,獅潭鄉,220,120.920042,24.539133,新店村11鄰103-2號(獅潭鄉公所圖書館樓頂),2025-09,average_temperature,中央氣象署 CODiS / 現存測站清單,https://codis.cwa.gov.tw/ ; https://hdps.cwa.gov.tw/static/state.html,C0E820-2025.csv,氣溫,26.8,℃,26.8,℃,直接採用該測站 CODiS 2025 年月報表欄位「氣溫」作為系統測站層級資料；目前未進行鄉鎮推估。,完整
water,C0E820,獅潭,署屬自動站,苗栗縣,獅潭鄉,220,120.920042,24.539133,新店村11鄰103-2號(獅潭鄉公所圖書館樓頂),2025-09,relative_humidity,中央氣象署 CODiS / 現存測站清單,https://codis.cwa.gov.tw/ ; https://hdps.cwa.gov.tw/static/state.html,C0E820-2025.csv,相對溼度,85,%,85,%,直接採用該測站 CODiS 2025 年月報表欄位「相對溼度」作為系統測站層級資料；目前未進行鄉鎮推估。,完整
water,C0E820,獅潭,署屬自動站,苗栗縣,獅潭鄉,220,120.920042,24.539133,新店村11鄰103-2號(獅潭鄉公所圖書館樓頂),2025-10,rainfall,中央氣象署 CODiS / 現存測站清單,https://codis.cwa.gov.tw/ ; https://hdps.cwa.gov.tw/static/state.html,C0E820-2025.csv,降水量,70.5,mm,70.5,mm,直接採用該測站 CODiS 2025 年月報表欄位「降水量」作為系統測站層級資料；目前未進行鄉鎮推估。,完整
water,C0E820,獅潭,署屬自動站,苗栗縣,獅潭鄉,220,120.920042,24.539133,新店村11鄰103-2號(獅潭鄉公所圖書館樓頂),2025-10,rainfall_days,中央氣象署 CODiS / 現存測站清單,https://codis.cwa.gov.tw/ ; https://hdps.cwa.gov.tw/static/state.html,C0E820-2025.csv,降水日數,8,day,8,day,直接採用該測站 CODiS 2025 年月報表欄位「降水日數」作為系統測站層級資料；目前未進行鄉鎮推估。,完整
water,C0E820,獅潭,署屬自動站,苗栗縣,獅潭鄉,220,120.920042,24.539133,新店村11鄰103-2號(獅潭鄉公所圖書館樓頂),2025-10,max_daily_rainfall,中央氣象署 CODiS / 現存測站清單,https://codis.cwa.gov.tw/ ; https://hdps.cwa.gov.tw/static/state.html,C0E820-2025.csv,最大日降水量,27.5,mm,27.5,mm,直接採用該測站 CODiS 2025 年月報表欄位「最大日降水量」作為系統測站層級資料；目前未進行鄉鎮推估。,完整
water,C0E820,獅潭,署屬自動站,苗栗縣,獅潭鄉,220,120.920042,24.539133,新店村11鄰103-2號(獅潭鄉公所圖書館樓頂),2025-10,average_temperature,中央氣象署 CODiS / 現存測站清單,https://codis.cwa.gov.tw/ ; https://hdps.cwa.gov.tw/static/state.html,C0E820-2025.csv,氣溫,25.1,℃,25.1,℃,直接採用該測站 CODiS 2025 年月報表欄位「氣溫」作為系統測站層級資料；目前未進行鄉鎮推估。,完整
water,C0E820,獅潭,署屬自動站,苗栗縣,獅潭鄉,220,120.920042,24.539133,新店村11鄰103-2號(獅潭鄉公所圖書館樓頂),2025-10,relative_humidity,中央氣象署 CODiS / 現存測站清單,https://codis.cwa.gov.tw/ ; https://hdps.cwa.gov.tw/static/state.html,C0E820-2025.csv,相對溼度,82,%,82,%,直接採用該測站 CODiS 2025 年月報表欄位「相對溼度」作為系統測站層級資料；目前未進行鄉鎮推估。,完整
water,C0E820,獅潭,署屬自動站,苗栗縣,獅潭鄉,220,120.920042,24.539133,新店村11鄰103-2號(獅潭鄉公所圖書館樓頂),2025-11,rainfall,中央氣象署 CODiS / 現存測站清單,https://codis.cwa.gov.tw/ ; https://hdps.cwa.gov.tw/static/state.html,C0E820-2025.csv,降水量,20.5,mm,20.5,mm,直接採用該測站 CODiS 2025 年月報表欄位「降水量」作為系統測站層級資料；目前未進行鄉鎮推估。,完整
water,C0E820,獅潭,署屬自動站,苗栗縣,獅潭鄉,220,120.920042,24.539133,新店村11鄰103-2號(獅潭鄉公所圖書館樓頂),2025-11,rainfall_days,中央氣象署 CODiS / 現存測站清單,https://codis.cwa.gov.tw/ ; https://hdps.cwa.gov.tw/static/state.html,C0E820-2025.csv,降水日數,6,day,6,day,直接採用該測站 CODiS 2025 年月報表欄位「降水日數」作為系統測站層級資料；目前未進行鄉鎮推估。,完整
water,C0E820,獅潭,署屬自動站,苗栗縣,獅潭鄉,220,120.920042,24.539133,新店村11鄰103-2號(獅潭鄉公所圖書館樓頂),2025-11,max_daily_rainfall,中央氣象署 CODiS / 現存測站清單,https://codis.cwa.gov.tw/ ; https://hdps.cwa.gov.tw/static/state.html,C0E820-2025.csv,最大日降水量,9,mm,9,mm,直接採用該測站 CODiS 2025 年月報表欄位「最大日降水量」作為系統測站層級資料；目前未進行鄉鎮推估。,完整
water,C0E820,獅潭,署屬自動站,苗栗縣,獅潭鄉,220,120.920042,24.539133,新店村11鄰103-2號(獅潭鄉公所圖書館樓頂),2025-11,average_temperature,中央氣象署 CODiS / 現存測站清單,https://codis.cwa.gov.tw/ ; https://hdps.cwa.gov.tw/static/state.html,C0E820-2025.csv,氣溫,20.1,℃,20.1,℃,直接採用該測站 CODiS 2025 年月報表欄位「氣溫」作為系統測站層級資料；目前未進行鄉鎮推估。,完整
water,C0E820,獅潭,署屬自動站,苗栗縣,獅潭鄉,220,120.920042,24.539133,新店村11鄰103-2號(獅潭鄉公所圖書館樓頂),2025-11,relative_humidity,中央氣象署 CODiS / 現存測站清單,https://codis.cwa.gov.tw/ ; https://hdps.cwa.gov.tw/static/state.html,C0E820-2025.csv,相對溼度,83,%,83,%,直接採用該測站 CODiS 2025 年月報表欄位「相對溼度」作為系統測站層級資料；目前未進行鄉鎮推估。,完整
water,C0E820,獅潭,署屬自動站,苗栗縣,獅潭鄉,220,120.920042,24.539133,新店村11鄰103-2號(獅潭鄉公所圖書館樓頂),2025-12,rainfall,中央氣象署 CODiS / 現存測站清單,https://codis.cwa.gov.tw/ ; https://hdps.cwa.gov.tw/static/state.html,C0E820-2025.csv,降水量,5.5,mm,5.5,mm,直接採用該測站 CODiS 2025 年月報表欄位「降水量」作為系統測站層級資料；目前未進行鄉鎮推估。,完整
water,C0E820,獅潭,署屬自動站,苗栗縣,獅潭鄉,220,120.920042,24.539133,新店村11鄰103-2號(獅潭鄉公所圖書館樓頂),2025-12,rainfall_days,中央氣象署 CODiS / 現存測站清單,https://codis.cwa.gov.tw/ ; https://hdps.cwa.gov.tw/static/state.html,C0E820-2025.csv,降水日數,6,day,6,day,直接採用該測站 CODiS 2025 年月報表欄位「降水日數」作為系統測站層級資料；目前未進行鄉鎮推估。,完整
water,C0E820,獅潭,署屬自動站,苗栗縣,獅潭鄉,220,120.920042,24.539133,新店村11鄰103-2號(獅潭鄉公所圖書館樓頂),2025-12,max_daily_rainfall,中央氣象署 CODiS / 現存測站清單,https://codis.cwa.gov.tw/ ; https://hdps.cwa.gov.tw/static/state.html,C0E820-2025.csv,最大日降水量,2.5,mm,2.5,mm,直接採用該測站 CODiS 2025 年月報表欄位「最大日降水量」作為系統測站層級資料；目前未進行鄉鎮推估。,完整
water,C0E820,獅潭,署屬自動站,苗栗縣,獅潭鄉,220,120.920042,24.539133,新店村11鄰103-2號(獅潭鄉公所圖書館樓頂),2025-12,average_temperature,中央氣象署 CODiS / 現存測站清單,https://codis.cwa.gov.tw/ ; https://hdps.cwa.gov.tw/static/state.html,C0E820-2025.csv,氣溫,17.2,℃,17.2,℃,直接採用該測站 CODiS 2025 年月報表欄位「氣溫」作為系統測站層級資料；目前未進行鄉鎮推估。,完整
water,C0E820,獅潭,署屬自動站,苗栗縣,獅潭鄉,220,120.920042,24.539133,新店村11鄰103-2號(獅潭鄉公所圖書館樓頂),2025-12,relative_humidity,中央氣象署 CODiS / 現存測站清單,https://codis.cwa.gov.tw/ ; https://hdps.cwa.gov.tw/static/state.html,C0E820-2025.csv,相對溼度,84,%,84,%,直接採用該測站 CODiS 2025 年月報表欄位「相對溼度」作為系統測站層級資料；目前未進行鄉鎮推估。,完整
water,C0E830,苑裡,署屬自動站,苗栗縣,苑裡鎮,37,120.653053,24.439714,信義路1號(苑裡鎮公所),2025-01,rainfall,中央氣象署 CODiS / 現存測站清單,https://codis.cwa.gov.tw/ ; https://hdps.cwa.gov.tw/static/state.html,C0E830-2025.csv,降水量,14,mm,14,mm,直接採用該測站 CODiS 2025 年月報表欄位「降水量」作為系統測站層級資料；目前未進行鄉鎮推估。,完整
water,C0E830,苑裡,署屬自動站,苗栗縣,苑裡鎮,37,120.653053,24.439714,信義路1號(苑裡鎮公所),2025-01,rainfall_days,中央氣象署 CODiS / 現存測站清單,https://codis.cwa.gov.tw/ ; https://hdps.cwa.gov.tw/static/state.html,C0E830-2025.csv,降水日數,6,day,6,day,直接採用該測站 CODiS 2025 年月報表欄位「降水日數」作為系統測站層級資料；目前未進行鄉鎮推估。,完整
water,C0E830,苑裡,署屬自動站,苗栗縣,苑裡鎮,37,120.653053,24.439714,信義路1號(苑裡鎮公所),2025-01,max_daily_rainfall,中央氣象署 CODiS / 現存測站清單,https://codis.cwa.gov.tw/ ; https://hdps.cwa.gov.tw/static/state.html,C0E830-2025.csv,最大日降水量,4.5,mm,4.5,mm,直接採用該測站 CODiS 2025 年月報表欄位「最大日降水量」作為系統測站層級資料；目前未進行鄉鎮推估。,完整
water,C0E830,苑裡,署屬自動站,苗栗縣,苑裡鎮,37,120.653053,24.439714,信義路1號(苑裡鎮公所),2025-01,average_temperature,中央氣象署 CODiS / 現存測站清單,https://codis.cwa.gov.tw/ ; https://hdps.cwa.gov.tw/static/state.html,C0E830-2025.csv,氣溫,15,℃,15,℃,直接採用該測站 CODiS 2025 年月報表欄位「氣溫」作為系統測站層級資料；目前未進行鄉鎮推估。,完整
water,C0E830,苑裡,署屬自動站,苗栗縣,苑裡鎮,37,120.653053,24.439714,信義路1號(苑裡鎮公所),2025-01,relative_humidity,中央氣象署 CODiS / 現存測站清單,https://codis.cwa.gov.tw/ ; https://hdps.cwa.gov.tw/static/state.html,C0E830-2025.csv,相對溼度,73,%,73,%,直接採用該測站 CODiS 2025 年月報表欄位「相對溼度」作為系統測站層級資料；目前未進行鄉鎮推估。,完整
water,C0E830,苑裡,署屬自動站,苗栗縣,苑裡鎮,37,120.653053,24.439714,信義路1號(苑裡鎮公所),2025-02,rainfall,中央氣象署 CODiS / 現存測站清單,https://codis.cwa.gov.tw/ ; https://hdps.cwa.gov.tw/static/state.html,C0E830-2025.csv,降水量,53.5,mm,53.5,mm,直接採用該測站 CODiS 2025 年月報表欄位「降水量」作為系統測站層級資料；目前未進行鄉鎮推估。,完整
water,C0E830,苑裡,署屬自動站,苗栗縣,苑裡鎮,37,120.653053,24.439714,信義路1號(苑裡鎮公所),2025-02,rainfall_days,中央氣象署 CODiS / 現存測站清單,https://codis.cwa.gov.tw/ ; https://hdps.cwa.gov.tw/static/state.html,C0E830-2025.csv,降水日數,5,day,5,day,直接採用該測站 CODiS 2025 年月報表欄位「降水日數」作為系統測站層級資料；目前未進行鄉鎮推估。,完整
water,C0E830,苑裡,署屬自動站,苗栗縣,苑裡鎮,37,120.653053,24.439714,信義路1號(苑裡鎮公所),2025-02,max_daily_rainfall,中央氣象署 CODiS / 現存測站清單,https://codis.cwa.gov.tw/ ; https://hdps.cwa.gov.tw/static/state.html,C0E830-2025.csv,最大日降水量,28.5,mm,28.5,mm,直接採用該測站 CODiS 2025 年月報表欄位「最大日降水量」作為系統測站層級資料；目前未進行鄉鎮推估。,完整
water,C0E830,苑裡,署屬自動站,苗栗縣,苑裡鎮,37,120.653053,24.439714,信義路1號(苑裡鎮公所),2025-02,average_temperature,中央氣象署 CODiS / 現存測站清單,https://codis.cwa.gov.tw/ ; https://hdps.cwa.gov.tw/static/state.html,C0E830-2025.csv,氣溫,15,℃,15,℃,直接採用該測站 CODiS 2025 年月報表欄位「氣溫」作為系統測站層級資料；目前未進行鄉鎮推估。,完整
water,C0E830,苑裡,署屬自動站,苗栗縣,苑裡鎮,37,120.653053,24.439714,信義路1號(苑裡鎮公所),2025-02,relative_humidity,中央氣象署 CODiS / 現存測站清單,https://codis.cwa.gov.tw/ ; https://hdps.cwa.gov.tw/static/state.html,C0E830-2025.csv,相對溼度,82,%,82,%,直接採用該測站 CODiS 2025 年月報表欄位「相對溼度」作為系統測站層級資料；目前未進行鄉鎮推估。,完整
water,C0E830,苑裡,署屬自動站,苗栗縣,苑裡鎮,37,120.653053,24.439714,信義路1號(苑裡鎮公所),2025-03,rainfall,中央氣象署 CODiS / 現存測站清單,https://codis.cwa.gov.tw/ ; https://hdps.cwa.gov.tw/static/state.html,C0E830-2025.csv,降水量,160.5,mm,160.5,mm,直接採用該測站 CODiS 2025 年月報表欄位「降水量」作為系統測站層級資料；目前未進行鄉鎮推估。,完整
water,C0E830,苑裡,署屬自動站,苗栗縣,苑裡鎮,37,120.653053,24.439714,信義路1號(苑裡鎮公所),2025-03,rainfall_days,中央氣象署 CODiS / 現存測站清單,https://codis.cwa.gov.tw/ ; https://hdps.cwa.gov.tw/static/state.html,C0E830-2025.csv,降水日數,9,day,9,day,直接採用該測站 CODiS 2025 年月報表欄位「降水日數」作為系統測站層級資料；目前未進行鄉鎮推估。,完整
water,C0E830,苑裡,署屬自動站,苗栗縣,苑裡鎮,37,120.653053,24.439714,信義路1號(苑裡鎮公所),2025-03,max_daily_rainfall,中央氣象署 CODiS / 現存測站清單,https://codis.cwa.gov.tw/ ; https://hdps.cwa.gov.tw/static/state.html,C0E830-2025.csv,最大日降水量,45,mm,45,mm,直接採用該測站 CODiS 2025 年月報表欄位「最大日降水量」作為系統測站層級資料；目前未進行鄉鎮推估。,完整
water,C0E830,苑裡,署屬自動站,苗栗縣,苑裡鎮,37,120.653053,24.439714,信義路1號(苑裡鎮公所),2025-03,average_temperature,中央氣象署 CODiS / 現存測站清單,https://codis.cwa.gov.tw/ ; https://hdps.cwa.gov.tw/static/state.html,C0E830-2025.csv,氣溫,18.1,℃,18.1,℃,直接採用該測站 CODiS 2025 年月報表欄位「氣溫」作為系統測站層級資料；目前未進行鄉鎮推估。,完整
water,C0E830,苑裡,署屬自動站,苗栗縣,苑裡鎮,37,120.653053,24.439714,信義路1號(苑裡鎮公所),2025-03,relative_humidity,中央氣象署 CODiS / 現存測站清單,https://codis.cwa.gov.tw/ ; https://hdps.cwa.gov.tw/static/state.html,C0E830-2025.csv,相對溼度,77,%,77,%,直接採用該測站 CODiS 2025 年月報表欄位「相對溼度」作為系統測站層級資料；目前未進行鄉鎮推估。,完整
water,C0E830,苑裡,署屬自動站,苗栗縣,苑裡鎮,37,120.653053,24.439714,信義路1號(苑裡鎮公所),2025-04,rainfall,中央氣象署 CODiS / 現存測站清單,https://codis.cwa.gov.tw/ ; https://hdps.cwa.gov.tw/static/state.html,C0E830-2025.csv,降水量,136.5,mm,136.5,mm,直接採用該測站 CODiS 2025 年月報表欄位「降水量」作為系統測站層級資料；目前未進行鄉鎮推估。,完整
water,C0E830,苑裡,署屬自動站,苗栗縣,苑裡鎮,37,120.653053,24.439714,信義路1號(苑裡鎮公所),2025-04,rainfall_days,中央氣象署 CODiS / 現存測站清單,https://codis.cwa.gov.tw/ ; https://hdps.cwa.gov.tw/static/state.html,C0E830-2025.csv,降水日數,11,day,11,day,直接採用該測站 CODiS 2025 年月報表欄位「降水日數」作為系統測站層級資料；目前未進行鄉鎮推估。,完整
water,C0E830,苑裡,署屬自動站,苗栗縣,苑裡鎮,37,120.653053,24.439714,信義路1號(苑裡鎮公所),2025-04,max_daily_rainfall,中央氣象署 CODiS / 現存測站清單,https://codis.cwa.gov.tw/ ; https://hdps.cwa.gov.tw/static/state.html,C0E830-2025.csv,最大日降水量,54,mm,54,mm,直接採用該測站 CODiS 2025 年月報表欄位「最大日降水量」作為系統測站層級資料；目前未進行鄉鎮推估。,完整
water,C0E830,苑裡,署屬自動站,苗栗縣,苑裡鎮,37,120.653053,24.439714,信義路1號(苑裡鎮公所),2025-04,average_temperature,中央氣象署 CODiS / 現存測站清單,https://codis.cwa.gov.tw/ ; https://hdps.cwa.gov.tw/static/state.html,C0E830-2025.csv,氣溫,22.6,℃,22.6,℃,直接採用該測站 CODiS 2025 年月報表欄位「氣溫」作為系統測站層級資料；目前未進行鄉鎮推估。,完整
water,C0E830,苑裡,署屬自動站,苗栗縣,苑裡鎮,37,120.653053,24.439714,信義路1號(苑裡鎮公所),2025-04,relative_humidity,中央氣象署 CODiS / 現存測站清單,https://codis.cwa.gov.tw/ ; https://hdps.cwa.gov.tw/static/state.html,C0E830-2025.csv,相對溼度,76,%,76,%,直接採用該測站 CODiS 2025 年月報表欄位「相對溼度」作為系統測站層級資料；目前未進行鄉鎮推估。,完整
water,C0E830,苑裡,署屬自動站,苗栗縣,苑裡鎮,37,120.653053,24.439714,信義路1號(苑裡鎮公所),2025-05,rainfall,中央氣象署 CODiS / 現存測站清單,https://codis.cwa.gov.tw/ ; https://hdps.cwa.gov.tw/static/state.html,C0E830-2025.csv,降水量,212.5,mm,212.5,mm,直接採用該測站 CODiS 2025 年月報表欄位「降水量」作為系統測站層級資料；目前未進行鄉鎮推估。,完整
water,C0E830,苑裡,署屬自動站,苗栗縣,苑裡鎮,37,120.653053,24.439714,信義路1號(苑裡鎮公所),2025-05,rainfall_days,中央氣象署 CODiS / 現存測站清單,https://codis.cwa.gov.tw/ ; https://hdps.cwa.gov.tw/static/state.html,C0E830-2025.csv,降水日數,8,day,8,day,直接採用該測站 CODiS 2025 年月報表欄位「降水日數」作為系統測站層級資料；目前未進行鄉鎮推估。,完整
water,C0E830,苑裡,署屬自動站,苗栗縣,苑裡鎮,37,120.653053,24.439714,信義路1號(苑裡鎮公所),2025-05,max_daily_rainfall,中央氣象署 CODiS / 現存測站清單,https://codis.cwa.gov.tw/ ; https://hdps.cwa.gov.tw/static/state.html,C0E830-2025.csv,最大日降水量,61.5,mm,61.5,mm,直接採用該測站 CODiS 2025 年月報表欄位「最大日降水量」作為系統測站層級資料；目前未進行鄉鎮推估。,完整
water,C0E830,苑裡,署屬自動站,苗栗縣,苑裡鎮,37,120.653053,24.439714,信義路1號(苑裡鎮公所),2025-05,average_temperature,中央氣象署 CODiS / 現存測站清單,https://codis.cwa.gov.tw/ ; https://hdps.cwa.gov.tw/static/state.html,C0E830-2025.csv,氣溫,25.7,℃,25.7,℃,直接採用該測站 CODiS 2025 年月報表欄位「氣溫」作為系統測站層級資料；目前未進行鄉鎮推估。,完整
water,C0E830,苑裡,署屬自動站,苗栗縣,苑裡鎮,37,120.653053,24.439714,信義路1號(苑裡鎮公所),2025-05,relative_humidity,中央氣象署 CODiS / 現存測站清單,https://codis.cwa.gov.tw/ ; https://hdps.cwa.gov.tw/static/state.html,C0E830-2025.csv,相對溼度,79,%,79,%,直接採用該測站 CODiS 2025 年月報表欄位「相對溼度」作為系統測站層級資料；目前未進行鄉鎮推估。,完整
water,C0E830,苑裡,署屬自動站,苗栗縣,苑裡鎮,37,120.653053,24.439714,信義路1號(苑裡鎮公所),2025-06,rainfall,中央氣象署 CODiS / 現存測站清單,https://codis.cwa.gov.tw/ ; https://hdps.cwa.gov.tw/static/state.html,C0E830-2025.csv,降水量,64,mm,64,mm,直接採用該測站 CODiS 2025 年月報表欄位「降水量」作為系統測站層級資料；目前未進行鄉鎮推估。,完整
water,C0E830,苑裡,署屬自動站,苗栗縣,苑裡鎮,37,120.653053,24.439714,信義路1號(苑裡鎮公所),2025-06,rainfall_days,中央氣象署 CODiS / 現存測站清單,https://codis.cwa.gov.tw/ ; https://hdps.cwa.gov.tw/static/state.html,C0E830-2025.csv,降水日數,8,day,8,day,直接採用該測站 CODiS 2025 年月報表欄位「降水日數」作為系統測站層級資料；目前未進行鄉鎮推估。,完整
water,C0E830,苑裡,署屬自動站,苗栗縣,苑裡鎮,37,120.653053,24.439714,信義路1號(苑裡鎮公所),2025-06,max_daily_rainfall,中央氣象署 CODiS / 現存測站清單,https://codis.cwa.gov.tw/ ; https://hdps.cwa.gov.tw/static/state.html,C0E830-2025.csv,最大日降水量,23,mm,23,mm,直接採用該測站 CODiS 2025 年月報表欄位「最大日降水量」作為系統測站層級資料；目前未進行鄉鎮推估。,完整
water,C0E830,苑裡,署屬自動站,苗栗縣,苑裡鎮,37,120.653053,24.439714,信義路1號(苑裡鎮公所),2025-06,average_temperature,中央氣象署 CODiS / 現存測站清單,https://codis.cwa.gov.tw/ ; https://hdps.cwa.gov.tw/static/state.html,C0E830-2025.csv,氣溫,28.5,℃,28.5,℃,直接採用該測站 CODiS 2025 年月報表欄位「氣溫」作為系統測站層級資料；目前未進行鄉鎮推估。,完整
water,C0E830,苑裡,署屬自動站,苗栗縣,苑裡鎮,37,120.653053,24.439714,信義路1號(苑裡鎮公所),2025-06,relative_humidity,中央氣象署 CODiS / 現存測站清單,https://codis.cwa.gov.tw/ ; https://hdps.cwa.gov.tw/static/state.html,C0E830-2025.csv,相對溼度,78,%,78,%,直接採用該測站 CODiS 2025 年月報表欄位「相對溼度」作為系統測站層級資料；目前未進行鄉鎮推估。,完整
water,C0E830,苑裡,署屬自動站,苗栗縣,苑裡鎮,37,120.653053,24.439714,信義路1號(苑裡鎮公所),2025-07,rainfall,中央氣象署 CODiS / 現存測站清單,https://codis.cwa.gov.tw/ ; https://hdps.cwa.gov.tw/static/state.html,C0E830-2025.csv,降水量,753,mm,753,mm,直接採用該測站 CODiS 2025 年月報表欄位「降水量」作為系統測站層級資料；目前未進行鄉鎮推估。,完整
water,C0E830,苑裡,署屬自動站,苗栗縣,苑裡鎮,37,120.653053,24.439714,信義路1號(苑裡鎮公所),2025-07,rainfall_days,中央氣象署 CODiS / 現存測站清單,https://codis.cwa.gov.tw/ ; https://hdps.cwa.gov.tw/static/state.html,C0E830-2025.csv,降水日數,18,day,18,day,直接採用該測站 CODiS 2025 年月報表欄位「降水日數」作為系統測站層級資料；目前未進行鄉鎮推估。,完整
water,C0E830,苑裡,署屬自動站,苗栗縣,苑裡鎮,37,120.653053,24.439714,信義路1號(苑裡鎮公所),2025-07,max_daily_rainfall,中央氣象署 CODiS / 現存測站清單,https://codis.cwa.gov.tw/ ; https://hdps.cwa.gov.tw/static/state.html,C0E830-2025.csv,最大日降水量,265,mm,265,mm,直接採用該測站 CODiS 2025 年月報表欄位「最大日降水量」作為系統測站層級資料；目前未進行鄉鎮推估。,完整
water,C0E830,苑裡,署屬自動站,苗栗縣,苑裡鎮,37,120.653053,24.439714,信義路1號(苑裡鎮公所),2025-07,average_temperature,中央氣象署 CODiS / 現存測站清單,https://codis.cwa.gov.tw/ ; https://hdps.cwa.gov.tw/static/state.html,C0E830-2025.csv,氣溫,28.4,℃,28.4,℃,直接採用該測站 CODiS 2025 年月報表欄位「氣溫」作為系統測站層級資料；目前未進行鄉鎮推估。,完整
water,C0E830,苑裡,署屬自動站,苗栗縣,苑裡鎮,37,120.653053,24.439714,信義路1號(苑裡鎮公所),2025-07,relative_humidity,中央氣象署 CODiS / 現存測站清單,https://codis.cwa.gov.tw/ ; https://hdps.cwa.gov.tw/static/state.html,C0E830-2025.csv,相對溼度,81,%,81,%,直接採用該測站 CODiS 2025 年月報表欄位「相對溼度」作為系統測站層級資料；目前未進行鄉鎮推估。,完整
water,C0E830,苑裡,署屬自動站,苗栗縣,苑裡鎮,37,120.653053,24.439714,信義路1號(苑裡鎮公所),2025-08,rainfall,中央氣象署 CODiS / 現存測站清單,https://codis.cwa.gov.tw/ ; https://hdps.cwa.gov.tw/static/state.html,C0E830-2025.csv,降水量,98,mm,98,mm,直接採用該測站 CODiS 2025 年月報表欄位「降水量」作為系統測站層級資料；目前未進行鄉鎮推估。,完整
water,C0E830,苑裡,署屬自動站,苗栗縣,苑裡鎮,37,120.653053,24.439714,信義路1號(苑裡鎮公所),2025-08,rainfall_days,中央氣象署 CODiS / 現存測站清單,https://codis.cwa.gov.tw/ ; https://hdps.cwa.gov.tw/static/state.html,C0E830-2025.csv,降水日數,6,day,6,day,直接採用該測站 CODiS 2025 年月報表欄位「降水日數」作為系統測站層級資料；目前未進行鄉鎮推估。,完整
water,C0E830,苑裡,署屬自動站,苗栗縣,苑裡鎮,37,120.653053,24.439714,信義路1號(苑裡鎮公所),2025-08,max_daily_rainfall,中央氣象署 CODiS / 現存測站清單,https://codis.cwa.gov.tw/ ; https://hdps.cwa.gov.tw/static/state.html,C0E830-2025.csv,最大日降水量,43,mm,43,mm,直接採用該測站 CODiS 2025 年月報表欄位「最大日降水量」作為系統測站層級資料；目前未進行鄉鎮推估。,完整
water,C0E830,苑裡,署屬自動站,苗栗縣,苑裡鎮,37,120.653053,24.439714,信義路1號(苑裡鎮公所),2025-08,average_temperature,中央氣象署 CODiS / 現存測站清單,https://codis.cwa.gov.tw/ ; https://hdps.cwa.gov.tw/static/state.html,C0E830-2025.csv,氣溫,29,℃,29,℃,直接採用該測站 CODiS 2025 年月報表欄位「氣溫」作為系統測站層級資料；目前未進行鄉鎮推估。,完整
water,C0E830,苑裡,署屬自動站,苗栗縣,苑裡鎮,37,120.653053,24.439714,信義路1號(苑裡鎮公所),2025-08,relative_humidity,中央氣象署 CODiS / 現存測站清單,https://codis.cwa.gov.tw/ ; https://hdps.cwa.gov.tw/static/state.html,C0E830-2025.csv,相對溼度,76,%,76,%,直接採用該測站 CODiS 2025 年月報表欄位「相對溼度」作為系統測站層級資料；目前未進行鄉鎮推估。,完整
water,C0E830,苑裡,署屬自動站,苗栗縣,苑裡鎮,37,120.653053,24.439714,信義路1號(苑裡鎮公所),2025-09,rainfall,中央氣象署 CODiS / 現存測站清單,https://codis.cwa.gov.tw/ ; https://hdps.cwa.gov.tw/static/state.html,C0E830-2025.csv,降水量,58.5,mm,58.5,mm,直接採用該測站 CODiS 2025 年月報表欄位「降水量」作為系統測站層級資料；目前未進行鄉鎮推估。,完整
water,C0E830,苑裡,署屬自動站,苗栗縣,苑裡鎮,37,120.653053,24.439714,信義路1號(苑裡鎮公所),2025-09,rainfall_days,中央氣象署 CODiS / 現存測站清單,https://codis.cwa.gov.tw/ ; https://hdps.cwa.gov.tw/static/state.html,C0E830-2025.csv,降水日數,7,day,7,day,直接採用該測站 CODiS 2025 年月報表欄位「降水日數」作為系統測站層級資料；目前未進行鄉鎮推估。,完整
water,C0E830,苑裡,署屬自動站,苗栗縣,苑裡鎮,37,120.653053,24.439714,信義路1號(苑裡鎮公所),2025-09,max_daily_rainfall,中央氣象署 CODiS / 現存測站清單,https://codis.cwa.gov.tw/ ; https://hdps.cwa.gov.tw/static/state.html,C0E830-2025.csv,最大日降水量,24.5,mm,24.5,mm,直接採用該測站 CODiS 2025 年月報表欄位「最大日降水量」作為系統測站層級資料；目前未進行鄉鎮推估。,完整
water,C0E830,苑裡,署屬自動站,苗栗縣,苑裡鎮,37,120.653053,24.439714,信義路1號(苑裡鎮公所),2025-09,average_temperature,中央氣象署 CODiS / 現存測站清單,https://codis.cwa.gov.tw/ ; https://hdps.cwa.gov.tw/static/state.html,C0E830-2025.csv,氣溫,28.8,℃,28.8,℃,直接採用該測站 CODiS 2025 年月報表欄位「氣溫」作為系統測站層級資料；目前未進行鄉鎮推估。,完整
water,C0E830,苑裡,署屬自動站,苗栗縣,苑裡鎮,37,120.653053,24.439714,信義路1號(苑裡鎮公所),2025-09,relative_humidity,中央氣象署 CODiS / 現存測站清單,https://codis.cwa.gov.tw/ ; https://hdps.cwa.gov.tw/static/state.html,C0E830-2025.csv,相對溼度,78,%,78,%,直接採用該測站 CODiS 2025 年月報表欄位「相對溼度」作為系統測站層級資料；目前未進行鄉鎮推估。,完整
water,C0E830,苑裡,署屬自動站,苗栗縣,苑裡鎮,37,120.653053,24.439714,信義路1號(苑裡鎮公所),2025-10,rainfall,中央氣象署 CODiS / 現存測站清單,https://codis.cwa.gov.tw/ ; https://hdps.cwa.gov.tw/static/state.html,C0E830-2025.csv,降水量,29,mm,29,mm,直接採用該測站 CODiS 2025 年月報表欄位「降水量」作為系統測站層級資料；目前未進行鄉鎮推估。,完整
water,C0E830,苑裡,署屬自動站,苗栗縣,苑裡鎮,37,120.653053,24.439714,信義路1號(苑裡鎮公所),2025-10,rainfall_days,中央氣象署 CODiS / 現存測站清單,https://codis.cwa.gov.tw/ ; https://hdps.cwa.gov.tw/static/state.html,C0E830-2025.csv,降水日數,4,day,4,day,直接採用該測站 CODiS 2025 年月報表欄位「降水日數」作為系統測站層級資料；目前未進行鄉鎮推估。,完整
water,C0E830,苑裡,署屬自動站,苗栗縣,苑裡鎮,37,120.653053,24.439714,信義路1號(苑裡鎮公所),2025-10,max_daily_rainfall,中央氣象署 CODiS / 現存測站清單,https://codis.cwa.gov.tw/ ; https://hdps.cwa.gov.tw/static/state.html,C0E830-2025.csv,最大日降水量,14.5,mm,14.5,mm,直接採用該測站 CODiS 2025 年月報表欄位「最大日降水量」作為系統測站層級資料；目前未進行鄉鎮推估。,完整
water,C0E830,苑裡,署屬自動站,苗栗縣,苑裡鎮,37,120.653053,24.439714,信義路1號(苑裡鎮公所),2025-10,average_temperature,中央氣象署 CODiS / 現存測站清單,https://codis.cwa.gov.tw/ ; https://hdps.cwa.gov.tw/static/state.html,C0E830-2025.csv,氣溫,26.6,℃,26.6,℃,直接採用該測站 CODiS 2025 年月報表欄位「氣溫」作為系統測站層級資料；目前未進行鄉鎮推估。,完整
water,C0E830,苑裡,署屬自動站,苗栗縣,苑裡鎮,37,120.653053,24.439714,信義路1號(苑裡鎮公所),2025-10,relative_humidity,中央氣象署 CODiS / 現存測站清單,https://codis.cwa.gov.tw/ ; https://hdps.cwa.gov.tw/static/state.html,C0E830-2025.csv,相對溼度,78,%,78,%,直接採用該測站 CODiS 2025 年月報表欄位「相對溼度」作為系統測站層級資料；目前未進行鄉鎮推估。,完整
water,C0E830,苑裡,署屬自動站,苗栗縣,苑裡鎮,37,120.653053,24.439714,信義路1號(苑裡鎮公所),2025-11,rainfall,中央氣象署 CODiS / 現存測站清單,https://codis.cwa.gov.tw/ ; https://hdps.cwa.gov.tw/static/state.html,C0E830-2025.csv,降水量,8.5,mm,8.5,mm,直接採用該測站 CODiS 2025 年月報表欄位「降水量」作為系統測站層級資料；目前未進行鄉鎮推估。,完整
water,C0E830,苑裡,署屬自動站,苗栗縣,苑裡鎮,37,120.653053,24.439714,信義路1號(苑裡鎮公所),2025-11,rainfall_days,中央氣象署 CODiS / 現存測站清單,https://codis.cwa.gov.tw/ ; https://hdps.cwa.gov.tw/static/state.html,C0E830-2025.csv,降水日數,2,day,2,day,直接採用該測站 CODiS 2025 年月報表欄位「降水日數」作為系統測站層級資料；目前未進行鄉鎮推估。,完整
water,C0E830,苑裡,署屬自動站,苗栗縣,苑裡鎮,37,120.653053,24.439714,信義路1號(苑裡鎮公所),2025-11,max_daily_rainfall,中央氣象署 CODiS / 現存測站清單,https://codis.cwa.gov.tw/ ; https://hdps.cwa.gov.tw/static/state.html,C0E830-2025.csv,最大日降水量,5,mm,5,mm,直接採用該測站 CODiS 2025 年月報表欄位「最大日降水量」作為系統測站層級資料；目前未進行鄉鎮推估。,完整
water,C0E830,苑裡,署屬自動站,苗栗縣,苑裡鎮,37,120.653053,24.439714,信義路1號(苑裡鎮公所),2025-11,average_temperature,中央氣象署 CODiS / 現存測站清單,https://codis.cwa.gov.tw/ ; https://hdps.cwa.gov.tw/static/state.html,C0E830-2025.csv,氣溫,21.7,℃,21.7,℃,直接採用該測站 CODiS 2025 年月報表欄位「氣溫」作為系統測站層級資料；目前未進行鄉鎮推估。,完整
water,C0E830,苑裡,署屬自動站,苗栗縣,苑裡鎮,37,120.653053,24.439714,信義路1號(苑裡鎮公所),2025-11,relative_humidity,中央氣象署 CODiS / 現存測站清單,https://codis.cwa.gov.tw/ ; https://hdps.cwa.gov.tw/static/state.html,C0E830-2025.csv,相對溼度,76,%,76,%,直接採用該測站 CODiS 2025 年月報表欄位「相對溼度」作為系統測站層級資料；目前未進行鄉鎮推估。,完整
water,C0E830,苑裡,署屬自動站,苗栗縣,苑裡鎮,37,120.653053,24.439714,信義路1號(苑裡鎮公所),2025-12,rainfall,中央氣象署 CODiS / 現存測站清單,https://codis.cwa.gov.tw/ ; https://hdps.cwa.gov.tw/static/state.html,C0E830-2025.csv,降水量,1,mm,1,mm,直接採用該測站 CODiS 2025 年月報表欄位「降水量」作為系統測站層級資料；目前未進行鄉鎮推估。,完整
water,C0E830,苑裡,署屬自動站,苗栗縣,苑裡鎮,37,120.653053,24.439714,信義路1號(苑裡鎮公所),2025-12,rainfall_days,中央氣象署 CODiS / 現存測站清單,https://codis.cwa.gov.tw/ ; https://hdps.cwa.gov.tw/static/state.html,C0E830-2025.csv,降水日數,2,day,2,day,直接採用該測站 CODiS 2025 年月報表欄位「降水日數」作為系統測站層級資料；目前未進行鄉鎮推估。,完整
water,C0E830,苑裡,署屬自動站,苗栗縣,苑裡鎮,37,120.653053,24.439714,信義路1號(苑裡鎮公所),2025-12,max_daily_rainfall,中央氣象署 CODiS / 現存測站清單,https://codis.cwa.gov.tw/ ; https://hdps.cwa.gov.tw/static/state.html,C0E830-2025.csv,最大日降水量,0.5,mm,0.5,mm,直接採用該測站 CODiS 2025 年月報表欄位「最大日降水量」作為系統測站層級資料；目前未進行鄉鎮推估。,完整
water,C0E830,苑裡,署屬自動站,苗栗縣,苑裡鎮,37,120.653053,24.439714,信義路1號(苑裡鎮公所),2025-12,average_temperature,中央氣象署 CODiS / 現存測站清單,https://codis.cwa.gov.tw/ ; https://hdps.cwa.gov.tw/static/state.html,C0E830-2025.csv,氣溫,18.6,℃,18.6,℃,直接採用該測站 CODiS 2025 年月報表欄位「氣溫」作為系統測站層級資料；目前未進行鄉鎮推估。,完整
water,C0E830,苑裡,署屬自動站,苗栗縣,苑裡鎮,37,120.653053,24.439714,信義路1號(苑裡鎮公所),2025-12,relative_humidity,中央氣象署 CODiS / 現存測站清單,https://codis.cwa.gov.tw/ ; https://hdps.cwa.gov.tw/static/state.html,C0E830-2025.csv,相對溼度,79,%,79,%,直接採用該測站 CODiS 2025 年月報表欄位「相對溼度」作為系統測站層級資料；目前未進行鄉鎮推估。,完整
water,C0E850,大河,署屬自動站,苗栗縣,三灣鄉,104,120.948578,24.618069,大河村48號(大河派出所),2025-01,rainfall,中央氣象署 CODiS / 現存測站清單,https://codis.cwa.gov.tw/ ; https://hdps.cwa.gov.tw/static/state.html,C0E850-2025.csv,降水量,51.5,mm,51.5,mm,直接採用該測站 CODiS 2025 年月報表欄位「降水量」作為系統測站層級資料；目前未進行鄉鎮推估。,完整
water,C0E850,大河,署屬自動站,苗栗縣,三灣鄉,104,120.948578,24.618069,大河村48號(大河派出所),2025-01,rainfall_days,中央氣象署 CODiS / 現存測站清單,https://codis.cwa.gov.tw/ ; https://hdps.cwa.gov.tw/static/state.html,C0E850-2025.csv,降水日數,9,day,9,day,直接採用該測站 CODiS 2025 年月報表欄位「降水日數」作為系統測站層級資料；目前未進行鄉鎮推估。,完整
water,C0E850,大河,署屬自動站,苗栗縣,三灣鄉,104,120.948578,24.618069,大河村48號(大河派出所),2025-01,max_daily_rainfall,中央氣象署 CODiS / 現存測站清單,https://codis.cwa.gov.tw/ ; https://hdps.cwa.gov.tw/static/state.html,C0E850-2025.csv,最大日降水量,11.5,mm,11.5,mm,直接採用該測站 CODiS 2025 年月報表欄位「最大日降水量」作為系統測站層級資料；目前未進行鄉鎮推估。,完整
water,C0E850,大河,署屬自動站,苗栗縣,三灣鄉,104,120.948578,24.618069,大河村48號(大河派出所),2025-01,average_temperature,中央氣象署 CODiS / 現存測站清單,https://codis.cwa.gov.tw/ ; https://hdps.cwa.gov.tw/static/state.html,C0E850-2025.csv,氣溫,12.2,℃,12.2,℃,直接採用該測站 CODiS 2025 年月報表欄位「氣溫」作為系統測站層級資料；目前未進行鄉鎮推估。,完整
water,C0E850,大河,署屬自動站,苗栗縣,三灣鄉,104,120.948578,24.618069,大河村48號(大河派出所),2025-01,relative_humidity,中央氣象署 CODiS / 現存測站清單,https://codis.cwa.gov.tw/ ; https://hdps.cwa.gov.tw/static/state.html,C0E850-2025.csv,相對溼度,75,%,75,%,直接採用該測站 CODiS 2025 年月報表欄位「相對溼度」作為系統測站層級資料；目前未進行鄉鎮推估。,完整
water,C0E850,大河,署屬自動站,苗栗縣,三灣鄉,104,120.948578,24.618069,大河村48號(大河派出所),2025-02,rainfall,中央氣象署 CODiS / 現存測站清單,https://codis.cwa.gov.tw/ ; https://hdps.cwa.gov.tw/static/state.html,C0E850-2025.csv,降水量,97,mm,97,mm,直接採用該測站 CODiS 2025 年月報表欄位「降水量」作為系統測站層級資料；目前未進行鄉鎮推估。,完整
water,C0E850,大河,署屬自動站,苗栗縣,三灣鄉,104,120.948578,24.618069,大河村48號(大河派出所),2025-02,rainfall_days,中央氣象署 CODiS / 現存測站清單,https://codis.cwa.gov.tw/ ; https://hdps.cwa.gov.tw/static/state.html,C0E850-2025.csv,降水日數,9,day,9,day,直接採用該測站 CODiS 2025 年月報表欄位「降水日數」作為系統測站層級資料；目前未進行鄉鎮推估。,完整
water,C0E850,大河,署屬自動站,苗栗縣,三灣鄉,104,120.948578,24.618069,大河村48號(大河派出所),2025-02,max_daily_rainfall,中央氣象署 CODiS / 現存測站清單,https://codis.cwa.gov.tw/ ; https://hdps.cwa.gov.tw/static/state.html,C0E850-2025.csv,最大日降水量,34.5,mm,34.5,mm,直接採用該測站 CODiS 2025 年月報表欄位「最大日降水量」作為系統測站層級資料；目前未進行鄉鎮推估。,完整
water,C0E850,大河,署屬自動站,苗栗縣,三灣鄉,104,120.948578,24.618069,大河村48號(大河派出所),2025-02,average_temperature,中央氣象署 CODiS / 現存測站清單,https://codis.cwa.gov.tw/ ; https://hdps.cwa.gov.tw/static/state.html,C0E850-2025.csv,氣溫,13.1,℃,13.1,℃,直接採用該測站 CODiS 2025 年月報表欄位「氣溫」作為系統測站層級資料；目前未進行鄉鎮推估。,完整
water,C0E850,大河,署屬自動站,苗栗縣,三灣鄉,104,120.948578,24.618069,大河村48號(大河派出所),2025-02,relative_humidity,中央氣象署 CODiS / 現存測站清單,https://codis.cwa.gov.tw/ ; https://hdps.cwa.gov.tw/static/state.html,C0E850-2025.csv,相對溼度,82,%,82,%,直接採用該測站 CODiS 2025 年月報表欄位「相對溼度」作為系統測站層級資料；目前未進行鄉鎮推估。,完整
water,C0E850,大河,署屬自動站,苗栗縣,三灣鄉,104,120.948578,24.618069,大河村48號(大河派出所),2025-03,rainfall,中央氣象署 CODiS / 現存測站清單,https://codis.cwa.gov.tw/ ; https://hdps.cwa.gov.tw/static/state.html,C0E850-2025.csv,降水量,286,mm,286,mm,直接採用該測站 CODiS 2025 年月報表欄位「降水量」作為系統測站層級資料；目前未進行鄉鎮推估。,完整
water,C0E850,大河,署屬自動站,苗栗縣,三灣鄉,104,120.948578,24.618069,大河村48號(大河派出所),2025-03,rainfall_days,中央氣象署 CODiS / 現存測站清單,https://codis.cwa.gov.tw/ ; https://hdps.cwa.gov.tw/static/state.html,C0E850-2025.csv,降水日數,12,day,12,day,直接採用該測站 CODiS 2025 年月報表欄位「降水日數」作為系統測站層級資料；目前未進行鄉鎮推估。,完整
water,C0E850,大河,署屬自動站,苗栗縣,三灣鄉,104,120.948578,24.618069,大河村48號(大河派出所),2025-03,max_daily_rainfall,中央氣象署 CODiS / 現存測站清單,https://codis.cwa.gov.tw/ ; https://hdps.cwa.gov.tw/static/state.html,C0E850-2025.csv,最大日降水量,60,mm,60,mm,直接採用該測站 CODiS 2025 年月報表欄位「最大日降水量」作為系統測站層級資料；目前未進行鄉鎮推估。,完整
water,C0E850,大河,署屬自動站,苗栗縣,三灣鄉,104,120.948578,24.618069,大河村48號(大河派出所),2025-03,average_temperature,中央氣象署 CODiS / 現存測站清單,https://codis.cwa.gov.tw/ ; https://hdps.cwa.gov.tw/static/state.html,C0E850-2025.csv,氣溫,15.6,℃,15.6,℃,直接採用該測站 CODiS 2025 年月報表欄位「氣溫」作為系統測站層級資料；目前未進行鄉鎮推估。,完整
water,C0E850,大河,署屬自動站,苗栗縣,三灣鄉,104,120.948578,24.618069,大河村48號(大河派出所),2025-03,relative_humidity,中央氣象署 CODiS / 現存測站清單,https://codis.cwa.gov.tw/ ; https://hdps.cwa.gov.tw/static/state.html,C0E850-2025.csv,相對溼度,80,%,80,%,直接採用該測站 CODiS 2025 年月報表欄位「相對溼度」作為系統測站層級資料；目前未進行鄉鎮推估。,完整
water,C0E850,大河,署屬自動站,苗栗縣,三灣鄉,104,120.948578,24.618069,大河村48號(大河派出所),2025-04,rainfall,中央氣象署 CODiS / 現存測站清單,https://codis.cwa.gov.tw/ ; https://hdps.cwa.gov.tw/static/state.html,C0E850-2025.csv,降水量,187,mm,187,mm,直接採用該測站 CODiS 2025 年月報表欄位「降水量」作為系統測站層級資料；目前未進行鄉鎮推估。,完整
water,C0E850,大河,署屬自動站,苗栗縣,三灣鄉,104,120.948578,24.618069,大河村48號(大河派出所),2025-04,rainfall_days,中央氣象署 CODiS / 現存測站清單,https://codis.cwa.gov.tw/ ; https://hdps.cwa.gov.tw/static/state.html,C0E850-2025.csv,降水日數,14,day,14,day,直接採用該測站 CODiS 2025 年月報表欄位「降水日數」作為系統測站層級資料；目前未進行鄉鎮推估。,完整
water,C0E850,大河,署屬自動站,苗栗縣,三灣鄉,104,120.948578,24.618069,大河村48號(大河派出所),2025-04,max_daily_rainfall,中央氣象署 CODiS / 現存測站清單,https://codis.cwa.gov.tw/ ; https://hdps.cwa.gov.tw/static/state.html,C0E850-2025.csv,最大日降水量,58.5,mm,58.5,mm,直接採用該測站 CODiS 2025 年月報表欄位「最大日降水量」作為系統測站層級資料；目前未進行鄉鎮推估。,完整
water,C0E850,大河,署屬自動站,苗栗縣,三灣鄉,104,120.948578,24.618069,大河村48號(大河派出所),2025-04,average_temperature,中央氣象署 CODiS / 現存測站清單,https://codis.cwa.gov.tw/ ; https://hdps.cwa.gov.tw/static/state.html,C0E850-2025.csv,氣溫,19.7,℃,19.7,℃,直接採用該測站 CODiS 2025 年月報表欄位「氣溫」作為系統測站層級資料；目前未進行鄉鎮推估。,完整
water,C0E850,大河,署屬自動站,苗栗縣,三灣鄉,104,120.948578,24.618069,大河村48號(大河派出所),2025-04,relative_humidity,中央氣象署 CODiS / 現存測站清單,https://codis.cwa.gov.tw/ ; https://hdps.cwa.gov.tw/static/state.html,C0E850-2025.csv,相對溼度,81,%,81,%,直接採用該測站 CODiS 2025 年月報表欄位「相對溼度」作為系統測站層級資料；目前未進行鄉鎮推估。,完整
water,C0E850,大河,署屬自動站,苗栗縣,三灣鄉,104,120.948578,24.618069,大河村48號(大河派出所),2025-05,rainfall,中央氣象署 CODiS / 現存測站清單,https://codis.cwa.gov.tw/ ; https://hdps.cwa.gov.tw/static/state.html,C0E850-2025.csv,降水量,339,mm,339,mm,直接採用該測站 CODiS 2025 年月報表欄位「降水量」作為系統測站層級資料；目前未進行鄉鎮推估。,完整
water,C0E850,大河,署屬自動站,苗栗縣,三灣鄉,104,120.948578,24.618069,大河村48號(大河派出所),2025-05,rainfall_days,中央氣象署 CODiS / 現存測站清單,https://codis.cwa.gov.tw/ ; https://hdps.cwa.gov.tw/static/state.html,C0E850-2025.csv,降水日數,13,day,13,day,直接採用該測站 CODiS 2025 年月報表欄位「降水日數」作為系統測站層級資料；目前未進行鄉鎮推估。,完整
water,C0E850,大河,署屬自動站,苗栗縣,三灣鄉,104,120.948578,24.618069,大河村48號(大河派出所),2025-05,max_daily_rainfall,中央氣象署 CODiS / 現存測站清單,https://codis.cwa.gov.tw/ ; https://hdps.cwa.gov.tw/static/state.html,C0E850-2025.csv,最大日降水量,97,mm,97,mm,直接採用該測站 CODiS 2025 年月報表欄位「最大日降水量」作為系統測站層級資料；目前未進行鄉鎮推估。,完整
water,C0E850,大河,署屬自動站,苗栗縣,三灣鄉,104,120.948578,24.618069,大河村48號(大河派出所),2025-05,average_temperature,中央氣象署 CODiS / 現存測站清單,https://codis.cwa.gov.tw/ ; https://hdps.cwa.gov.tw/static/state.html,C0E850-2025.csv,氣溫,23,℃,23,℃,直接採用該測站 CODiS 2025 年月報表欄位「氣溫」作為系統測站層級資料；目前未進行鄉鎮推估。,完整
water,C0E850,大河,署屬自動站,苗栗縣,三灣鄉,104,120.948578,24.618069,大河村48號(大河派出所),2025-05,relative_humidity,中央氣象署 CODiS / 現存測站清單,https://codis.cwa.gov.tw/ ; https://hdps.cwa.gov.tw/static/state.html,C0E850-2025.csv,相對溼度,84,%,84,%,直接採用該測站 CODiS 2025 年月報表欄位「相對溼度」作為系統測站層級資料；目前未進行鄉鎮推估。,完整
water,C0E850,大河,署屬自動站,苗栗縣,三灣鄉,104,120.948578,24.618069,大河村48號(大河派出所),2025-06,rainfall,中央氣象署 CODiS / 現存測站清單,https://codis.cwa.gov.tw/ ; https://hdps.cwa.gov.tw/static/state.html,C0E850-2025.csv,降水量,164,mm,164,mm,直接採用該測站 CODiS 2025 年月報表欄位「降水量」作為系統測站層級資料；目前未進行鄉鎮推估。,完整
water,C0E850,大河,署屬自動站,苗栗縣,三灣鄉,104,120.948578,24.618069,大河村48號(大河派出所),2025-06,rainfall_days,中央氣象署 CODiS / 現存測站清單,https://codis.cwa.gov.tw/ ; https://hdps.cwa.gov.tw/static/state.html,C0E850-2025.csv,降水日數,13,day,13,day,直接採用該測站 CODiS 2025 年月報表欄位「降水日數」作為系統測站層級資料；目前未進行鄉鎮推估。,完整
water,C0E850,大河,署屬自動站,苗栗縣,三灣鄉,104,120.948578,24.618069,大河村48號(大河派出所),2025-06,max_daily_rainfall,中央氣象署 CODiS / 現存測站清單,https://codis.cwa.gov.tw/ ; https://hdps.cwa.gov.tw/static/state.html,C0E850-2025.csv,最大日降水量,63,mm,63,mm,直接採用該測站 CODiS 2025 年月報表欄位「最大日降水量」作為系統測站層級資料；目前未進行鄉鎮推估。,完整
water,C0E850,大河,署屬自動站,苗栗縣,三灣鄉,104,120.948578,24.618069,大河村48號(大河派出所),2025-06,average_temperature,中央氣象署 CODiS / 現存測站清單,https://codis.cwa.gov.tw/ ; https://hdps.cwa.gov.tw/static/state.html,C0E850-2025.csv,氣溫,26.2,℃,26.2,℃,直接採用該測站 CODiS 2025 年月報表欄位「氣溫」作為系統測站層級資料；目前未進行鄉鎮推估。,完整
water,C0E850,大河,署屬自動站,苗栗縣,三灣鄉,104,120.948578,24.618069,大河村48號(大河派出所),2025-06,relative_humidity,中央氣象署 CODiS / 現存測站清單,https://codis.cwa.gov.tw/ ; https://hdps.cwa.gov.tw/static/state.html,C0E850-2025.csv,相對溼度,81,%,81,%,直接採用該測站 CODiS 2025 年月報表欄位「相對溼度」作為系統測站層級資料；目前未進行鄉鎮推估。,完整
water,C0E850,大河,署屬自動站,苗栗縣,三灣鄉,104,120.948578,24.618069,大河村48號(大河派出所),2025-07,rainfall,中央氣象署 CODiS / 現存測站清單,https://codis.cwa.gov.tw/ ; https://hdps.cwa.gov.tw/static/state.html,C0E850-2025.csv,降水量,604,mm,604,mm,直接採用該測站 CODiS 2025 年月報表欄位「降水量」作為系統測站層級資料；目前未進行鄉鎮推估。,完整
water,C0E850,大河,署屬自動站,苗栗縣,三灣鄉,104,120.948578,24.618069,大河村48號(大河派出所),2025-07,rainfall_days,中央氣象署 CODiS / 現存測站清單,https://codis.cwa.gov.tw/ ; https://hdps.cwa.gov.tw/static/state.html,C0E850-2025.csv,降水日數,18,day,18,day,直接採用該測站 CODiS 2025 年月報表欄位「降水日數」作為系統測站層級資料；目前未進行鄉鎮推估。,完整
water,C0E850,大河,署屬自動站,苗栗縣,三灣鄉,104,120.948578,24.618069,大河村48號(大河派出所),2025-07,max_daily_rainfall,中央氣象署 CODiS / 現存測站清單,https://codis.cwa.gov.tw/ ; https://hdps.cwa.gov.tw/static/state.html,C0E850-2025.csv,最大日降水量,170.5,mm,170.5,mm,直接採用該測站 CODiS 2025 年月報表欄位「最大日降水量」作為系統測站層級資料；目前未進行鄉鎮推估。,完整
water,C0E850,大河,署屬自動站,苗栗縣,三灣鄉,104,120.948578,24.618069,大河村48號(大河派出所),2025-07,average_temperature,中央氣象署 CODiS / 現存測站清單,https://codis.cwa.gov.tw/ ; https://hdps.cwa.gov.tw/static/state.html,C0E850-2025.csv,氣溫,26.1,℃,26.1,℃,直接採用該測站 CODiS 2025 年月報表欄位「氣溫」作為系統測站層級資料；目前未進行鄉鎮推估。,完整
water,C0E850,大河,署屬自動站,苗栗縣,三灣鄉,104,120.948578,24.618069,大河村48號(大河派出所),2025-07,relative_humidity,中央氣象署 CODiS / 現存測站清單,https://codis.cwa.gov.tw/ ; https://hdps.cwa.gov.tw/static/state.html,C0E850-2025.csv,相對溼度,77,%,77,%,直接採用該測站 CODiS 2025 年月報表欄位「相對溼度」作為系統測站層級資料；目前未進行鄉鎮推估。,完整
water,C0E850,大河,署屬自動站,苗栗縣,三灣鄉,104,120.948578,24.618069,大河村48號(大河派出所),2025-08,rainfall,中央氣象署 CODiS / 現存測站清單,https://codis.cwa.gov.tw/ ; https://hdps.cwa.gov.tw/static/state.html,C0E850-2025.csv,降水量,128,mm,128,mm,直接採用該測站 CODiS 2025 年月報表欄位「降水量」作為系統測站層級資料；目前未進行鄉鎮推估。,完整
water,C0E850,大河,署屬自動站,苗栗縣,三灣鄉,104,120.948578,24.618069,大河村48號(大河派出所),2025-08,rainfall_days,中央氣象署 CODiS / 現存測站清單,https://codis.cwa.gov.tw/ ; https://hdps.cwa.gov.tw/static/state.html,C0E850-2025.csv,降水日數,7,day,7,day,直接採用該測站 CODiS 2025 年月報表欄位「降水日數」作為系統測站層級資料；目前未進行鄉鎮推估。,完整
water,C0E850,大河,署屬自動站,苗栗縣,三灣鄉,104,120.948578,24.618069,大河村48號(大河派出所),2025-08,max_daily_rainfall,中央氣象署 CODiS / 現存測站清單,https://codis.cwa.gov.tw/ ; https://hdps.cwa.gov.tw/static/state.html,C0E850-2025.csv,最大日降水量,68,mm,68,mm,直接採用該測站 CODiS 2025 年月報表欄位「最大日降水量」作為系統測站層級資料；目前未進行鄉鎮推估。,完整
water,C0E850,大河,署屬自動站,苗栗縣,三灣鄉,104,120.948578,24.618069,大河村48號(大河派出所),2025-08,average_temperature,中央氣象署 CODiS / 現存測站清單,https://codis.cwa.gov.tw/ ; https://hdps.cwa.gov.tw/static/state.html,C0E850-2025.csv,氣溫,27.3,℃,27.3,℃,直接採用該測站 CODiS 2025 年月報表欄位「氣溫」作為系統測站層級資料；目前未進行鄉鎮推估。,完整
water,C0E850,大河,署屬自動站,苗栗縣,三灣鄉,104,120.948578,24.618069,大河村48號(大河派出所),2025-08,relative_humidity,中央氣象署 CODiS / 現存測站清單,https://codis.cwa.gov.tw/ ; https://hdps.cwa.gov.tw/static/state.html,C0E850-2025.csv,相對溼度,79,%,79,%,直接採用該測站 CODiS 2025 年月報表欄位「相對溼度」作為系統測站層級資料；目前未進行鄉鎮推估。,完整
water,C0E850,大河,署屬自動站,苗栗縣,三灣鄉,104,120.948578,24.618069,大河村48號(大河派出所),2025-09,rainfall,中央氣象署 CODiS / 現存測站清單,https://codis.cwa.gov.tw/ ; https://hdps.cwa.gov.tw/static/state.html,C0E850-2025.csv,降水量,201.5,mm,201.5,mm,直接採用該測站 CODiS 2025 年月報表欄位「降水量」作為系統測站層級資料；目前未進行鄉鎮推估。,完整
water,C0E850,大河,署屬自動站,苗栗縣,三灣鄉,104,120.948578,24.618069,大河村48號(大河派出所),2025-09,rainfall_days,中央氣象署 CODiS / 現存測站清單,https://codis.cwa.gov.tw/ ; https://hdps.cwa.gov.tw/static/state.html,C0E850-2025.csv,降水日數,9,day,9,day,直接採用該測站 CODiS 2025 年月報表欄位「降水日數」作為系統測站層級資料；目前未進行鄉鎮推估。,完整
water,C0E850,大河,署屬自動站,苗栗縣,三灣鄉,104,120.948578,24.618069,大河村48號(大河派出所),2025-09,max_daily_rainfall,中央氣象署 CODiS / 現存測站清單,https://codis.cwa.gov.tw/ ; https://hdps.cwa.gov.tw/static/state.html,C0E850-2025.csv,最大日降水量,146.5,mm,146.5,mm,直接採用該測站 CODiS 2025 年月報表欄位「最大日降水量」作為系統測站層級資料；目前未進行鄉鎮推估。,完整
water,C0E850,大河,署屬自動站,苗栗縣,三灣鄉,104,120.948578,24.618069,大河村48號(大河派出所),2025-09,average_temperature,中央氣象署 CODiS / 現存測站清單,https://codis.cwa.gov.tw/ ; https://hdps.cwa.gov.tw/static/state.html,C0E850-2025.csv,氣溫,27.2,℃,27.2,℃,直接採用該測站 CODiS 2025 年月報表欄位「氣溫」作為系統測站層級資料；目前未進行鄉鎮推估。,完整
water,C0E850,大河,署屬自動站,苗栗縣,三灣鄉,104,120.948578,24.618069,大河村48號(大河派出所),2025-09,relative_humidity,中央氣象署 CODiS / 現存測站清單,https://codis.cwa.gov.tw/ ; https://hdps.cwa.gov.tw/static/state.html,C0E850-2025.csv,相對溼度,84,%,84,%,直接採用該測站 CODiS 2025 年月報表欄位「相對溼度」作為系統測站層級資料；目前未進行鄉鎮推估。,完整
water,C0E850,大河,署屬自動站,苗栗縣,三灣鄉,104,120.948578,24.618069,大河村48號(大河派出所),2025-10,rainfall,中央氣象署 CODiS / 現存測站清單,https://codis.cwa.gov.tw/ ; https://hdps.cwa.gov.tw/static/state.html,C0E850-2025.csv,降水量,130,mm,130,mm,直接採用該測站 CODiS 2025 年月報表欄位「降水量」作為系統測站層級資料；目前未進行鄉鎮推估。,完整
water,C0E850,大河,署屬自動站,苗栗縣,三灣鄉,104,120.948578,24.618069,大河村48號(大河派出所),2025-10,rainfall_days,中央氣象署 CODiS / 現存測站清單,https://codis.cwa.gov.tw/ ; https://hdps.cwa.gov.tw/static/state.html,C0E850-2025.csv,降水日數,8,day,8,day,直接採用該測站 CODiS 2025 年月報表欄位「降水日數」作為系統測站層級資料；目前未進行鄉鎮推估。,完整
water,C0E850,大河,署屬自動站,苗栗縣,三灣鄉,104,120.948578,24.618069,大河村48號(大河派出所),2025-10,max_daily_rainfall,中央氣象署 CODiS / 現存測站清單,https://codis.cwa.gov.tw/ ; https://hdps.cwa.gov.tw/static/state.html,C0E850-2025.csv,最大日降水量,63,mm,63,mm,直接採用該測站 CODiS 2025 年月報表欄位「最大日降水量」作為系統測站層級資料；目前未進行鄉鎮推估。,完整
water,C0E850,大河,署屬自動站,苗栗縣,三灣鄉,104,120.948578,24.618069,大河村48號(大河派出所),2025-10,average_temperature,中央氣象署 CODiS / 現存測站清單,https://codis.cwa.gov.tw/ ; https://hdps.cwa.gov.tw/static/state.html,C0E850-2025.csv,氣溫,25.5,℃,25.5,℃,直接採用該測站 CODiS 2025 年月報表欄位「氣溫」作為系統測站層級資料；目前未進行鄉鎮推估。,完整
water,C0E850,大河,署屬自動站,苗栗縣,三灣鄉,104,120.948578,24.618069,大河村48號(大河派出所),2025-10,relative_humidity,中央氣象署 CODiS / 現存測站清單,https://codis.cwa.gov.tw/ ; https://hdps.cwa.gov.tw/static/state.html,C0E850-2025.csv,相對溼度,81,%,81,%,直接採用該測站 CODiS 2025 年月報表欄位「相對溼度」作為系統測站層級資料；目前未進行鄉鎮推估。,完整
water,C0E850,大河,署屬自動站,苗栗縣,三灣鄉,104,120.948578,24.618069,大河村48號(大河派出所),2025-11,rainfall,中央氣象署 CODiS / 現存測站清單,https://codis.cwa.gov.tw/ ; https://hdps.cwa.gov.tw/static/state.html,C0E850-2025.csv,降水量,48.5,mm,48.5,mm,直接採用該測站 CODiS 2025 年月報表欄位「降水量」作為系統測站層級資料；目前未進行鄉鎮推估。,完整
water,C0E850,大河,署屬自動站,苗栗縣,三灣鄉,104,120.948578,24.618069,大河村48號(大河派出所),2025-11,rainfall_days,中央氣象署 CODiS / 現存測站清單,https://codis.cwa.gov.tw/ ; https://hdps.cwa.gov.tw/static/state.html,C0E850-2025.csv,降水日數,6,day,6,day,直接採用該測站 CODiS 2025 年月報表欄位「降水日數」作為系統測站層級資料；目前未進行鄉鎮推估。,完整
water,C0E850,大河,署屬自動站,苗栗縣,三灣鄉,104,120.948578,24.618069,大河村48號(大河派出所),2025-11,max_daily_rainfall,中央氣象署 CODiS / 現存測站清單,https://codis.cwa.gov.tw/ ; https://hdps.cwa.gov.tw/static/state.html,C0E850-2025.csv,最大日降水量,26,mm,26,mm,直接採用該測站 CODiS 2025 年月報表欄位「最大日降水量」作為系統測站層級資料；目前未進行鄉鎮推估。,完整
water,C0E850,大河,署屬自動站,苗栗縣,三灣鄉,104,120.948578,24.618069,大河村48號(大河派出所),2025-11,average_temperature,中央氣象署 CODiS / 現存測站清單,https://codis.cwa.gov.tw/ ; https://hdps.cwa.gov.tw/static/state.html,C0E850-2025.csv,氣溫,20.5,℃,20.5,℃,直接採用該測站 CODiS 2025 年月報表欄位「氣溫」作為系統測站層級資料；目前未進行鄉鎮推估。,完整
water,C0E850,大河,署屬自動站,苗栗縣,三灣鄉,104,120.948578,24.618069,大河村48號(大河派出所),2025-11,relative_humidity,中央氣象署 CODiS / 現存測站清單,https://codis.cwa.gov.tw/ ; https://hdps.cwa.gov.tw/static/state.html,C0E850-2025.csv,相對溼度,81,%,81,%,直接採用該測站 CODiS 2025 年月報表欄位「相對溼度」作為系統測站層級資料；目前未進行鄉鎮推估。,完整
water,C0E850,大河,署屬自動站,苗栗縣,三灣鄉,104,120.948578,24.618069,大河村48號(大河派出所),2025-12,rainfall,中央氣象署 CODiS / 現存測站清單,https://codis.cwa.gov.tw/ ; https://hdps.cwa.gov.tw/static/state.html,C0E850-2025.csv,降水量,9.5,mm,9.5,mm,直接採用該測站 CODiS 2025 年月報表欄位「降水量」作為系統測站層級資料；目前未進行鄉鎮推估。,完整
water,C0E850,大河,署屬自動站,苗栗縣,三灣鄉,104,120.948578,24.618069,大河村48號(大河派出所),2025-12,rainfall_days,中央氣象署 CODiS / 現存測站清單,https://codis.cwa.gov.tw/ ; https://hdps.cwa.gov.tw/static/state.html,C0E850-2025.csv,降水日數,4,day,4,day,直接採用該測站 CODiS 2025 年月報表欄位「降水日數」作為系統測站層級資料；目前未進行鄉鎮推估。,完整
water,C0E850,大河,署屬自動站,苗栗縣,三灣鄉,104,120.948578,24.618069,大河村48號(大河派出所),2025-12,max_daily_rainfall,中央氣象署 CODiS / 現存測站清單,https://codis.cwa.gov.tw/ ; https://hdps.cwa.gov.tw/static/state.html,C0E850-2025.csv,最大日降水量,5.5,mm,5.5,mm,直接採用該測站 CODiS 2025 年月報表欄位「最大日降水量」作為系統測站層級資料；目前未進行鄉鎮推估。,完整
water,C0E850,大河,署屬自動站,苗栗縣,三灣鄉,104,120.948578,24.618069,大河村48號(大河派出所),2025-12,average_temperature,中央氣象署 CODiS / 現存測站清單,https://codis.cwa.gov.tw/ ; https://hdps.cwa.gov.tw/static/state.html,C0E850-2025.csv,氣溫,18.1,℃,18.1,℃,直接採用該測站 CODiS 2025 年月報表欄位「氣溫」作為系統測站層級資料；目前未進行鄉鎮推估。,完整
water,C0E850,大河,署屬自動站,苗栗縣,三灣鄉,104,120.948578,24.618069,大河村48號(大河派出所),2025-12,relative_humidity,中央氣象署 CODiS / 現存測站清單,https://codis.cwa.gov.tw/ ; https://hdps.cwa.gov.tw/static/state.html,C0E850-2025.csv,相對溼度,82,%,82,%,直接採用該測站 CODiS 2025 年月報表欄位「相對溼度」作為系統測站層級資料；目前未進行鄉鎮推估。,完整
water,C0E870,高鐵苗栗,署屬自動站,苗栗縣,後龍鎮,34,120.826094,24.60725,高鐵三路268號(高鐵苗栗站外),2025-01,rainfall,中央氣象署 CODiS / 現存測站清單,https://codis.cwa.gov.tw/ ; https://hdps.cwa.gov.tw/static/state.html,C0E870-2025.csv,降水量,22.5,mm,22.5,mm,直接採用該測站 CODiS 2025 年月報表欄位「降水量」作為系統測站層級資料；目前未進行鄉鎮推估。,完整
water,C0E870,高鐵苗栗,署屬自動站,苗栗縣,後龍鎮,34,120.826094,24.60725,高鐵三路268號(高鐵苗栗站外),2025-01,rainfall_days,中央氣象署 CODiS / 現存測站清單,https://codis.cwa.gov.tw/ ; https://hdps.cwa.gov.tw/static/state.html,C0E870-2025.csv,降水日數,9,day,9,day,直接採用該測站 CODiS 2025 年月報表欄位「降水日數」作為系統測站層級資料；目前未進行鄉鎮推估。,完整
water,C0E870,高鐵苗栗,署屬自動站,苗栗縣,後龍鎮,34,120.826094,24.60725,高鐵三路268號(高鐵苗栗站外),2025-01,max_daily_rainfall,中央氣象署 CODiS / 現存測站清單,https://codis.cwa.gov.tw/ ; https://hdps.cwa.gov.tw/static/state.html,C0E870-2025.csv,最大日降水量,6,mm,6,mm,直接採用該測站 CODiS 2025 年月報表欄位「最大日降水量」作為系統測站層級資料；目前未進行鄉鎮推估。,完整
water,C0E870,高鐵苗栗,署屬自動站,苗栗縣,後龍鎮,34,120.826094,24.60725,高鐵三路268號(高鐵苗栗站外),2025-01,average_temperature,中央氣象署 CODiS / 現存測站清單,https://codis.cwa.gov.tw/ ; https://hdps.cwa.gov.tw/static/state.html,C0E870-2025.csv,氣溫,15,℃,15,℃,直接採用該測站 CODiS 2025 年月報表欄位「氣溫」作為系統測站層級資料；目前未進行鄉鎮推估。,完整
water,C0E870,高鐵苗栗,署屬自動站,苗栗縣,後龍鎮,34,120.826094,24.60725,高鐵三路268號(高鐵苗栗站外),2025-01,relative_humidity,中央氣象署 CODiS / 現存測站清單,https://codis.cwa.gov.tw/ ; https://hdps.cwa.gov.tw/static/state.html,C0E870-2025.csv,相對溼度,78,%,78,%,直接採用該測站 CODiS 2025 年月報表欄位「相對溼度」作為系統測站層級資料；目前未進行鄉鎮推估。,完整
water,C0E870,高鐵苗栗,署屬自動站,苗栗縣,後龍鎮,34,120.826094,24.60725,高鐵三路268號(高鐵苗栗站外),2025-02,rainfall,中央氣象署 CODiS / 現存測站清單,https://codis.cwa.gov.tw/ ; https://hdps.cwa.gov.tw/static/state.html,C0E870-2025.csv,降水量,61.5,mm,61.5,mm,直接採用該測站 CODiS 2025 年月報表欄位「降水量」作為系統測站層級資料；目前未進行鄉鎮推估。,完整
water,C0E870,高鐵苗栗,署屬自動站,苗栗縣,後龍鎮,34,120.826094,24.60725,高鐵三路268號(高鐵苗栗站外),2025-02,rainfall_days,中央氣象署 CODiS / 現存測站清單,https://codis.cwa.gov.tw/ ; https://hdps.cwa.gov.tw/static/state.html,C0E870-2025.csv,降水日數,7,day,7,day,直接採用該測站 CODiS 2025 年月報表欄位「降水日數」作為系統測站層級資料；目前未進行鄉鎮推估。,完整
water,C0E870,高鐵苗栗,署屬自動站,苗栗縣,後龍鎮,34,120.826094,24.60725,高鐵三路268號(高鐵苗栗站外),2025-02,max_daily_rainfall,中央氣象署 CODiS / 現存測站清單,https://codis.cwa.gov.tw/ ; https://hdps.cwa.gov.tw/static/state.html,C0E870-2025.csv,最大日降水量,32.5,mm,32.5,mm,直接採用該測站 CODiS 2025 年月報表欄位「最大日降水量」作為系統測站層級資料；目前未進行鄉鎮推估。,完整
water,C0E870,高鐵苗栗,署屬自動站,苗栗縣,後龍鎮,34,120.826094,24.60725,高鐵三路268號(高鐵苗栗站外),2025-02,average_temperature,中央氣象署 CODiS / 現存測站清單,https://codis.cwa.gov.tw/ ; https://hdps.cwa.gov.tw/static/state.html,C0E870-2025.csv,氣溫,15.4,℃,15.4,℃,直接採用該測站 CODiS 2025 年月報表欄位「氣溫」作為系統測站層級資料；目前未進行鄉鎮推估。,完整
water,C0E870,高鐵苗栗,署屬自動站,苗栗縣,後龍鎮,34,120.826094,24.60725,高鐵三路268號(高鐵苗栗站外),2025-02,relative_humidity,中央氣象署 CODiS / 現存測站清單,https://codis.cwa.gov.tw/ ; https://hdps.cwa.gov.tw/static/state.html,C0E870-2025.csv,相對溼度,87,%,87,%,直接採用該測站 CODiS 2025 年月報表欄位「相對溼度」作為系統測站層級資料；目前未進行鄉鎮推估。,完整
water,C0E870,高鐵苗栗,署屬自動站,苗栗縣,後龍鎮,34,120.826094,24.60725,高鐵三路268號(高鐵苗栗站外),2025-03,rainfall,中央氣象署 CODiS / 現存測站清單,https://codis.cwa.gov.tw/ ; https://hdps.cwa.gov.tw/static/state.html,C0E870-2025.csv,降水量,242,mm,242,mm,直接採用該測站 CODiS 2025 年月報表欄位「降水量」作為系統測站層級資料；目前未進行鄉鎮推估。,完整
water,C0E870,高鐵苗栗,署屬自動站,苗栗縣,後龍鎮,34,120.826094,24.60725,高鐵三路268號(高鐵苗栗站外),2025-03,rainfall_days,中央氣象署 CODiS / 現存測站清單,https://codis.cwa.gov.tw/ ; https://hdps.cwa.gov.tw/static/state.html,C0E870-2025.csv,降水日數,10,day,10,day,直接採用該測站 CODiS 2025 年月報表欄位「降水日數」作為系統測站層級資料；目前未進行鄉鎮推估。,完整
water,C0E870,高鐵苗栗,署屬自動站,苗栗縣,後龍鎮,34,120.826094,24.60725,高鐵三路268號(高鐵苗栗站外),2025-03,max_daily_rainfall,中央氣象署 CODiS / 現存測站清單,https://codis.cwa.gov.tw/ ; https://hdps.cwa.gov.tw/static/state.html,C0E870-2025.csv,最大日降水量,51,mm,51,mm,直接採用該測站 CODiS 2025 年月報表欄位「最大日降水量」作為系統測站層級資料；目前未進行鄉鎮推估。,完整
water,C0E870,高鐵苗栗,署屬自動站,苗栗縣,後龍鎮,34,120.826094,24.60725,高鐵三路268號(高鐵苗栗站外),2025-03,average_temperature,中央氣象署 CODiS / 現存測站清單,https://codis.cwa.gov.tw/ ; https://hdps.cwa.gov.tw/static/state.html,C0E870-2025.csv,氣溫,17.9,℃,17.9,℃,直接採用該測站 CODiS 2025 年月報表欄位「氣溫」作為系統測站層級資料；目前未進行鄉鎮推估。,完整
water,C0E870,高鐵苗栗,署屬自動站,苗栗縣,後龍鎮,34,120.826094,24.60725,高鐵三路268號(高鐵苗栗站外),2025-03,relative_humidity,中央氣象署 CODiS / 現存測站清單,https://codis.cwa.gov.tw/ ; https://hdps.cwa.gov.tw/static/state.html,C0E870-2025.csv,相對溼度,85,%,85,%,直接採用該測站 CODiS 2025 年月報表欄位「相對溼度」作為系統測站層級資料；目前未進行鄉鎮推估。,完整
water,C0E870,高鐵苗栗,署屬自動站,苗栗縣,後龍鎮,34,120.826094,24.60725,高鐵三路268號(高鐵苗栗站外),2025-04,rainfall,中央氣象署 CODiS / 現存測站清單,https://codis.cwa.gov.tw/ ; https://hdps.cwa.gov.tw/static/state.html,C0E870-2025.csv,降水量,166.5,mm,166.5,mm,直接採用該測站 CODiS 2025 年月報表欄位「降水量」作為系統測站層級資料；目前未進行鄉鎮推估。,完整
water,C0E870,高鐵苗栗,署屬自動站,苗栗縣,後龍鎮,34,120.826094,24.60725,高鐵三路268號(高鐵苗栗站外),2025-04,rainfall_days,中央氣象署 CODiS / 現存測站清單,https://codis.cwa.gov.tw/ ; https://hdps.cwa.gov.tw/static/state.html,C0E870-2025.csv,降水日數,13,day,13,day,直接採用該測站 CODiS 2025 年月報表欄位「降水日數」作為系統測站層級資料；目前未進行鄉鎮推估。,完整
water,C0E870,高鐵苗栗,署屬自動站,苗栗縣,後龍鎮,34,120.826094,24.60725,高鐵三路268號(高鐵苗栗站外),2025-04,max_daily_rainfall,中央氣象署 CODiS / 現存測站清單,https://codis.cwa.gov.tw/ ; https://hdps.cwa.gov.tw/static/state.html,C0E870-2025.csv,最大日降水量,48.5,mm,48.5,mm,直接採用該測站 CODiS 2025 年月報表欄位「最大日降水量」作為系統測站層級資料；目前未進行鄉鎮推估。,完整
water,C0E870,高鐵苗栗,署屬自動站,苗栗縣,後龍鎮,34,120.826094,24.60725,高鐵三路268號(高鐵苗栗站外),2025-04,average_temperature,中央氣象署 CODiS / 現存測站清單,https://codis.cwa.gov.tw/ ; https://hdps.cwa.gov.tw/static/state.html,C0E870-2025.csv,氣溫,22.2,℃,22.2,℃,直接採用該測站 CODiS 2025 年月報表欄位「氣溫」作為系統測站層級資料；目前未進行鄉鎮推估。,完整
water,C0E870,高鐵苗栗,署屬自動站,苗栗縣,後龍鎮,34,120.826094,24.60725,高鐵三路268號(高鐵苗栗站外),2025-04,relative_humidity,中央氣象署 CODiS / 現存測站清單,https://codis.cwa.gov.tw/ ; https://hdps.cwa.gov.tw/static/state.html,C0E870-2025.csv,相對溼度,82,%,82,%,直接採用該測站 CODiS 2025 年月報表欄位「相對溼度」作為系統測站層級資料；目前未進行鄉鎮推估。,完整
water,C0E870,高鐵苗栗,署屬自動站,苗栗縣,後龍鎮,34,120.826094,24.60725,高鐵三路268號(高鐵苗栗站外),2025-05,rainfall,中央氣象署 CODiS / 現存測站清單,https://codis.cwa.gov.tw/ ; https://hdps.cwa.gov.tw/static/state.html,C0E870-2025.csv,降水量,267.5,mm,267.5,mm,直接採用該測站 CODiS 2025 年月報表欄位「降水量」作為系統測站層級資料；目前未進行鄉鎮推估。,完整
water,C0E870,高鐵苗栗,署屬自動站,苗栗縣,後龍鎮,34,120.826094,24.60725,高鐵三路268號(高鐵苗栗站外),2025-05,rainfall_days,中央氣象署 CODiS / 現存測站清單,https://codis.cwa.gov.tw/ ; https://hdps.cwa.gov.tw/static/state.html,C0E870-2025.csv,降水日數,9,day,9,day,直接採用該測站 CODiS 2025 年月報表欄位「降水日數」作為系統測站層級資料；目前未進行鄉鎮推估。,完整
water,C0E870,高鐵苗栗,署屬自動站,苗栗縣,後龍鎮,34,120.826094,24.60725,高鐵三路268號(高鐵苗栗站外),2025-05,max_daily_rainfall,中央氣象署 CODiS / 現存測站清單,https://codis.cwa.gov.tw/ ; https://hdps.cwa.gov.tw/static/state.html,C0E870-2025.csv,最大日降水量,72,mm,72,mm,直接採用該測站 CODiS 2025 年月報表欄位「最大日降水量」作為系統測站層級資料；目前未進行鄉鎮推估。,完整
water,C0E870,高鐵苗栗,署屬自動站,苗栗縣,後龍鎮,34,120.826094,24.60725,高鐵三路268號(高鐵苗栗站外),2025-05,average_temperature,中央氣象署 CODiS / 現存測站清單,https://codis.cwa.gov.tw/ ; https://hdps.cwa.gov.tw/static/state.html,C0E870-2025.csv,氣溫,25.4,℃,25.4,℃,直接採用該測站 CODiS 2025 年月報表欄位「氣溫」作為系統測站層級資料；目前未進行鄉鎮推估。,完整
water,C0E870,高鐵苗栗,署屬自動站,苗栗縣,後龍鎮,34,120.826094,24.60725,高鐵三路268號(高鐵苗栗站外),2025-05,relative_humidity,中央氣象署 CODiS / 現存測站清單,https://codis.cwa.gov.tw/ ; https://hdps.cwa.gov.tw/static/state.html,C0E870-2025.csv,相對溼度,85,%,85,%,直接採用該測站 CODiS 2025 年月報表欄位「相對溼度」作為系統測站層級資料；目前未進行鄉鎮推估。,完整
water,C0E870,高鐵苗栗,署屬自動站,苗栗縣,後龍鎮,34,120.826094,24.60725,高鐵三路268號(高鐵苗栗站外),2025-06,rainfall,中央氣象署 CODiS / 現存測站清單,https://codis.cwa.gov.tw/ ; https://hdps.cwa.gov.tw/static/state.html,C0E870-2025.csv,降水量,92.5,mm,92.5,mm,直接採用該測站 CODiS 2025 年月報表欄位「降水量」作為系統測站層級資料；目前未進行鄉鎮推估。,完整
water,C0E870,高鐵苗栗,署屬自動站,苗栗縣,後龍鎮,34,120.826094,24.60725,高鐵三路268號(高鐵苗栗站外),2025-06,rainfall_days,中央氣象署 CODiS / 現存測站清單,https://codis.cwa.gov.tw/ ; https://hdps.cwa.gov.tw/static/state.html,C0E870-2025.csv,降水日數,8,day,8,day,直接採用該測站 CODiS 2025 年月報表欄位「降水日數」作為系統測站層級資料；目前未進行鄉鎮推估。,完整
water,C0E870,高鐵苗栗,署屬自動站,苗栗縣,後龍鎮,34,120.826094,24.60725,高鐵三路268號(高鐵苗栗站外),2025-06,max_daily_rainfall,中央氣象署 CODiS / 現存測站清單,https://codis.cwa.gov.tw/ ; https://hdps.cwa.gov.tw/static/state.html,C0E870-2025.csv,最大日降水量,21.5,mm,21.5,mm,直接採用該測站 CODiS 2025 年月報表欄位「最大日降水量」作為系統測站層級資料；目前未進行鄉鎮推估。,完整
water,C0E870,高鐵苗栗,署屬自動站,苗栗縣,後龍鎮,34,120.826094,24.60725,高鐵三路268號(高鐵苗栗站外),2025-06,average_temperature,中央氣象署 CODiS / 現存測站清單,https://codis.cwa.gov.tw/ ; https://hdps.cwa.gov.tw/static/state.html,C0E870-2025.csv,氣溫,28.5,℃,28.5,℃,直接採用該測站 CODiS 2025 年月報表欄位「氣溫」作為系統測站層級資料；目前未進行鄉鎮推估。,完整
water,C0E870,高鐵苗栗,署屬自動站,苗栗縣,後龍鎮,34,120.826094,24.60725,高鐵三路268號(高鐵苗栗站外),2025-06,relative_humidity,中央氣象署 CODiS / 現存測站清單,https://codis.cwa.gov.tw/ ; https://hdps.cwa.gov.tw/static/state.html,C0E870-2025.csv,相對溼度,83,%,83,%,直接採用該測站 CODiS 2025 年月報表欄位「相對溼度」作為系統測站層級資料；目前未進行鄉鎮推估。,完整
water,C0E870,高鐵苗栗,署屬自動站,苗栗縣,後龍鎮,34,120.826094,24.60725,高鐵三路268號(高鐵苗栗站外),2025-07,rainfall,中央氣象署 CODiS / 現存測站清單,https://codis.cwa.gov.tw/ ; https://hdps.cwa.gov.tw/static/state.html,C0E870-2025.csv,降水量,567,mm,567,mm,直接採用該測站 CODiS 2025 年月報表欄位「降水量」作為系統測站層級資料；目前未進行鄉鎮推估。,完整
water,C0E870,高鐵苗栗,署屬自動站,苗栗縣,後龍鎮,34,120.826094,24.60725,高鐵三路268號(高鐵苗栗站外),2025-07,rainfall_days,中央氣象署 CODiS / 現存測站清單,https://codis.cwa.gov.tw/ ; https://hdps.cwa.gov.tw/static/state.html,C0E870-2025.csv,降水日數,20,day,20,day,直接採用該測站 CODiS 2025 年月報表欄位「降水日數」作為系統測站層級資料；目前未進行鄉鎮推估。,完整
water,C0E870,高鐵苗栗,署屬自動站,苗栗縣,後龍鎮,34,120.826094,24.60725,高鐵三路268號(高鐵苗栗站外),2025-07,max_daily_rainfall,中央氣象署 CODiS / 現存測站清單,https://codis.cwa.gov.tw/ ; https://hdps.cwa.gov.tw/static/state.html,C0E870-2025.csv,最大日降水量,212,mm,212,mm,直接採用該測站 CODiS 2025 年月報表欄位「最大日降水量」作為系統測站層級資料；目前未進行鄉鎮推估。,完整
water,C0E870,高鐵苗栗,署屬自動站,苗栗縣,後龍鎮,34,120.826094,24.60725,高鐵三路268號(高鐵苗栗站外),2025-07,average_temperature,中央氣象署 CODiS / 現存測站清單,https://codis.cwa.gov.tw/ ; https://hdps.cwa.gov.tw/static/state.html,C0E870-2025.csv,氣溫,28.4,℃,28.4,℃,直接採用該測站 CODiS 2025 年月報表欄位「氣溫」作為系統測站層級資料；目前未進行鄉鎮推估。,完整
water,C0E870,高鐵苗栗,署屬自動站,苗栗縣,後龍鎮,34,120.826094,24.60725,高鐵三路268號(高鐵苗栗站外),2025-07,relative_humidity,中央氣象署 CODiS / 現存測站清單,https://codis.cwa.gov.tw/ ; https://hdps.cwa.gov.tw/static/state.html,C0E870-2025.csv,相對溼度,87,%,87,%,直接採用該測站 CODiS 2025 年月報表欄位「相對溼度」作為系統測站層級資料；目前未進行鄉鎮推估。,完整
water,C0E870,高鐵苗栗,署屬自動站,苗栗縣,後龍鎮,34,120.826094,24.60725,高鐵三路268號(高鐵苗栗站外),2025-08,rainfall,中央氣象署 CODiS / 現存測站清單,https://codis.cwa.gov.tw/ ; https://hdps.cwa.gov.tw/static/state.html,C0E870-2025.csv,降水量,57,mm,57,mm,直接採用該測站 CODiS 2025 年月報表欄位「降水量」作為系統測站層級資料；目前未進行鄉鎮推估。,完整
water,C0E870,高鐵苗栗,署屬自動站,苗栗縣,後龍鎮,34,120.826094,24.60725,高鐵三路268號(高鐵苗栗站外),2025-08,rainfall_days,中央氣象署 CODiS / 現存測站清單,https://codis.cwa.gov.tw/ ; https://hdps.cwa.gov.tw/static/state.html,C0E870-2025.csv,降水日數,4,day,4,day,直接採用該測站 CODiS 2025 年月報表欄位「降水日數」作為系統測站層級資料；目前未進行鄉鎮推估。,完整
water,C0E870,高鐵苗栗,署屬自動站,苗栗縣,後龍鎮,34,120.826094,24.60725,高鐵三路268號(高鐵苗栗站外),2025-08,max_daily_rainfall,中央氣象署 CODiS / 現存測站清單,https://codis.cwa.gov.tw/ ; https://hdps.cwa.gov.tw/static/state.html,C0E870-2025.csv,最大日降水量,36.5,mm,36.5,mm,直接採用該測站 CODiS 2025 年月報表欄位「最大日降水量」作為系統測站層級資料；目前未進行鄉鎮推估。,完整
water,C0E870,高鐵苗栗,署屬自動站,苗栗縣,後龍鎮,34,120.826094,24.60725,高鐵三路268號(高鐵苗栗站外),2025-08,average_temperature,中央氣象署 CODiS / 現存測站清單,https://codis.cwa.gov.tw/ ; https://hdps.cwa.gov.tw/static/state.html,C0E870-2025.csv,氣溫,28.9,℃,28.9,℃,直接採用該測站 CODiS 2025 年月報表欄位「氣溫」作為系統測站層級資料；目前未進行鄉鎮推估。,完整
water,C0E870,高鐵苗栗,署屬自動站,苗栗縣,後龍鎮,34,120.826094,24.60725,高鐵三路268號(高鐵苗栗站外),2025-08,relative_humidity,中央氣象署 CODiS / 現存測站清單,https://codis.cwa.gov.tw/ ; https://hdps.cwa.gov.tw/static/state.html,C0E870-2025.csv,相對溼度,81,%,81,%,直接採用該測站 CODiS 2025 年月報表欄位「相對溼度」作為系統測站層級資料；目前未進行鄉鎮推估。,完整
water,C0E870,高鐵苗栗,署屬自動站,苗栗縣,後龍鎮,34,120.826094,24.60725,高鐵三路268號(高鐵苗栗站外),2025-09,rainfall,中央氣象署 CODiS / 現存測站清單,https://codis.cwa.gov.tw/ ; https://hdps.cwa.gov.tw/static/state.html,C0E870-2025.csv,降水量,80.5,mm,80.5,mm,直接採用該測站 CODiS 2025 年月報表欄位「降水量」作為系統測站層級資料；目前未進行鄉鎮推估。,完整
water,C0E870,高鐵苗栗,署屬自動站,苗栗縣,後龍鎮,34,120.826094,24.60725,高鐵三路268號(高鐵苗栗站外),2025-09,rainfall_days,中央氣象署 CODiS / 現存測站清單,https://codis.cwa.gov.tw/ ; https://hdps.cwa.gov.tw/static/state.html,C0E870-2025.csv,降水日數,6,day,6,day,直接採用該測站 CODiS 2025 年月報表欄位「降水日數」作為系統測站層級資料；目前未進行鄉鎮推估。,完整
water,C0E870,高鐵苗栗,署屬自動站,苗栗縣,後龍鎮,34,120.826094,24.60725,高鐵三路268號(高鐵苗栗站外),2025-09,max_daily_rainfall,中央氣象署 CODiS / 現存測站清單,https://codis.cwa.gov.tw/ ; https://hdps.cwa.gov.tw/static/state.html,C0E870-2025.csv,最大日降水量,56,mm,56,mm,直接採用該測站 CODiS 2025 年月報表欄位「最大日降水量」作為系統測站層級資料；目前未進行鄉鎮推估。,完整
water,C0E870,高鐵苗栗,署屬自動站,苗栗縣,後龍鎮,34,120.826094,24.60725,高鐵三路268號(高鐵苗栗站外),2025-09,average_temperature,中央氣象署 CODiS / 現存測站清單,https://codis.cwa.gov.tw/ ; https://hdps.cwa.gov.tw/static/state.html,C0E870-2025.csv,氣溫,28.5,℃,28.5,℃,直接採用該測站 CODiS 2025 年月報表欄位「氣溫」作為系統測站層級資料；目前未進行鄉鎮推估。,完整
water,C0E870,高鐵苗栗,署屬自動站,苗栗縣,後龍鎮,34,120.826094,24.60725,高鐵三路268號(高鐵苗栗站外),2025-09,relative_humidity,中央氣象署 CODiS / 現存測站清單,https://codis.cwa.gov.tw/ ; https://hdps.cwa.gov.tw/static/state.html,C0E870-2025.csv,相對溼度,86,%,86,%,直接採用該測站 CODiS 2025 年月報表欄位「相對溼度」作為系統測站層級資料；目前未進行鄉鎮推估。,完整
water,C0E870,高鐵苗栗,署屬自動站,苗栗縣,後龍鎮,34,120.826094,24.60725,高鐵三路268號(高鐵苗栗站外),2025-10,rainfall,中央氣象署 CODiS / 現存測站清單,https://codis.cwa.gov.tw/ ; https://hdps.cwa.gov.tw/static/state.html,C0E870-2025.csv,降水量,53,mm,53,mm,直接採用該測站 CODiS 2025 年月報表欄位「降水量」作為系統測站層級資料；目前未進行鄉鎮推估。,完整
water,C0E870,高鐵苗栗,署屬自動站,苗栗縣,後龍鎮,34,120.826094,24.60725,高鐵三路268號(高鐵苗栗站外),2025-10,rainfall_days,中央氣象署 CODiS / 現存測站清單,https://codis.cwa.gov.tw/ ; https://hdps.cwa.gov.tw/static/state.html,C0E870-2025.csv,降水日數,5,day,5,day,直接採用該測站 CODiS 2025 年月報表欄位「降水日數」作為系統測站層級資料；目前未進行鄉鎮推估。,完整
water,C0E870,高鐵苗栗,署屬自動站,苗栗縣,後龍鎮,34,120.826094,24.60725,高鐵三路268號(高鐵苗栗站外),2025-10,max_daily_rainfall,中央氣象署 CODiS / 現存測站清單,https://codis.cwa.gov.tw/ ; https://hdps.cwa.gov.tw/static/state.html,C0E870-2025.csv,最大日降水量,21,mm,21,mm,直接採用該測站 CODiS 2025 年月報表欄位「最大日降水量」作為系統測站層級資料；目前未進行鄉鎮推估。,完整
water,C0E870,高鐵苗栗,署屬自動站,苗栗縣,後龍鎮,34,120.826094,24.60725,高鐵三路268號(高鐵苗栗站外),2025-10,average_temperature,中央氣象署 CODiS / 現存測站清單,https://codis.cwa.gov.tw/ ; https://hdps.cwa.gov.tw/static/state.html,C0E870-2025.csv,氣溫,26.4,℃,26.4,℃,直接採用該測站 CODiS 2025 年月報表欄位「氣溫」作為系統測站層級資料；目前未進行鄉鎮推估。,完整
water,C0E870,高鐵苗栗,署屬自動站,苗栗縣,後龍鎮,34,120.826094,24.60725,高鐵三路268號(高鐵苗栗站外),2025-10,relative_humidity,中央氣象署 CODiS / 現存測站清單,https://codis.cwa.gov.tw/ ; https://hdps.cwa.gov.tw/static/state.html,C0E870-2025.csv,相對溼度,84,%,84,%,直接採用該測站 CODiS 2025 年月報表欄位「相對溼度」作為系統測站層級資料；目前未進行鄉鎮推估。,完整
water,C0E870,高鐵苗栗,署屬自動站,苗栗縣,後龍鎮,34,120.826094,24.60725,高鐵三路268號(高鐵苗栗站外),2025-11,rainfall,中央氣象署 CODiS / 現存測站清單,https://codis.cwa.gov.tw/ ; https://hdps.cwa.gov.tw/static/state.html,C0E870-2025.csv,降水量,27,mm,27,mm,直接採用該測站 CODiS 2025 年月報表欄位「降水量」作為系統測站層級資料；目前未進行鄉鎮推估。,完整
water,C0E870,高鐵苗栗,署屬自動站,苗栗縣,後龍鎮,34,120.826094,24.60725,高鐵三路268號(高鐵苗栗站外),2025-11,rainfall_days,中央氣象署 CODiS / 現存測站清單,https://codis.cwa.gov.tw/ ; https://hdps.cwa.gov.tw/static/state.html,C0E870-2025.csv,降水日數,3,day,3,day,直接採用該測站 CODiS 2025 年月報表欄位「降水日數」作為系統測站層級資料；目前未進行鄉鎮推估。,完整
water,C0E870,高鐵苗栗,署屬自動站,苗栗縣,後龍鎮,34,120.826094,24.60725,高鐵三路268號(高鐵苗栗站外),2025-11,max_daily_rainfall,中央氣象署 CODiS / 現存測站清單,https://codis.cwa.gov.tw/ ; https://hdps.cwa.gov.tw/static/state.html,C0E870-2025.csv,最大日降水量,13,mm,13,mm,直接採用該測站 CODiS 2025 年月報表欄位「最大日降水量」作為系統測站層級資料；目前未進行鄉鎮推估。,完整
water,C0E870,高鐵苗栗,署屬自動站,苗栗縣,後龍鎮,34,120.826094,24.60725,高鐵三路268號(高鐵苗栗站外),2025-11,average_temperature,中央氣象署 CODiS / 現存測站清單,https://codis.cwa.gov.tw/ ; https://hdps.cwa.gov.tw/static/state.html,C0E870-2025.csv,氣溫,21.7,℃,21.7,℃,直接採用該測站 CODiS 2025 年月報表欄位「氣溫」作為系統測站層級資料；目前未進行鄉鎮推估。,完整
water,C0E870,高鐵苗栗,署屬自動站,苗栗縣,後龍鎮,34,120.826094,24.60725,高鐵三路268號(高鐵苗栗站外),2025-11,relative_humidity,中央氣象署 CODiS / 現存測站清單,https://codis.cwa.gov.tw/ ; https://hdps.cwa.gov.tw/static/state.html,C0E870-2025.csv,相對溼度,79,%,79,%,直接採用該測站 CODiS 2025 年月報表欄位「相對溼度」作為系統測站層級資料；目前未進行鄉鎮推估。,完整
water,C0E870,高鐵苗栗,署屬自動站,苗栗縣,後龍鎮,34,120.826094,24.60725,高鐵三路268號(高鐵苗栗站外),2025-12,rainfall,中央氣象署 CODiS / 現存測站清單,https://codis.cwa.gov.tw/ ; https://hdps.cwa.gov.tw/static/state.html,C0E870-2025.csv,降水量,2,mm,2,mm,直接採用該測站 CODiS 2025 年月報表欄位「降水量」作為系統測站層級資料；目前未進行鄉鎮推估。,完整
water,C0E870,高鐵苗栗,署屬自動站,苗栗縣,後龍鎮,34,120.826094,24.60725,高鐵三路268號(高鐵苗栗站外),2025-12,rainfall_days,中央氣象署 CODiS / 現存測站清單,https://codis.cwa.gov.tw/ ; https://hdps.cwa.gov.tw/static/state.html,C0E870-2025.csv,降水日數,3,day,3,day,直接採用該測站 CODiS 2025 年月報表欄位「降水日數」作為系統測站層級資料；目前未進行鄉鎮推估。,完整
water,C0E870,高鐵苗栗,署屬自動站,苗栗縣,後龍鎮,34,120.826094,24.60725,高鐵三路268號(高鐵苗栗站外),2025-12,max_daily_rainfall,中央氣象署 CODiS / 現存測站清單,https://codis.cwa.gov.tw/ ; https://hdps.cwa.gov.tw/static/state.html,C0E870-2025.csv,最大日降水量,1,mm,1,mm,直接採用該測站 CODiS 2025 年月報表欄位「最大日降水量」作為系統測站層級資料；目前未進行鄉鎮推估。,完整
water,C0E870,高鐵苗栗,署屬自動站,苗栗縣,後龍鎮,34,120.826094,24.60725,高鐵三路268號(高鐵苗栗站外),2025-12,average_temperature,中央氣象署 CODiS / 現存測站清單,https://codis.cwa.gov.tw/ ; https://hdps.cwa.gov.tw/static/state.html,C0E870-2025.csv,氣溫,18.5,℃,18.5,℃,直接採用該測站 CODiS 2025 年月報表欄位「氣溫」作為系統測站層級資料；目前未進行鄉鎮推估。,完整
water,C0E870,高鐵苗栗,署屬自動站,苗栗縣,後龍鎮,34,120.826094,24.60725,高鐵三路268號(高鐵苗栗站外),2025-12,relative_humidity,中央氣象署 CODiS / 現存測站清單,https://codis.cwa.gov.tw/ ; https://hdps.cwa.gov.tw/static/state.html,C0E870-2025.csv,相對溼度,84,%,84,%,直接採用該測站 CODiS 2025 年月報表欄位「相對溼度」作為系統測站層級資料；目前未進行鄉鎮推估。,完整
water,C0E910,海埔,署屬自動站,苗栗縣,後龍鎮,25,120.772435,24.648767,海埔125之15號(外埔安檢所樓頂),2025-01,rainfall,中央氣象署 CODiS / 現存測站清單,https://codis.cwa.gov.tw/ ; https://hdps.cwa.gov.tw/static/state.html,C0E910-2025.csv,降水量,18.5,mm,18.5,mm,直接採用該測站 CODiS 2025 年月報表欄位「降水量」作為系統測站層級資料；目前未進行鄉鎮推估。,完整
water,C0E910,海埔,署屬自動站,苗栗縣,後龍鎮,25,120.772435,24.648767,海埔125之15號(外埔安檢所樓頂),2025-01,rainfall_days,中央氣象署 CODiS / 現存測站清單,https://codis.cwa.gov.tw/ ; https://hdps.cwa.gov.tw/static/state.html,C0E910-2025.csv,降水日數,7,day,7,day,直接採用該測站 CODiS 2025 年月報表欄位「降水日數」作為系統測站層級資料；目前未進行鄉鎮推估。,完整
water,C0E910,海埔,署屬自動站,苗栗縣,後龍鎮,25,120.772435,24.648767,海埔125之15號(外埔安檢所樓頂),2025-01,max_daily_rainfall,中央氣象署 CODiS / 現存測站清單,https://codis.cwa.gov.tw/ ; https://hdps.cwa.gov.tw/static/state.html,C0E910-2025.csv,最大日降水量,7.5,mm,7.5,mm,直接採用該測站 CODiS 2025 年月報表欄位「最大日降水量」作為系統測站層級資料；目前未進行鄉鎮推估。,完整
water,C0E910,海埔,署屬自動站,苗栗縣,後龍鎮,25,120.772435,24.648767,海埔125之15號(外埔安檢所樓頂),2025-01,average_temperature,中央氣象署 CODiS / 現存測站清單,https://codis.cwa.gov.tw/ ; https://hdps.cwa.gov.tw/static/state.html,C0E910-2025.csv,氣溫,15.3,℃,15.3,℃,直接採用該測站 CODiS 2025 年月報表欄位「氣溫」作為系統測站層級資料；目前未進行鄉鎮推估。,完整
water,C0E910,海埔,署屬自動站,苗栗縣,後龍鎮,25,120.772435,24.648767,海埔125之15號(外埔安檢所樓頂),2025-01,relative_humidity,中央氣象署 CODiS / 現存測站清單,https://codis.cwa.gov.tw/ ; https://hdps.cwa.gov.tw/static/state.html,C0E910-2025.csv,相對溼度,76,%,76,%,直接採用該測站 CODiS 2025 年月報表欄位「相對溼度」作為系統測站層級資料；目前未進行鄉鎮推估。,完整
water,C0E910,海埔,署屬自動站,苗栗縣,後龍鎮,25,120.772435,24.648767,海埔125之15號(外埔安檢所樓頂),2025-02,rainfall,中央氣象署 CODiS / 現存測站清單,https://codis.cwa.gov.tw/ ; https://hdps.cwa.gov.tw/static/state.html,C0E910-2025.csv,降水量,49.5,mm,49.5,mm,直接採用該測站 CODiS 2025 年月報表欄位「降水量」作為系統測站層級資料；目前未進行鄉鎮推估。,完整
water,C0E910,海埔,署屬自動站,苗栗縣,後龍鎮,25,120.772435,24.648767,海埔125之15號(外埔安檢所樓頂),2025-02,rainfall_days,中央氣象署 CODiS / 現存測站清單,https://codis.cwa.gov.tw/ ; https://hdps.cwa.gov.tw/static/state.html,C0E910-2025.csv,降水日數,7,day,7,day,直接採用該測站 CODiS 2025 年月報表欄位「降水日數」作為系統測站層級資料；目前未進行鄉鎮推估。,完整
water,C0E910,海埔,署屬自動站,苗栗縣,後龍鎮,25,120.772435,24.648767,海埔125之15號(外埔安檢所樓頂),2025-02,max_daily_rainfall,中央氣象署 CODiS / 現存測站清單,https://codis.cwa.gov.tw/ ; https://hdps.cwa.gov.tw/static/state.html,C0E910-2025.csv,最大日降水量,26,mm,26,mm,直接採用該測站 CODiS 2025 年月報表欄位「最大日降水量」作為系統測站層級資料；目前未進行鄉鎮推估。,完整
water,C0E910,海埔,署屬自動站,苗栗縣,後龍鎮,25,120.772435,24.648767,海埔125之15號(外埔安檢所樓頂),2025-02,average_temperature,中央氣象署 CODiS / 現存測站清單,https://codis.cwa.gov.tw/ ; https://hdps.cwa.gov.tw/static/state.html,C0E910-2025.csv,氣溫,15,℃,15,℃,直接採用該測站 CODiS 2025 年月報表欄位「氣溫」作為系統測站層級資料；目前未進行鄉鎮推估。,完整
water,C0E910,海埔,署屬自動站,苗栗縣,後龍鎮,25,120.772435,24.648767,海埔125之15號(外埔安檢所樓頂),2025-02,relative_humidity,中央氣象署 CODiS / 現存測站清單,https://codis.cwa.gov.tw/ ; https://hdps.cwa.gov.tw/static/state.html,C0E910-2025.csv,相對溼度,86,%,86,%,直接採用該測站 CODiS 2025 年月報表欄位「相對溼度」作為系統測站層級資料；目前未進行鄉鎮推估。,完整
water,C0E910,海埔,署屬自動站,苗栗縣,後龍鎮,25,120.772435,24.648767,海埔125之15號(外埔安檢所樓頂),2025-03,rainfall,中央氣象署 CODiS / 現存測站清單,https://codis.cwa.gov.tw/ ; https://hdps.cwa.gov.tw/static/state.html,C0E910-2025.csv,降水量,190.5,mm,190.5,mm,直接採用該測站 CODiS 2025 年月報表欄位「降水量」作為系統測站層級資料；目前未進行鄉鎮推估。,完整
water,C0E910,海埔,署屬自動站,苗栗縣,後龍鎮,25,120.772435,24.648767,海埔125之15號(外埔安檢所樓頂),2025-03,rainfall_days,中央氣象署 CODiS / 現存測站清單,https://codis.cwa.gov.tw/ ; https://hdps.cwa.gov.tw/static/state.html,C0E910-2025.csv,降水日數,10,day,10,day,直接採用該測站 CODiS 2025 年月報表欄位「降水日數」作為系統測站層級資料；目前未進行鄉鎮推估。,完整
water,C0E910,海埔,署屬自動站,苗栗縣,後龍鎮,25,120.772435,24.648767,海埔125之15號(外埔安檢所樓頂),2025-03,max_daily_rainfall,中央氣象署 CODiS / 現存測站清單,https://codis.cwa.gov.tw/ ; https://hdps.cwa.gov.tw/static/state.html,C0E910-2025.csv,最大日降水量,49.5,mm,49.5,mm,直接採用該測站 CODiS 2025 年月報表欄位「最大日降水量」作為系統測站層級資料；目前未進行鄉鎮推估。,完整
water,C0E910,海埔,署屬自動站,苗栗縣,後龍鎮,25,120.772435,24.648767,海埔125之15號(外埔安檢所樓頂),2025-03,average_temperature,中央氣象署 CODiS / 現存測站清單,https://codis.cwa.gov.tw/ ; https://hdps.cwa.gov.tw/static/state.html,C0E910-2025.csv,氣溫,17.8,℃,17.8,℃,直接採用該測站 CODiS 2025 年月報表欄位「氣溫」作為系統測站層級資料；目前未進行鄉鎮推估。,完整
water,C0E910,海埔,署屬自動站,苗栗縣,後龍鎮,25,120.772435,24.648767,海埔125之15號(外埔安檢所樓頂),2025-03,relative_humidity,中央氣象署 CODiS / 現存測站清單,https://codis.cwa.gov.tw/ ; https://hdps.cwa.gov.tw/static/state.html,C0E910-2025.csv,相對溼度,82,%,82,%,直接採用該測站 CODiS 2025 年月報表欄位「相對溼度」作為系統測站層級資料；目前未進行鄉鎮推估。,完整
water,C0E910,海埔,署屬自動站,苗栗縣,後龍鎮,25,120.772435,24.648767,海埔125之15號(外埔安檢所樓頂),2025-04,rainfall,中央氣象署 CODiS / 現存測站清單,https://codis.cwa.gov.tw/ ; https://hdps.cwa.gov.tw/static/state.html,C0E910-2025.csv,降水量,151,mm,151,mm,直接採用該測站 CODiS 2025 年月報表欄位「降水量」作為系統測站層級資料；目前未進行鄉鎮推估。,完整
water,C0E910,海埔,署屬自動站,苗栗縣,後龍鎮,25,120.772435,24.648767,海埔125之15號(外埔安檢所樓頂),2025-04,rainfall_days,中央氣象署 CODiS / 現存測站清單,https://codis.cwa.gov.tw/ ; https://hdps.cwa.gov.tw/static/state.html,C0E910-2025.csv,降水日數,13,day,13,day,直接採用該測站 CODiS 2025 年月報表欄位「降水日數」作為系統測站層級資料；目前未進行鄉鎮推估。,完整
water,C0E910,海埔,署屬自動站,苗栗縣,後龍鎮,25,120.772435,24.648767,海埔125之15號(外埔安檢所樓頂),2025-04,max_daily_rainfall,中央氣象署 CODiS / 現存測站清單,https://codis.cwa.gov.tw/ ; https://hdps.cwa.gov.tw/static/state.html,C0E910-2025.csv,最大日降水量,46,mm,46,mm,直接採用該測站 CODiS 2025 年月報表欄位「最大日降水量」作為系統測站層級資料；目前未進行鄉鎮推估。,完整
water,C0E910,海埔,署屬自動站,苗栗縣,後龍鎮,25,120.772435,24.648767,海埔125之15號(外埔安檢所樓頂),2025-04,average_temperature,中央氣象署 CODiS / 現存測站清單,https://codis.cwa.gov.tw/ ; https://hdps.cwa.gov.tw/static/state.html,C0E910-2025.csv,氣溫,22.3,℃,22.3,℃,直接採用該測站 CODiS 2025 年月報表欄位「氣溫」作為系統測站層級資料；目前未進行鄉鎮推估。,完整
water,C0E910,海埔,署屬自動站,苗栗縣,後龍鎮,25,120.772435,24.648767,海埔125之15號(外埔安檢所樓頂),2025-04,relative_humidity,中央氣象署 CODiS / 現存測站清單,https://codis.cwa.gov.tw/ ; https://hdps.cwa.gov.tw/static/state.html,C0E910-2025.csv,相對溼度,80,%,80,%,直接採用該測站 CODiS 2025 年月報表欄位「相對溼度」作為系統測站層級資料；目前未進行鄉鎮推估。,完整
water,C0E910,海埔,署屬自動站,苗栗縣,後龍鎮,25,120.772435,24.648767,海埔125之15號(外埔安檢所樓頂),2025-05,rainfall,中央氣象署 CODiS / 現存測站清單,https://codis.cwa.gov.tw/ ; https://hdps.cwa.gov.tw/static/state.html,C0E910-2025.csv,降水量,271,mm,271,mm,直接採用該測站 CODiS 2025 年月報表欄位「降水量」作為系統測站層級資料；目前未進行鄉鎮推估。,完整
water,C0E910,海埔,署屬自動站,苗栗縣,後龍鎮,25,120.772435,24.648767,海埔125之15號(外埔安檢所樓頂),2025-05,rainfall_days,中央氣象署 CODiS / 現存測站清單,https://codis.cwa.gov.tw/ ; https://hdps.cwa.gov.tw/static/state.html,C0E910-2025.csv,降水日數,9,day,9,day,直接採用該測站 CODiS 2025 年月報表欄位「降水日數」作為系統測站層級資料；目前未進行鄉鎮推估。,完整
water,C0E910,海埔,署屬自動站,苗栗縣,後龍鎮,25,120.772435,24.648767,海埔125之15號(外埔安檢所樓頂),2025-05,max_daily_rainfall,中央氣象署 CODiS / 現存測站清單,https://codis.cwa.gov.tw/ ; https://hdps.cwa.gov.tw/static/state.html,C0E910-2025.csv,最大日降水量,67.5,mm,67.5,mm,直接採用該測站 CODiS 2025 年月報表欄位「最大日降水量」作為系統測站層級資料；目前未進行鄉鎮推估。,完整
water,C0E910,海埔,署屬自動站,苗栗縣,後龍鎮,25,120.772435,24.648767,海埔125之15號(外埔安檢所樓頂),2025-05,average_temperature,中央氣象署 CODiS / 現存測站清單,https://codis.cwa.gov.tw/ ; https://hdps.cwa.gov.tw/static/state.html,C0E910-2025.csv,氣溫,25.4,℃,25.4,℃,直接採用該測站 CODiS 2025 年月報表欄位「氣溫」作為系統測站層級資料；目前未進行鄉鎮推估。,完整
water,C0E910,海埔,署屬自動站,苗栗縣,後龍鎮,25,120.772435,24.648767,海埔125之15號(外埔安檢所樓頂),2025-05,relative_humidity,中央氣象署 CODiS / 現存測站清單,https://codis.cwa.gov.tw/ ; https://hdps.cwa.gov.tw/static/state.html,C0E910-2025.csv,相對溼度,83,%,83,%,直接採用該測站 CODiS 2025 年月報表欄位「相對溼度」作為系統測站層級資料；目前未進行鄉鎮推估。,完整
water,C0E910,海埔,署屬自動站,苗栗縣,後龍鎮,25,120.772435,24.648767,海埔125之15號(外埔安檢所樓頂),2025-06,rainfall,中央氣象署 CODiS / 現存測站清單,https://codis.cwa.gov.tw/ ; https://hdps.cwa.gov.tw/static/state.html,C0E910-2025.csv,降水量,67.5,mm,67.5,mm,直接採用該測站 CODiS 2025 年月報表欄位「降水量」作為系統測站層級資料；目前未進行鄉鎮推估。,完整
water,C0E910,海埔,署屬自動站,苗栗縣,後龍鎮,25,120.772435,24.648767,海埔125之15號(外埔安檢所樓頂),2025-06,rainfall_days,中央氣象署 CODiS / 現存測站清單,https://codis.cwa.gov.tw/ ; https://hdps.cwa.gov.tw/static/state.html,C0E910-2025.csv,降水日數,8,day,8,day,直接採用該測站 CODiS 2025 年月報表欄位「降水日數」作為系統測站層級資料；目前未進行鄉鎮推估。,完整
water,C0E910,海埔,署屬自動站,苗栗縣,後龍鎮,25,120.772435,24.648767,海埔125之15號(外埔安檢所樓頂),2025-06,max_daily_rainfall,中央氣象署 CODiS / 現存測站清單,https://codis.cwa.gov.tw/ ; https://hdps.cwa.gov.tw/static/state.html,C0E910-2025.csv,最大日降水量,13.5,mm,13.5,mm,直接採用該測站 CODiS 2025 年月報表欄位「最大日降水量」作為系統測站層級資料；目前未進行鄉鎮推估。,完整
water,C0E910,海埔,署屬自動站,苗栗縣,後龍鎮,25,120.772435,24.648767,海埔125之15號(外埔安檢所樓頂),2025-06,average_temperature,中央氣象署 CODiS / 現存測站清單,https://codis.cwa.gov.tw/ ; https://hdps.cwa.gov.tw/static/state.html,C0E910-2025.csv,氣溫,28.4,℃,28.4,℃,直接採用該測站 CODiS 2025 年月報表欄位「氣溫」作為系統測站層級資料；目前未進行鄉鎮推估。,完整
water,C0E910,海埔,署屬自動站,苗栗縣,後龍鎮,25,120.772435,24.648767,海埔125之15號(外埔安檢所樓頂),2025-06,relative_humidity,中央氣象署 CODiS / 現存測站清單,https://codis.cwa.gov.tw/ ; https://hdps.cwa.gov.tw/static/state.html,C0E910-2025.csv,相對溼度,82,%,82,%,直接採用該測站 CODiS 2025 年月報表欄位「相對溼度」作為系統測站層級資料；目前未進行鄉鎮推估。,完整
water,C0E910,海埔,署屬自動站,苗栗縣,後龍鎮,25,120.772435,24.648767,海埔125之15號(外埔安檢所樓頂),2025-07,rainfall,中央氣象署 CODiS / 現存測站清單,https://codis.cwa.gov.tw/ ; https://hdps.cwa.gov.tw/static/state.html,C0E910-2025.csv,降水量,642.5,mm,642.5,mm,直接採用該測站 CODiS 2025 年月報表欄位「降水量」作為系統測站層級資料；目前未進行鄉鎮推估。,完整
water,C0E910,海埔,署屬自動站,苗栗縣,後龍鎮,25,120.772435,24.648767,海埔125之15號(外埔安檢所樓頂),2025-07,rainfall_days,中央氣象署 CODiS / 現存測站清單,https://codis.cwa.gov.tw/ ; https://hdps.cwa.gov.tw/static/state.html,C0E910-2025.csv,降水日數,17,day,17,day,直接採用該測站 CODiS 2025 年月報表欄位「降水日數」作為系統測站層級資料；目前未進行鄉鎮推估。,完整
water,C0E910,海埔,署屬自動站,苗栗縣,後龍鎮,25,120.772435,24.648767,海埔125之15號(外埔安檢所樓頂),2025-07,max_daily_rainfall,中央氣象署 CODiS / 現存測站清單,https://codis.cwa.gov.tw/ ; https://hdps.cwa.gov.tw/static/state.html,C0E910-2025.csv,最大日降水量,289,mm,289,mm,直接採用該測站 CODiS 2025 年月報表欄位「最大日降水量」作為系統測站層級資料；目前未進行鄉鎮推估。,完整
water,C0E910,海埔,署屬自動站,苗栗縣,後龍鎮,25,120.772435,24.648767,海埔125之15號(外埔安檢所樓頂),2025-07,average_temperature,中央氣象署 CODiS / 現存測站清單,https://codis.cwa.gov.tw/ ; https://hdps.cwa.gov.tw/static/state.html,C0E910-2025.csv,氣溫,28.4,℃,28.4,℃,直接採用該測站 CODiS 2025 年月報表欄位「氣溫」作為系統測站層級資料；目前未進行鄉鎮推估。,完整
water,C0E910,海埔,署屬自動站,苗栗縣,後龍鎮,25,120.772435,24.648767,海埔125之15號(外埔安檢所樓頂),2025-07,relative_humidity,中央氣象署 CODiS / 現存測站清單,https://codis.cwa.gov.tw/ ; https://hdps.cwa.gov.tw/static/state.html,C0E910-2025.csv,相對溼度,85,%,85,%,直接採用該測站 CODiS 2025 年月報表欄位「相對溼度」作為系統測站層級資料；目前未進行鄉鎮推估。,完整
water,C0E910,海埔,署屬自動站,苗栗縣,後龍鎮,25,120.772435,24.648767,海埔125之15號(外埔安檢所樓頂),2025-08,rainfall,中央氣象署 CODiS / 現存測站清單,https://codis.cwa.gov.tw/ ; https://hdps.cwa.gov.tw/static/state.html,C0E910-2025.csv,降水量,18,mm,18,mm,直接採用該測站 CODiS 2025 年月報表欄位「降水量」作為系統測站層級資料；目前未進行鄉鎮推估。,完整
water,C0E910,海埔,署屬自動站,苗栗縣,後龍鎮,25,120.772435,24.648767,海埔125之15號(外埔安檢所樓頂),2025-08,rainfall_days,中央氣象署 CODiS / 現存測站清單,https://codis.cwa.gov.tw/ ; https://hdps.cwa.gov.tw/static/state.html,C0E910-2025.csv,降水日數,3,day,3,day,直接採用該測站 CODiS 2025 年月報表欄位「降水日數」作為系統測站層級資料；目前未進行鄉鎮推估。,完整
water,C0E910,海埔,署屬自動站,苗栗縣,後龍鎮,25,120.772435,24.648767,海埔125之15號(外埔安檢所樓頂),2025-08,max_daily_rainfall,中央氣象署 CODiS / 現存測站清單,https://codis.cwa.gov.tw/ ; https://hdps.cwa.gov.tw/static/state.html,C0E910-2025.csv,最大日降水量,8.5,mm,8.5,mm,直接採用該測站 CODiS 2025 年月報表欄位「最大日降水量」作為系統測站層級資料；目前未進行鄉鎮推估。,完整
water,C0E910,海埔,署屬自動站,苗栗縣,後龍鎮,25,120.772435,24.648767,海埔125之15號(外埔安檢所樓頂),2025-08,average_temperature,中央氣象署 CODiS / 現存測站清單,https://codis.cwa.gov.tw/ ; https://hdps.cwa.gov.tw/static/state.html,C0E910-2025.csv,氣溫,28.9,℃,28.9,℃,直接採用該測站 CODiS 2025 年月報表欄位「氣溫」作為系統測站層級資料；目前未進行鄉鎮推估。,完整
water,C0E910,海埔,署屬自動站,苗栗縣,後龍鎮,25,120.772435,24.648767,海埔125之15號(外埔安檢所樓頂),2025-08,relative_humidity,中央氣象署 CODiS / 現存測站清單,https://codis.cwa.gov.tw/ ; https://hdps.cwa.gov.tw/static/state.html,C0E910-2025.csv,相對溼度,81,%,81,%,直接採用該測站 CODiS 2025 年月報表欄位「相對溼度」作為系統測站層級資料；目前未進行鄉鎮推估。,完整
water,C0E910,海埔,署屬自動站,苗栗縣,後龍鎮,25,120.772435,24.648767,海埔125之15號(外埔安檢所樓頂),2025-09,rainfall,中央氣象署 CODiS / 現存測站清單,https://codis.cwa.gov.tw/ ; https://hdps.cwa.gov.tw/static/state.html,C0E910-2025.csv,降水量,47,mm,47,mm,直接採用該測站 CODiS 2025 年月報表欄位「降水量」作為系統測站層級資料；目前未進行鄉鎮推估。,完整
water,C0E910,海埔,署屬自動站,苗栗縣,後龍鎮,25,120.772435,24.648767,海埔125之15號(外埔安檢所樓頂),2025-09,rainfall_days,中央氣象署 CODiS / 現存測站清單,https://codis.cwa.gov.tw/ ; https://hdps.cwa.gov.tw/static/state.html,C0E910-2025.csv,降水日數,5,day,5,day,直接採用該測站 CODiS 2025 年月報表欄位「降水日數」作為系統測站層級資料；目前未進行鄉鎮推估。,完整
water,C0E910,海埔,署屬自動站,苗栗縣,後龍鎮,25,120.772435,24.648767,海埔125之15號(外埔安檢所樓頂),2025-09,max_daily_rainfall,中央氣象署 CODiS / 現存測站清單,https://codis.cwa.gov.tw/ ; https://hdps.cwa.gov.tw/static/state.html,C0E910-2025.csv,最大日降水量,27,mm,27,mm,直接採用該測站 CODiS 2025 年月報表欄位「最大日降水量」作為系統測站層級資料；目前未進行鄉鎮推估。,完整
water,C0E910,海埔,署屬自動站,苗栗縣,後龍鎮,25,120.772435,24.648767,海埔125之15號(外埔安檢所樓頂),2025-09,average_temperature,中央氣象署 CODiS / 現存測站清單,https://codis.cwa.gov.tw/ ; https://hdps.cwa.gov.tw/static/state.html,C0E910-2025.csv,氣溫,28.8,℃,28.8,℃,直接採用該測站 CODiS 2025 年月報表欄位「氣溫」作為系統測站層級資料；目前未進行鄉鎮推估。,完整
water,C0E910,海埔,署屬自動站,苗栗縣,後龍鎮,25,120.772435,24.648767,海埔125之15號(外埔安檢所樓頂),2025-09,relative_humidity,中央氣象署 CODiS / 現存測站清單,https://codis.cwa.gov.tw/ ; https://hdps.cwa.gov.tw/static/state.html,C0E910-2025.csv,相對溼度,83,%,83,%,直接採用該測站 CODiS 2025 年月報表欄位「相對溼度」作為系統測站層級資料；目前未進行鄉鎮推估。,完整
water,C0E910,海埔,署屬自動站,苗栗縣,後龍鎮,25,120.772435,24.648767,海埔125之15號(外埔安檢所樓頂),2025-10,rainfall,中央氣象署 CODiS / 現存測站清單,https://codis.cwa.gov.tw/ ; https://hdps.cwa.gov.tw/static/state.html,C0E910-2025.csv,降水量,42,mm,42,mm,直接採用該測站 CODiS 2025 年月報表欄位「降水量」作為系統測站層級資料；目前未進行鄉鎮推估。,完整
water,C0E910,海埔,署屬自動站,苗栗縣,後龍鎮,25,120.772435,24.648767,海埔125之15號(外埔安檢所樓頂),2025-10,rainfall_days,中央氣象署 CODiS / 現存測站清單,https://codis.cwa.gov.tw/ ; https://hdps.cwa.gov.tw/static/state.html,C0E910-2025.csv,降水日數,4,day,4,day,直接採用該測站 CODiS 2025 年月報表欄位「降水日數」作為系統測站層級資料；目前未進行鄉鎮推估。,完整
water,C0E910,海埔,署屬自動站,苗栗縣,後龍鎮,25,120.772435,24.648767,海埔125之15號(外埔安檢所樓頂),2025-10,max_daily_rainfall,中央氣象署 CODiS / 現存測站清單,https://codis.cwa.gov.tw/ ; https://hdps.cwa.gov.tw/static/state.html,C0E910-2025.csv,最大日降水量,20.5,mm,20.5,mm,直接採用該測站 CODiS 2025 年月報表欄位「最大日降水量」作為系統測站層級資料；目前未進行鄉鎮推估。,完整
water,C0E910,海埔,署屬自動站,苗栗縣,後龍鎮,25,120.772435,24.648767,海埔125之15號(外埔安檢所樓頂),2025-10,average_temperature,中央氣象署 CODiS / 現存測站清單,https://codis.cwa.gov.tw/ ; https://hdps.cwa.gov.tw/static/state.html,C0E910-2025.csv,氣溫,26.5,℃,26.5,℃,直接採用該測站 CODiS 2025 年月報表欄位「氣溫」作為系統測站層級資料；目前未進行鄉鎮推估。,完整
water,C0E910,海埔,署屬自動站,苗栗縣,後龍鎮,25,120.772435,24.648767,海埔125之15號(外埔安檢所樓頂),2025-10,relative_humidity,中央氣象署 CODiS / 現存測站清單,https://codis.cwa.gov.tw/ ; https://hdps.cwa.gov.tw/static/state.html,C0E910-2025.csv,相對溼度,83,%,83,%,直接採用該測站 CODiS 2025 年月報表欄位「相對溼度」作為系統測站層級資料；目前未進行鄉鎮推估。,完整
water,C0E910,海埔,署屬自動站,苗栗縣,後龍鎮,25,120.772435,24.648767,海埔125之15號(外埔安檢所樓頂),2025-11,rainfall,中央氣象署 CODiS / 現存測站清單,https://codis.cwa.gov.tw/ ; https://hdps.cwa.gov.tw/static/state.html,C0E910-2025.csv,降水量,10.5,mm,10.5,mm,直接採用該測站 CODiS 2025 年月報表欄位「降水量」作為系統測站層級資料；目前未進行鄉鎮推估。,完整
water,C0E910,海埔,署屬自動站,苗栗縣,後龍鎮,25,120.772435,24.648767,海埔125之15號(外埔安檢所樓頂),2025-11,rainfall_days,中央氣象署 CODiS / 現存測站清單,https://codis.cwa.gov.tw/ ; https://hdps.cwa.gov.tw/static/state.html,C0E910-2025.csv,降水日數,3,day,3,day,直接採用該測站 CODiS 2025 年月報表欄位「降水日數」作為系統測站層級資料；目前未進行鄉鎮推估。,完整
water,C0E910,海埔,署屬自動站,苗栗縣,後龍鎮,25,120.772435,24.648767,海埔125之15號(外埔安檢所樓頂),2025-11,max_daily_rainfall,中央氣象署 CODiS / 現存測站清單,https://codis.cwa.gov.tw/ ; https://hdps.cwa.gov.tw/static/state.html,C0E910-2025.csv,最大日降水量,5,mm,5,mm,直接採用該測站 CODiS 2025 年月報表欄位「最大日降水量」作為系統測站層級資料；目前未進行鄉鎮推估。,完整
water,C0E910,海埔,署屬自動站,苗栗縣,後龍鎮,25,120.772435,24.648767,海埔125之15號(外埔安檢所樓頂),2025-11,average_temperature,中央氣象署 CODiS / 現存測站清單,https://codis.cwa.gov.tw/ ; https://hdps.cwa.gov.tw/static/state.html,C0E910-2025.csv,氣溫,21.8,℃,21.8,℃,直接採用該測站 CODiS 2025 年月報表欄位「氣溫」作為系統測站層級資料；目前未進行鄉鎮推估。,完整
water,C0E910,海埔,署屬自動站,苗栗縣,後龍鎮,25,120.772435,24.648767,海埔125之15號(外埔安檢所樓頂),2025-11,relative_humidity,中央氣象署 CODiS / 現存測站清單,https://codis.cwa.gov.tw/ ; https://hdps.cwa.gov.tw/static/state.html,C0E910-2025.csv,相對溼度,80,%,80,%,直接採用該測站 CODiS 2025 年月報表欄位「相對溼度」作為系統測站層級資料；目前未進行鄉鎮推估。,完整
water,C0E910,海埔,署屬自動站,苗栗縣,後龍鎮,25,120.772435,24.648767,海埔125之15號(外埔安檢所樓頂),2025-12,rainfall,中央氣象署 CODiS / 現存測站清單,https://codis.cwa.gov.tw/ ; https://hdps.cwa.gov.tw/static/state.html,C0E910-2025.csv,降水量,0.5,mm,0.5,mm,直接採用該測站 CODiS 2025 年月報表欄位「降水量」作為系統測站層級資料；目前未進行鄉鎮推估。,完整
water,C0E910,海埔,署屬自動站,苗栗縣,後龍鎮,25,120.772435,24.648767,海埔125之15號(外埔安檢所樓頂),2025-12,rainfall_days,中央氣象署 CODiS / 現存測站清單,https://codis.cwa.gov.tw/ ; https://hdps.cwa.gov.tw/static/state.html,C0E910-2025.csv,降水日數,1,day,1,day,直接採用該測站 CODiS 2025 年月報表欄位「降水日數」作為系統測站層級資料；目前未進行鄉鎮推估。,完整
water,C0E910,海埔,署屬自動站,苗栗縣,後龍鎮,25,120.772435,24.648767,海埔125之15號(外埔安檢所樓頂),2025-12,max_daily_rainfall,中央氣象署 CODiS / 現存測站清單,https://codis.cwa.gov.tw/ ; https://hdps.cwa.gov.tw/static/state.html,C0E910-2025.csv,最大日降水量,0.5,mm,0.5,mm,直接採用該測站 CODiS 2025 年月報表欄位「最大日降水量」作為系統測站層級資料；目前未進行鄉鎮推估。,完整
water,C0E910,海埔,署屬自動站,苗栗縣,後龍鎮,25,120.772435,24.648767,海埔125之15號(外埔安檢所樓頂),2025-12,average_temperature,中央氣象署 CODiS / 現存測站清單,https://codis.cwa.gov.tw/ ; https://hdps.cwa.gov.tw/static/state.html,C0E910-2025.csv,氣溫,18.9,℃,18.9,℃,直接採用該測站 CODiS 2025 年月報表欄位「氣溫」作為系統測站層級資料；目前未進行鄉鎮推估。,完整
water,C0E910,海埔,署屬自動站,苗栗縣,後龍鎮,25,120.772435,24.648767,海埔125之15號(外埔安檢所樓頂),2025-12,relative_humidity,中央氣象署 CODiS / 現存測站清單,https://codis.cwa.gov.tw/ ; https://hdps.cwa.gov.tw/static/state.html,C0E910-2025.csv,相對溼度,82,%,82,%,直接採用該測站 CODiS 2025 年月報表欄位「相對溼度」作為系統測站層級資料；目前未進行鄉鎮推估。,完整
water,C0E920,通霄漁港,署屬自動站,苗栗縣,通霄鎮,20,120.673876,24.498589,漁港路69號(通霄安檢所樓頂),2025-01,rainfall,中央氣象署 CODiS / 現存測站清單,https://codis.cwa.gov.tw/ ; https://hdps.cwa.gov.tw/static/state.html,C0E920-2025.csv,降水量,13.5,mm,13.5,mm,直接採用該測站 CODiS 2025 年月報表欄位「降水量」作為系統測站層級資料；目前未進行鄉鎮推估。,完整
water,C0E920,通霄漁港,署屬自動站,苗栗縣,通霄鎮,20,120.673876,24.498589,漁港路69號(通霄安檢所樓頂),2025-01,rainfall_days,中央氣象署 CODiS / 現存測站清單,https://codis.cwa.gov.tw/ ; https://hdps.cwa.gov.tw/static/state.html,C0E920-2025.csv,降水日數,7,day,7,day,直接採用該測站 CODiS 2025 年月報表欄位「降水日數」作為系統測站層級資料；目前未進行鄉鎮推估。,完整
water,C0E920,通霄漁港,署屬自動站,苗栗縣,通霄鎮,20,120.673876,24.498589,漁港路69號(通霄安檢所樓頂),2025-01,max_daily_rainfall,中央氣象署 CODiS / 現存測站清單,https://codis.cwa.gov.tw/ ; https://hdps.cwa.gov.tw/static/state.html,C0E920-2025.csv,最大日降水量,6,mm,6,mm,直接採用該測站 CODiS 2025 年月報表欄位「最大日降水量」作為系統測站層級資料；目前未進行鄉鎮推估。,完整
water,C0E920,通霄漁港,署屬自動站,苗栗縣,通霄鎮,20,120.673876,24.498589,漁港路69號(通霄安檢所樓頂),2025-01,average_temperature,中央氣象署 CODiS / 現存測站清單,https://codis.cwa.gov.tw/ ; https://hdps.cwa.gov.tw/static/state.html,C0E920-2025.csv,氣溫,14.8,℃,14.8,℃,直接採用該測站 CODiS 2025 年月報表欄位「氣溫」作為系統測站層級資料；目前未進行鄉鎮推估。,完整
water,C0E920,通霄漁港,署屬自動站,苗栗縣,通霄鎮,20,120.673876,24.498589,漁港路69號(通霄安檢所樓頂),2025-01,relative_humidity,中央氣象署 CODiS / 現存測站清單,https://codis.cwa.gov.tw/ ; https://hdps.cwa.gov.tw/static/state.html,C0E920-2025.csv,相對溼度,74,%,74,%,直接採用該測站 CODiS 2025 年月報表欄位「相對溼度」作為系統測站層級資料；目前未進行鄉鎮推估。,完整
water,C0E920,通霄漁港,署屬自動站,苗栗縣,通霄鎮,20,120.673876,24.498589,漁港路69號(通霄安檢所樓頂),2025-02,rainfall,中央氣象署 CODiS / 現存測站清單,https://codis.cwa.gov.tw/ ; https://hdps.cwa.gov.tw/static/state.html,C0E920-2025.csv,降水量,54,mm,54,mm,直接採用該測站 CODiS 2025 年月報表欄位「降水量」作為系統測站層級資料；目前未進行鄉鎮推估。,完整
water,C0E920,通霄漁港,署屬自動站,苗栗縣,通霄鎮,20,120.673876,24.498589,漁港路69號(通霄安檢所樓頂),2025-02,rainfall_days,中央氣象署 CODiS / 現存測站清單,https://codis.cwa.gov.tw/ ; https://hdps.cwa.gov.tw/static/state.html,C0E920-2025.csv,降水日數,7,day,7,day,直接採用該測站 CODiS 2025 年月報表欄位「降水日數」作為系統測站層級資料；目前未進行鄉鎮推估。,完整
water,C0E920,通霄漁港,署屬自動站,苗栗縣,通霄鎮,20,120.673876,24.498589,漁港路69號(通霄安檢所樓頂),2025-02,max_daily_rainfall,中央氣象署 CODiS / 現存測站清單,https://codis.cwa.gov.tw/ ; https://hdps.cwa.gov.tw/static/state.html,C0E920-2025.csv,最大日降水量,27.5,mm,27.5,mm,直接採用該測站 CODiS 2025 年月報表欄位「最大日降水量」作為系統測站層級資料；目前未進行鄉鎮推估。,完整
water,C0E920,通霄漁港,署屬自動站,苗栗縣,通霄鎮,20,120.673876,24.498589,漁港路69號(通霄安檢所樓頂),2025-02,average_temperature,中央氣象署 CODiS / 現存測站清單,https://codis.cwa.gov.tw/ ; https://hdps.cwa.gov.tw/static/state.html,C0E920-2025.csv,氣溫,14.5,℃,14.5,℃,直接採用該測站 CODiS 2025 年月報表欄位「氣溫」作為系統測站層級資料；目前未進行鄉鎮推估。,完整
water,C0E920,通霄漁港,署屬自動站,苗栗縣,通霄鎮,20,120.673876,24.498589,漁港路69號(通霄安檢所樓頂),2025-02,relative_humidity,中央氣象署 CODiS / 現存測站清單,https://codis.cwa.gov.tw/ ; https://hdps.cwa.gov.tw/static/state.html,C0E920-2025.csv,相對溼度,84,%,84,%,直接採用該測站 CODiS 2025 年月報表欄位「相對溼度」作為系統測站層級資料；目前未進行鄉鎮推估。,完整
water,C0E920,通霄漁港,署屬自動站,苗栗縣,通霄鎮,20,120.673876,24.498589,漁港路69號(通霄安檢所樓頂),2025-03,rainfall,中央氣象署 CODiS / 現存測站清單,https://codis.cwa.gov.tw/ ; https://hdps.cwa.gov.tw/static/state.html,C0E920-2025.csv,降水量,150,mm,150,mm,直接採用該測站 CODiS 2025 年月報表欄位「降水量」作為系統測站層級資料；目前未進行鄉鎮推估。,完整
water,C0E920,通霄漁港,署屬自動站,苗栗縣,通霄鎮,20,120.673876,24.498589,漁港路69號(通霄安檢所樓頂),2025-03,rainfall_days,中央氣象署 CODiS / 現存測站清單,https://codis.cwa.gov.tw/ ; https://hdps.cwa.gov.tw/static/state.html,C0E920-2025.csv,降水日數,9,day,9,day,直接採用該測站 CODiS 2025 年月報表欄位「降水日數」作為系統測站層級資料；目前未進行鄉鎮推估。,完整
water,C0E920,通霄漁港,署屬自動站,苗栗縣,通霄鎮,20,120.673876,24.498589,漁港路69號(通霄安檢所樓頂),2025-03,max_daily_rainfall,中央氣象署 CODiS / 現存測站清單,https://codis.cwa.gov.tw/ ; https://hdps.cwa.gov.tw/static/state.html,C0E920-2025.csv,最大日降水量,45,mm,45,mm,直接採用該測站 CODiS 2025 年月報表欄位「最大日降水量」作為系統測站層級資料；目前未進行鄉鎮推估。,完整
water,C0E920,通霄漁港,署屬自動站,苗栗縣,通霄鎮,20,120.673876,24.498589,漁港路69號(通霄安檢所樓頂),2025-03,average_temperature,中央氣象署 CODiS / 現存測站清單,https://codis.cwa.gov.tw/ ; https://hdps.cwa.gov.tw/static/state.html,C0E920-2025.csv,氣溫,17.5,℃,17.5,℃,直接採用該測站 CODiS 2025 年月報表欄位「氣溫」作為系統測站層級資料；目前未進行鄉鎮推估。,完整
water,C0E920,通霄漁港,署屬自動站,苗栗縣,通霄鎮,20,120.673876,24.498589,漁港路69號(通霄安檢所樓頂),2025-03,relative_humidity,中央氣象署 CODiS / 現存測站清單,https://codis.cwa.gov.tw/ ; https://hdps.cwa.gov.tw/static/state.html,C0E920-2025.csv,相對溼度,80,%,80,%,直接採用該測站 CODiS 2025 年月報表欄位「相對溼度」作為系統測站層級資料；目前未進行鄉鎮推估。,完整
water,C0E920,通霄漁港,署屬自動站,苗栗縣,通霄鎮,20,120.673876,24.498589,漁港路69號(通霄安檢所樓頂),2025-04,rainfall,中央氣象署 CODiS / 現存測站清單,https://codis.cwa.gov.tw/ ; https://hdps.cwa.gov.tw/static/state.html,C0E920-2025.csv,降水量,118,mm,118,mm,直接採用該測站 CODiS 2025 年月報表欄位「降水量」作為系統測站層級資料；目前未進行鄉鎮推估。,完整
water,C0E920,通霄漁港,署屬自動站,苗栗縣,通霄鎮,20,120.673876,24.498589,漁港路69號(通霄安檢所樓頂),2025-04,rainfall_days,中央氣象署 CODiS / 現存測站清單,https://codis.cwa.gov.tw/ ; https://hdps.cwa.gov.tw/static/state.html,C0E920-2025.csv,降水日數,13,day,13,day,直接採用該測站 CODiS 2025 年月報表欄位「降水日數」作為系統測站層級資料；目前未進行鄉鎮推估。,完整
water,C0E920,通霄漁港,署屬自動站,苗栗縣,通霄鎮,20,120.673876,24.498589,漁港路69號(通霄安檢所樓頂),2025-04,max_daily_rainfall,中央氣象署 CODiS / 現存測站清單,https://codis.cwa.gov.tw/ ; https://hdps.cwa.gov.tw/static/state.html,C0E920-2025.csv,最大日降水量,47.5,mm,47.5,mm,直接採用該測站 CODiS 2025 年月報表欄位「最大日降水量」作為系統測站層級資料；目前未進行鄉鎮推估。,完整
water,C0E920,通霄漁港,署屬自動站,苗栗縣,通霄鎮,20,120.673876,24.498589,漁港路69號(通霄安檢所樓頂),2025-04,average_temperature,中央氣象署 CODiS / 現存測站清單,https://codis.cwa.gov.tw/ ; https://hdps.cwa.gov.tw/static/state.html,C0E920-2025.csv,氣溫,22,℃,22,℃,直接採用該測站 CODiS 2025 年月報表欄位「氣溫」作為系統測站層級資料；目前未進行鄉鎮推估。,完整
water,C0E920,通霄漁港,署屬自動站,苗栗縣,通霄鎮,20,120.673876,24.498589,漁港路69號(通霄安檢所樓頂),2025-04,relative_humidity,中央氣象署 CODiS / 現存測站清單,https://codis.cwa.gov.tw/ ; https://hdps.cwa.gov.tw/static/state.html,C0E920-2025.csv,相對溼度,78,%,78,%,直接採用該測站 CODiS 2025 年月報表欄位「相對溼度」作為系統測站層級資料；目前未進行鄉鎮推估。,完整
water,C0E920,通霄漁港,署屬自動站,苗栗縣,通霄鎮,20,120.673876,24.498589,漁港路69號(通霄安檢所樓頂),2025-05,rainfall,中央氣象署 CODiS / 現存測站清單,https://codis.cwa.gov.tw/ ; https://hdps.cwa.gov.tw/static/state.html,C0E920-2025.csv,降水量,227.5,mm,227.5,mm,直接採用該測站 CODiS 2025 年月報表欄位「降水量」作為系統測站層級資料；目前未進行鄉鎮推估。,完整
water,C0E920,通霄漁港,署屬自動站,苗栗縣,通霄鎮,20,120.673876,24.498589,漁港路69號(通霄安檢所樓頂),2025-05,rainfall_days,中央氣象署 CODiS / 現存測站清單,https://codis.cwa.gov.tw/ ; https://hdps.cwa.gov.tw/static/state.html,C0E920-2025.csv,降水日數,8,day,8,day,直接採用該測站 CODiS 2025 年月報表欄位「降水日數」作為系統測站層級資料；目前未進行鄉鎮推估。,完整
water,C0E920,通霄漁港,署屬自動站,苗栗縣,通霄鎮,20,120.673876,24.498589,漁港路69號(通霄安檢所樓頂),2025-05,max_daily_rainfall,中央氣象署 CODiS / 現存測站清單,https://codis.cwa.gov.tw/ ; https://hdps.cwa.gov.tw/static/state.html,C0E920-2025.csv,最大日降水量,65,mm,65,mm,直接採用該測站 CODiS 2025 年月報表欄位「最大日降水量」作為系統測站層級資料；目前未進行鄉鎮推估。,完整
water,C0E920,通霄漁港,署屬自動站,苗栗縣,通霄鎮,20,120.673876,24.498589,漁港路69號(通霄安檢所樓頂),2025-05,average_temperature,中央氣象署 CODiS / 現存測站清單,https://codis.cwa.gov.tw/ ; https://hdps.cwa.gov.tw/static/state.html,C0E920-2025.csv,氣溫,25.1,℃,25.1,℃,直接採用該測站 CODiS 2025 年月報表欄位「氣溫」作為系統測站層級資料；目前未進行鄉鎮推估。,完整
water,C0E920,通霄漁港,署屬自動站,苗栗縣,通霄鎮,20,120.673876,24.498589,漁港路69號(通霄安檢所樓頂),2025-05,relative_humidity,中央氣象署 CODiS / 現存測站清單,https://codis.cwa.gov.tw/ ; https://hdps.cwa.gov.tw/static/state.html,C0E920-2025.csv,相對溼度,81,%,81,%,直接採用該測站 CODiS 2025 年月報表欄位「相對溼度」作為系統測站層級資料；目前未進行鄉鎮推估。,完整
water,C0E920,通霄漁港,署屬自動站,苗栗縣,通霄鎮,20,120.673876,24.498589,漁港路69號(通霄安檢所樓頂),2025-06,rainfall,中央氣象署 CODiS / 現存測站清單,https://codis.cwa.gov.tw/ ; https://hdps.cwa.gov.tw/static/state.html,C0E920-2025.csv,降水量,60.5,mm,60.5,mm,直接採用該測站 CODiS 2025 年月報表欄位「降水量」作為系統測站層級資料；目前未進行鄉鎮推估。,完整
water,C0E920,通霄漁港,署屬自動站,苗栗縣,通霄鎮,20,120.673876,24.498589,漁港路69號(通霄安檢所樓頂),2025-06,rainfall_days,中央氣象署 CODiS / 現存測站清單,https://codis.cwa.gov.tw/ ; https://hdps.cwa.gov.tw/static/state.html,C0E920-2025.csv,降水日數,9,day,9,day,直接採用該測站 CODiS 2025 年月報表欄位「降水日數」作為系統測站層級資料；目前未進行鄉鎮推估。,完整
water,C0E920,通霄漁港,署屬自動站,苗栗縣,通霄鎮,20,120.673876,24.498589,漁港路69號(通霄安檢所樓頂),2025-06,max_daily_rainfall,中央氣象署 CODiS / 現存測站清單,https://codis.cwa.gov.tw/ ; https://hdps.cwa.gov.tw/static/state.html,C0E920-2025.csv,最大日降水量,20,mm,20,mm,直接採用該測站 CODiS 2025 年月報表欄位「最大日降水量」作為系統測站層級資料；目前未進行鄉鎮推估。,完整
water,C0E920,通霄漁港,署屬自動站,苗栗縣,通霄鎮,20,120.673876,24.498589,漁港路69號(通霄安檢所樓頂),2025-06,average_temperature,中央氣象署 CODiS / 現存測站清單,https://codis.cwa.gov.tw/ ; https://hdps.cwa.gov.tw/static/state.html,C0E920-2025.csv,氣溫,28,℃,28,℃,直接採用該測站 CODiS 2025 年月報表欄位「氣溫」作為系統測站層級資料；目前未進行鄉鎮推估。,完整
water,C0E920,通霄漁港,署屬自動站,苗栗縣,通霄鎮,20,120.673876,24.498589,漁港路69號(通霄安檢所樓頂),2025-06,relative_humidity,中央氣象署 CODiS / 現存測站清單,https://codis.cwa.gov.tw/ ; https://hdps.cwa.gov.tw/static/state.html,C0E920-2025.csv,相對溼度,81,%,81,%,直接採用該測站 CODiS 2025 年月報表欄位「相對溼度」作為系統測站層級資料；目前未進行鄉鎮推估。,完整
water,C0E920,通霄漁港,署屬自動站,苗栗縣,通霄鎮,20,120.673876,24.498589,漁港路69號(通霄安檢所樓頂),2025-07,rainfall,中央氣象署 CODiS / 現存測站清單,https://codis.cwa.gov.tw/ ; https://hdps.cwa.gov.tw/static/state.html,C0E920-2025.csv,降水量,623.5,mm,623.5,mm,直接採用該測站 CODiS 2025 年月報表欄位「降水量」作為系統測站層級資料；目前未進行鄉鎮推估。,完整
water,C0E920,通霄漁港,署屬自動站,苗栗縣,通霄鎮,20,120.673876,24.498589,漁港路69號(通霄安檢所樓頂),2025-07,rainfall_days,中央氣象署 CODiS / 現存測站清單,https://codis.cwa.gov.tw/ ; https://hdps.cwa.gov.tw/static/state.html,C0E920-2025.csv,降水日數,15,day,15,day,直接採用該測站 CODiS 2025 年月報表欄位「降水日數」作為系統測站層級資料；目前未進行鄉鎮推估。,完整
water,C0E920,通霄漁港,署屬自動站,苗栗縣,通霄鎮,20,120.673876,24.498589,漁港路69號(通霄安檢所樓頂),2025-07,max_daily_rainfall,中央氣象署 CODiS / 現存測站清單,https://codis.cwa.gov.tw/ ; https://hdps.cwa.gov.tw/static/state.html,C0E920-2025.csv,最大日降水量,281,mm,281,mm,直接採用該測站 CODiS 2025 年月報表欄位「最大日降水量」作為系統測站層級資料；目前未進行鄉鎮推估。,完整
water,C0E920,通霄漁港,署屬自動站,苗栗縣,通霄鎮,20,120.673876,24.498589,漁港路69號(通霄安檢所樓頂),2025-07,average_temperature,中央氣象署 CODiS / 現存測站清單,https://codis.cwa.gov.tw/ ; https://hdps.cwa.gov.tw/static/state.html,C0E920-2025.csv,氣溫,28.1,℃,28.1,℃,直接採用該測站 CODiS 2025 年月報表欄位「氣溫」作為系統測站層級資料；目前未進行鄉鎮推估。,完整
water,C0E920,通霄漁港,署屬自動站,苗栗縣,通霄鎮,20,120.673876,24.498589,漁港路69號(通霄安檢所樓頂),2025-07,relative_humidity,中央氣象署 CODiS / 現存測站清單,https://codis.cwa.gov.tw/ ; https://hdps.cwa.gov.tw/static/state.html,C0E920-2025.csv,相對溼度,83,%,83,%,直接採用該測站 CODiS 2025 年月報表欄位「相對溼度」作為系統測站層級資料；目前未進行鄉鎮推估。,完整
water,C0E920,通霄漁港,署屬自動站,苗栗縣,通霄鎮,20,120.673876,24.498589,漁港路69號(通霄安檢所樓頂),2025-08,rainfall,中央氣象署 CODiS / 現存測站清單,https://codis.cwa.gov.tw/ ; https://hdps.cwa.gov.tw/static/state.html,C0E920-2025.csv,降水量,69.5,mm,69.5,mm,直接採用該測站 CODiS 2025 年月報表欄位「降水量」作為系統測站層級資料；目前未進行鄉鎮推估。,完整
water,C0E920,通霄漁港,署屬自動站,苗栗縣,通霄鎮,20,120.673876,24.498589,漁港路69號(通霄安檢所樓頂),2025-08,rainfall_days,中央氣象署 CODiS / 現存測站清單,https://codis.cwa.gov.tw/ ; https://hdps.cwa.gov.tw/static/state.html,C0E920-2025.csv,降水日數,5,day,5,day,直接採用該測站 CODiS 2025 年月報表欄位「降水日數」作為系統測站層級資料；目前未進行鄉鎮推估。,完整
water,C0E920,通霄漁港,署屬自動站,苗栗縣,通霄鎮,20,120.673876,24.498589,漁港路69號(通霄安檢所樓頂),2025-08,max_daily_rainfall,中央氣象署 CODiS / 現存測站清單,https://codis.cwa.gov.tw/ ; https://hdps.cwa.gov.tw/static/state.html,C0E920-2025.csv,最大日降水量,30.5,mm,30.5,mm,直接採用該測站 CODiS 2025 年月報表欄位「最大日降水量」作為系統測站層級資料；目前未進行鄉鎮推估。,完整
water,C0E920,通霄漁港,署屬自動站,苗栗縣,通霄鎮,20,120.673876,24.498589,漁港路69號(通霄安檢所樓頂),2025-08,average_temperature,中央氣象署 CODiS / 現存測站清單,https://codis.cwa.gov.tw/ ; https://hdps.cwa.gov.tw/static/state.html,C0E920-2025.csv,氣溫,28.4,℃,28.4,℃,直接採用該測站 CODiS 2025 年月報表欄位「氣溫」作為系統測站層級資料；目前未進行鄉鎮推估。,完整
water,C0E920,通霄漁港,署屬自動站,苗栗縣,通霄鎮,20,120.673876,24.498589,漁港路69號(通霄安檢所樓頂),2025-08,relative_humidity,中央氣象署 CODiS / 現存測站清單,https://codis.cwa.gov.tw/ ; https://hdps.cwa.gov.tw/static/state.html,C0E920-2025.csv,相對溼度,79,%,79,%,直接採用該測站 CODiS 2025 年月報表欄位「相對溼度」作為系統測站層級資料；目前未進行鄉鎮推估。,完整
water,C0E920,通霄漁港,署屬自動站,苗栗縣,通霄鎮,20,120.673876,24.498589,漁港路69號(通霄安檢所樓頂),2025-09,rainfall,中央氣象署 CODiS / 現存測站清單,https://codis.cwa.gov.tw/ ; https://hdps.cwa.gov.tw/static/state.html,C0E920-2025.csv,降水量,72,mm,72,mm,直接採用該測站 CODiS 2025 年月報表欄位「降水量」作為系統測站層級資料；目前未進行鄉鎮推估。,完整
water,C0E920,通霄漁港,署屬自動站,苗栗縣,通霄鎮,20,120.673876,24.498589,漁港路69號(通霄安檢所樓頂),2025-09,rainfall_days,中央氣象署 CODiS / 現存測站清單,https://codis.cwa.gov.tw/ ; https://hdps.cwa.gov.tw/static/state.html,C0E920-2025.csv,降水日數,5,day,5,day,直接採用該測站 CODiS 2025 年月報表欄位「降水日數」作為系統測站層級資料；目前未進行鄉鎮推估。,完整
water,C0E920,通霄漁港,署屬自動站,苗栗縣,通霄鎮,20,120.673876,24.498589,漁港路69號(通霄安檢所樓頂),2025-09,max_daily_rainfall,中央氣象署 CODiS / 現存測站清單,https://codis.cwa.gov.tw/ ; https://hdps.cwa.gov.tw/static/state.html,C0E920-2025.csv,最大日降水量,41.5,mm,41.5,mm,直接採用該測站 CODiS 2025 年月報表欄位「最大日降水量」作為系統測站層級資料；目前未進行鄉鎮推估。,完整
water,C0E920,通霄漁港,署屬自動站,苗栗縣,通霄鎮,20,120.673876,24.498589,漁港路69號(通霄安檢所樓頂),2025-09,average_temperature,中央氣象署 CODiS / 現存測站清單,https://codis.cwa.gov.tw/ ; https://hdps.cwa.gov.tw/static/state.html,C0E920-2025.csv,氣溫,28.4,℃,28.4,℃,直接採用該測站 CODiS 2025 年月報表欄位「氣溫」作為系統測站層級資料；目前未進行鄉鎮推估。,完整
water,C0E920,通霄漁港,署屬自動站,苗栗縣,通霄鎮,20,120.673876,24.498589,漁港路69號(通霄安檢所樓頂),2025-09,relative_humidity,中央氣象署 CODiS / 現存測站清單,https://codis.cwa.gov.tw/ ; https://hdps.cwa.gov.tw/static/state.html,C0E920-2025.csv,相對溼度,81,%,81,%,直接採用該測站 CODiS 2025 年月報表欄位「相對溼度」作為系統測站層級資料；目前未進行鄉鎮推估。,完整
water,C0E920,通霄漁港,署屬自動站,苗栗縣,通霄鎮,20,120.673876,24.498589,漁港路69號(通霄安檢所樓頂),2025-10,rainfall,中央氣象署 CODiS / 現存測站清單,https://codis.cwa.gov.tw/ ; https://hdps.cwa.gov.tw/static/state.html,C0E920-2025.csv,降水量,17.5,mm,17.5,mm,直接採用該測站 CODiS 2025 年月報表欄位「降水量」作為系統測站層級資料；目前未進行鄉鎮推估。,完整
water,C0E920,通霄漁港,署屬自動站,苗栗縣,通霄鎮,20,120.673876,24.498589,漁港路69號(通霄安檢所樓頂),2025-10,rainfall_days,中央氣象署 CODiS / 現存測站清單,https://codis.cwa.gov.tw/ ; https://hdps.cwa.gov.tw/static/state.html,C0E920-2025.csv,降水日數,4,day,4,day,直接採用該測站 CODiS 2025 年月報表欄位「降水日數」作為系統測站層級資料；目前未進行鄉鎮推估。,完整
water,C0E920,通霄漁港,署屬自動站,苗栗縣,通霄鎮,20,120.673876,24.498589,漁港路69號(通霄安檢所樓頂),2025-10,max_daily_rainfall,中央氣象署 CODiS / 現存測站清單,https://codis.cwa.gov.tw/ ; https://hdps.cwa.gov.tw/static/state.html,C0E920-2025.csv,最大日降水量,7.5,mm,7.5,mm,直接採用該測站 CODiS 2025 年月報表欄位「最大日降水量」作為系統測站層級資料；目前未進行鄉鎮推估。,完整
water,C0E920,通霄漁港,署屬自動站,苗栗縣,通霄鎮,20,120.673876,24.498589,漁港路69號(通霄安檢所樓頂),2025-10,average_temperature,中央氣象署 CODiS / 現存測站清單,https://codis.cwa.gov.tw/ ; https://hdps.cwa.gov.tw/static/state.html,C0E920-2025.csv,氣溫,26.2,℃,26.2,℃,直接採用該測站 CODiS 2025 年月報表欄位「氣溫」作為系統測站層級資料；目前未進行鄉鎮推估。,完整
water,C0E920,通霄漁港,署屬自動站,苗栗縣,通霄鎮,20,120.673876,24.498589,漁港路69號(通霄安檢所樓頂),2025-10,relative_humidity,中央氣象署 CODiS / 現存測站清單,https://codis.cwa.gov.tw/ ; https://hdps.cwa.gov.tw/static/state.html,C0E920-2025.csv,相對溼度,81,%,81,%,直接採用該測站 CODiS 2025 年月報表欄位「相對溼度」作為系統測站層級資料；目前未進行鄉鎮推估。,完整
water,C0E920,通霄漁港,署屬自動站,苗栗縣,通霄鎮,20,120.673876,24.498589,漁港路69號(通霄安檢所樓頂),2025-11,rainfall,中央氣象署 CODiS / 現存測站清單,https://codis.cwa.gov.tw/ ; https://hdps.cwa.gov.tw/static/state.html,C0E920-2025.csv,降水量,18,mm,18,mm,直接採用該測站 CODiS 2025 年月報表欄位「降水量」作為系統測站層級資料；目前未進行鄉鎮推估。,完整
water,C0E920,通霄漁港,署屬自動站,苗栗縣,通霄鎮,20,120.673876,24.498589,漁港路69號(通霄安檢所樓頂),2025-11,rainfall_days,中央氣象署 CODiS / 現存測站清單,https://codis.cwa.gov.tw/ ; https://hdps.cwa.gov.tw/static/state.html,C0E920-2025.csv,降水日數,3,day,3,day,直接採用該測站 CODiS 2025 年月報表欄位「降水日數」作為系統測站層級資料；目前未進行鄉鎮推估。,完整
water,C0E920,通霄漁港,署屬自動站,苗栗縣,通霄鎮,20,120.673876,24.498589,漁港路69號(通霄安檢所樓頂),2025-11,max_daily_rainfall,中央氣象署 CODiS / 現存測站清單,https://codis.cwa.gov.tw/ ; https://hdps.cwa.gov.tw/static/state.html,C0E920-2025.csv,最大日降水量,9,mm,9,mm,直接採用該測站 CODiS 2025 年月報表欄位「最大日降水量」作為系統測站層級資料；目前未進行鄉鎮推估。,完整
water,C0E920,通霄漁港,署屬自動站,苗栗縣,通霄鎮,20,120.673876,24.498589,漁港路69號(通霄安檢所樓頂),2025-11,average_temperature,中央氣象署 CODiS / 現存測站清單,https://codis.cwa.gov.tw/ ; https://hdps.cwa.gov.tw/static/state.html,C0E920-2025.csv,氣溫,21.5,℃,21.5,℃,直接採用該測站 CODiS 2025 年月報表欄位「氣溫」作為系統測站層級資料；目前未進行鄉鎮推估。,完整
water,C0E920,通霄漁港,署屬自動站,苗栗縣,通霄鎮,20,120.673876,24.498589,漁港路69號(通霄安檢所樓頂),2025-11,relative_humidity,中央氣象署 CODiS / 現存測站清單,https://codis.cwa.gov.tw/ ; https://hdps.cwa.gov.tw/static/state.html,C0E920-2025.csv,相對溼度,78,%,78,%,直接採用該測站 CODiS 2025 年月報表欄位「相對溼度」作為系統測站層級資料；目前未進行鄉鎮推估。,完整
water,C0E920,通霄漁港,署屬自動站,苗栗縣,通霄鎮,20,120.673876,24.498589,漁港路69號(通霄安檢所樓頂),2025-12,rainfall,中央氣象署 CODiS / 現存測站清單,https://codis.cwa.gov.tw/ ; https://hdps.cwa.gov.tw/static/state.html,C0E920-2025.csv,降水量,1.5,mm,1.5,mm,直接採用該測站 CODiS 2025 年月報表欄位「降水量」作為系統測站層級資料；目前未進行鄉鎮推估。,完整
water,C0E920,通霄漁港,署屬自動站,苗栗縣,通霄鎮,20,120.673876,24.498589,漁港路69號(通霄安檢所樓頂),2025-12,rainfall_days,中央氣象署 CODiS / 現存測站清單,https://codis.cwa.gov.tw/ ; https://hdps.cwa.gov.tw/static/state.html,C0E920-2025.csv,降水日數,3,day,3,day,直接採用該測站 CODiS 2025 年月報表欄位「降水日數」作為系統測站層級資料；目前未進行鄉鎮推估。,完整
water,C0E920,通霄漁港,署屬自動站,苗栗縣,通霄鎮,20,120.673876,24.498589,漁港路69號(通霄安檢所樓頂),2025-12,max_daily_rainfall,中央氣象署 CODiS / 現存測站清單,https://codis.cwa.gov.tw/ ; https://hdps.cwa.gov.tw/static/state.html,C0E920-2025.csv,最大日降水量,0.5,mm,0.5,mm,直接採用該測站 CODiS 2025 年月報表欄位「最大日降水量」作為系統測站層級資料；目前未進行鄉鎮推估。,完整
water,C0E920,通霄漁港,署屬自動站,苗栗縣,通霄鎮,20,120.673876,24.498589,漁港路69號(通霄安檢所樓頂),2025-12,average_temperature,中央氣象署 CODiS / 現存測站清單,https://codis.cwa.gov.tw/ ; https://hdps.cwa.gov.tw/static/state.html,C0E920-2025.csv,氣溫,18.6,℃,18.6,℃,直接採用該測站 CODiS 2025 年月報表欄位「氣溫」作為系統測站層級資料；目前未進行鄉鎮推估。,完整
water,C0E920,通霄漁港,署屬自動站,苗栗縣,通霄鎮,20,120.673876,24.498589,漁港路69號(通霄安檢所樓頂),2025-12,relative_humidity,中央氣象署 CODiS / 現存測站清單,https://codis.cwa.gov.tw/ ; https://hdps.cwa.gov.tw/static/state.html,C0E920-2025.csv,相對溼度,81,%,81,%,直接採用該測站 CODiS 2025 年月報表欄位「相對溼度」作為系統測站層級資料；目前未進行鄉鎮推估。,完整
water,C0E930,龍鳳,署屬自動站,苗栗縣,竹南鎮,26,120.859125,24.700034,龍鳳里龍江街359巷5號(龍鳳安檢所樓頂),2025-01,rainfall,中央氣象署 CODiS / 現存測站清單,https://codis.cwa.gov.tw/ ; https://hdps.cwa.gov.tw/static/state.html,C0E930-2025.csv,降水量,19,mm,19,mm,直接採用該測站 CODiS 2025 年月報表欄位「降水量」作為系統測站層級資料；目前未進行鄉鎮推估。,完整
water,C0E930,龍鳳,署屬自動站,苗栗縣,竹南鎮,26,120.859125,24.700034,龍鳳里龍江街359巷5號(龍鳳安檢所樓頂),2025-01,rainfall_days,中央氣象署 CODiS / 現存測站清單,https://codis.cwa.gov.tw/ ; https://hdps.cwa.gov.tw/static/state.html,C0E930-2025.csv,降水日數,8,day,8,day,直接採用該測站 CODiS 2025 年月報表欄位「降水日數」作為系統測站層級資料；目前未進行鄉鎮推估。,完整
water,C0E930,龍鳳,署屬自動站,苗栗縣,竹南鎮,26,120.859125,24.700034,龍鳳里龍江街359巷5號(龍鳳安檢所樓頂),2025-01,max_daily_rainfall,中央氣象署 CODiS / 現存測站清單,https://codis.cwa.gov.tw/ ; https://hdps.cwa.gov.tw/static/state.html,C0E930-2025.csv,最大日降水量,6,mm,6,mm,直接採用該測站 CODiS 2025 年月報表欄位「最大日降水量」作為系統測站層級資料；目前未進行鄉鎮推估。,完整
water,C0E930,龍鳳,署屬自動站,苗栗縣,竹南鎮,26,120.859125,24.700034,龍鳳里龍江街359巷5號(龍鳳安檢所樓頂),2025-01,average_temperature,中央氣象署 CODiS / 現存測站清單,https://codis.cwa.gov.tw/ ; https://hdps.cwa.gov.tw/static/state.html,C0E930-2025.csv,氣溫,15.7,℃,15.7,℃,直接採用該測站 CODiS 2025 年月報表欄位「氣溫」作為系統測站層級資料；目前未進行鄉鎮推估。,完整
water,C0E930,龍鳳,署屬自動站,苗栗縣,竹南鎮,26,120.859125,24.700034,龍鳳里龍江街359巷5號(龍鳳安檢所樓頂),2025-01,relative_humidity,中央氣象署 CODiS / 現存測站清單,https://codis.cwa.gov.tw/ ; https://hdps.cwa.gov.tw/static/state.html,C0E930-2025.csv,相對溼度,75,%,75,%,直接採用該測站 CODiS 2025 年月報表欄位「相對溼度」作為系統測站層級資料；目前未進行鄉鎮推估。,完整
water,C0E930,龍鳳,署屬自動站,苗栗縣,竹南鎮,26,120.859125,24.700034,龍鳳里龍江街359巷5號(龍鳳安檢所樓頂),2025-02,rainfall,中央氣象署 CODiS / 現存測站清單,https://codis.cwa.gov.tw/ ; https://hdps.cwa.gov.tw/static/state.html,C0E930-2025.csv,降水量,57,mm,57,mm,直接採用該測站 CODiS 2025 年月報表欄位「降水量」作為系統測站層級資料；目前未進行鄉鎮推估。,完整
water,C0E930,龍鳳,署屬自動站,苗栗縣,竹南鎮,26,120.859125,24.700034,龍鳳里龍江街359巷5號(龍鳳安檢所樓頂),2025-02,rainfall_days,中央氣象署 CODiS / 現存測站清單,https://codis.cwa.gov.tw/ ; https://hdps.cwa.gov.tw/static/state.html,C0E930-2025.csv,降水日數,8,day,8,day,直接採用該測站 CODiS 2025 年月報表欄位「降水日數」作為系統測站層級資料；目前未進行鄉鎮推估。,完整
water,C0E930,龍鳳,署屬自動站,苗栗縣,竹南鎮,26,120.859125,24.700034,龍鳳里龍江街359巷5號(龍鳳安檢所樓頂),2025-02,max_daily_rainfall,中央氣象署 CODiS / 現存測站清單,https://codis.cwa.gov.tw/ ; https://hdps.cwa.gov.tw/static/state.html,C0E930-2025.csv,最大日降水量,27.5,mm,27.5,mm,直接採用該測站 CODiS 2025 年月報表欄位「最大日降水量」作為系統測站層級資料；目前未進行鄉鎮推估。,完整
water,C0E930,龍鳳,署屬自動站,苗栗縣,竹南鎮,26,120.859125,24.700034,龍鳳里龍江街359巷5號(龍鳳安檢所樓頂),2025-02,average_temperature,中央氣象署 CODiS / 現存測站清單,https://codis.cwa.gov.tw/ ; https://hdps.cwa.gov.tw/static/state.html,C0E930-2025.csv,氣溫,15.5,℃,15.5,℃,直接採用該測站 CODiS 2025 年月報表欄位「氣溫」作為系統測站層級資料；目前未進行鄉鎮推估。,完整
water,C0E930,龍鳳,署屬自動站,苗栗縣,竹南鎮,26,120.859125,24.700034,龍鳳里龍江街359巷5號(龍鳳安檢所樓頂),2025-02,relative_humidity,中央氣象署 CODiS / 現存測站清單,https://codis.cwa.gov.tw/ ; https://hdps.cwa.gov.tw/static/state.html,C0E930-2025.csv,相對溼度,85,%,85,%,直接採用該測站 CODiS 2025 年月報表欄位「相對溼度」作為系統測站層級資料；目前未進行鄉鎮推估。,完整
water,C0E930,龍鳳,署屬自動站,苗栗縣,竹南鎮,26,120.859125,24.700034,龍鳳里龍江街359巷5號(龍鳳安檢所樓頂),2025-03,rainfall,中央氣象署 CODiS / 現存測站清單,https://codis.cwa.gov.tw/ ; https://hdps.cwa.gov.tw/static/state.html,C0E930-2025.csv,降水量,237,mm,237,mm,直接採用該測站 CODiS 2025 年月報表欄位「降水量」作為系統測站層級資料；目前未進行鄉鎮推估。,完整
water,C0E930,龍鳳,署屬自動站,苗栗縣,竹南鎮,26,120.859125,24.700034,龍鳳里龍江街359巷5號(龍鳳安檢所樓頂),2025-03,rainfall_days,中央氣象署 CODiS / 現存測站清單,https://codis.cwa.gov.tw/ ; https://hdps.cwa.gov.tw/static/state.html,C0E930-2025.csv,降水日數,10,day,10,day,直接採用該測站 CODiS 2025 年月報表欄位「降水日數」作為系統測站層級資料；目前未進行鄉鎮推估。,完整
water,C0E930,龍鳳,署屬自動站,苗栗縣,竹南鎮,26,120.859125,24.700034,龍鳳里龍江街359巷5號(龍鳳安檢所樓頂),2025-03,max_daily_rainfall,中央氣象署 CODiS / 現存測站清單,https://codis.cwa.gov.tw/ ; https://hdps.cwa.gov.tw/static/state.html,C0E930-2025.csv,最大日降水量,56,mm,56,mm,直接採用該測站 CODiS 2025 年月報表欄位「最大日降水量」作為系統測站層級資料；目前未進行鄉鎮推估。,完整
water,C0E930,龍鳳,署屬自動站,苗栗縣,竹南鎮,26,120.859125,24.700034,龍鳳里龍江街359巷5號(龍鳳安檢所樓頂),2025-03,average_temperature,中央氣象署 CODiS / 現存測站清單,https://codis.cwa.gov.tw/ ; https://hdps.cwa.gov.tw/static/state.html,C0E930-2025.csv,氣溫,18,℃,18,℃,直接採用該測站 CODiS 2025 年月報表欄位「氣溫」作為系統測站層級資料；目前未進行鄉鎮推估。,完整
water,C0E930,龍鳳,署屬自動站,苗栗縣,竹南鎮,26,120.859125,24.700034,龍鳳里龍江街359巷5號(龍鳳安檢所樓頂),2025-03,relative_humidity,中央氣象署 CODiS / 現存測站清單,https://codis.cwa.gov.tw/ ; https://hdps.cwa.gov.tw/static/state.html,C0E930-2025.csv,相對溼度,83,%,83,%,直接採用該測站 CODiS 2025 年月報表欄位「相對溼度」作為系統測站層級資料；目前未進行鄉鎮推估。,完整
water,C0E930,龍鳳,署屬自動站,苗栗縣,竹南鎮,26,120.859125,24.700034,龍鳳里龍江街359巷5號(龍鳳安檢所樓頂),2025-04,rainfall,中央氣象署 CODiS / 現存測站清單,https://codis.cwa.gov.tw/ ; https://hdps.cwa.gov.tw/static/state.html,C0E930-2025.csv,降水量,145,mm,145,mm,直接採用該測站 CODiS 2025 年月報表欄位「降水量」作為系統測站層級資料；目前未進行鄉鎮推估。,完整
water,C0E930,龍鳳,署屬自動站,苗栗縣,竹南鎮,26,120.859125,24.700034,龍鳳里龍江街359巷5號(龍鳳安檢所樓頂),2025-04,rainfall_days,中央氣象署 CODiS / 現存測站清單,https://codis.cwa.gov.tw/ ; https://hdps.cwa.gov.tw/static/state.html,C0E930-2025.csv,降水日數,13,day,13,day,直接採用該測站 CODiS 2025 年月報表欄位「降水日數」作為系統測站層級資料；目前未進行鄉鎮推估。,完整
water,C0E930,龍鳳,署屬自動站,苗栗縣,竹南鎮,26,120.859125,24.700034,龍鳳里龍江街359巷5號(龍鳳安檢所樓頂),2025-04,max_daily_rainfall,中央氣象署 CODiS / 現存測站清單,https://codis.cwa.gov.tw/ ; https://hdps.cwa.gov.tw/static/state.html,C0E930-2025.csv,最大日降水量,43,mm,43,mm,直接採用該測站 CODiS 2025 年月報表欄位「最大日降水量」作為系統測站層級資料；目前未進行鄉鎮推估。,完整
water,C0E930,龍鳳,署屬自動站,苗栗縣,竹南鎮,26,120.859125,24.700034,龍鳳里龍江街359巷5號(龍鳳安檢所樓頂),2025-04,average_temperature,中央氣象署 CODiS / 現存測站清單,https://codis.cwa.gov.tw/ ; https://hdps.cwa.gov.tw/static/state.html,C0E930-2025.csv,氣溫,22.7,℃,22.7,℃,直接採用該測站 CODiS 2025 年月報表欄位「氣溫」作為系統測站層級資料；目前未進行鄉鎮推估。,完整
water,C0E930,龍鳳,署屬自動站,苗栗縣,竹南鎮,26,120.859125,24.700034,龍鳳里龍江街359巷5號(龍鳳安檢所樓頂),2025-04,relative_humidity,中央氣象署 CODiS / 現存測站清單,https://codis.cwa.gov.tw/ ; https://hdps.cwa.gov.tw/static/state.html,C0E930-2025.csv,相對溼度,80,%,80,%,直接採用該測站 CODiS 2025 年月報表欄位「相對溼度」作為系統測站層級資料；目前未進行鄉鎮推估。,完整
water,C0E930,龍鳳,署屬自動站,苗栗縣,竹南鎮,26,120.859125,24.700034,龍鳳里龍江街359巷5號(龍鳳安檢所樓頂),2025-05,rainfall,中央氣象署 CODiS / 現存測站清單,https://codis.cwa.gov.tw/ ; https://hdps.cwa.gov.tw/static/state.html,C0E930-2025.csv,降水量,285,mm,285,mm,直接採用該測站 CODiS 2025 年月報表欄位「降水量」作為系統測站層級資料；目前未進行鄉鎮推估。,完整
water,C0E930,龍鳳,署屬自動站,苗栗縣,竹南鎮,26,120.859125,24.700034,龍鳳里龍江街359巷5號(龍鳳安檢所樓頂),2025-05,rainfall_days,中央氣象署 CODiS / 現存測站清單,https://codis.cwa.gov.tw/ ; https://hdps.cwa.gov.tw/static/state.html,C0E930-2025.csv,降水日數,8,day,8,day,直接採用該測站 CODiS 2025 年月報表欄位「降水日數」作為系統測站層級資料；目前未進行鄉鎮推估。,完整
water,C0E930,龍鳳,署屬自動站,苗栗縣,竹南鎮,26,120.859125,24.700034,龍鳳里龍江街359巷5號(龍鳳安檢所樓頂),2025-05,max_daily_rainfall,中央氣象署 CODiS / 現存測站清單,https://codis.cwa.gov.tw/ ; https://hdps.cwa.gov.tw/static/state.html,C0E930-2025.csv,最大日降水量,67,mm,67,mm,直接採用該測站 CODiS 2025 年月報表欄位「最大日降水量」作為系統測站層級資料；目前未進行鄉鎮推估。,完整
water,C0E930,龍鳳,署屬自動站,苗栗縣,竹南鎮,26,120.859125,24.700034,龍鳳里龍江街359巷5號(龍鳳安檢所樓頂),2025-05,average_temperature,中央氣象署 CODiS / 現存測站清單,https://codis.cwa.gov.tw/ ; https://hdps.cwa.gov.tw/static/state.html,C0E930-2025.csv,氣溫,26,℃,26,℃,直接採用該測站 CODiS 2025 年月報表欄位「氣溫」作為系統測站層級資料；目前未進行鄉鎮推估。,完整
water,C0E930,龍鳳,署屬自動站,苗栗縣,竹南鎮,26,120.859125,24.700034,龍鳳里龍江街359巷5號(龍鳳安檢所樓頂),2025-05,relative_humidity,中央氣象署 CODiS / 現存測站清單,https://codis.cwa.gov.tw/ ; https://hdps.cwa.gov.tw/static/state.html,C0E930-2025.csv,相對溼度,82,%,82,%,直接採用該測站 CODiS 2025 年月報表欄位「相對溼度」作為系統測站層級資料；目前未進行鄉鎮推估。,完整
water,C0E930,龍鳳,署屬自動站,苗栗縣,竹南鎮,26,120.859125,24.700034,龍鳳里龍江街359巷5號(龍鳳安檢所樓頂),2025-06,rainfall,中央氣象署 CODiS / 現存測站清單,https://codis.cwa.gov.tw/ ; https://hdps.cwa.gov.tw/static/state.html,C0E930-2025.csv,降水量,84.5,mm,84.5,mm,直接採用該測站 CODiS 2025 年月報表欄位「降水量」作為系統測站層級資料；目前未進行鄉鎮推估。,完整
water,C0E930,龍鳳,署屬自動站,苗栗縣,竹南鎮,26,120.859125,24.700034,龍鳳里龍江街359巷5號(龍鳳安檢所樓頂),2025-06,rainfall_days,中央氣象署 CODiS / 現存測站清單,https://codis.cwa.gov.tw/ ; https://hdps.cwa.gov.tw/static/state.html,C0E930-2025.csv,降水日數,8,day,8,day,直接採用該測站 CODiS 2025 年月報表欄位「降水日數」作為系統測站層級資料；目前未進行鄉鎮推估。,完整
water,C0E930,龍鳳,署屬自動站,苗栗縣,竹南鎮,26,120.859125,24.700034,龍鳳里龍江街359巷5號(龍鳳安檢所樓頂),2025-06,max_daily_rainfall,中央氣象署 CODiS / 現存測站清單,https://codis.cwa.gov.tw/ ; https://hdps.cwa.gov.tw/static/state.html,C0E930-2025.csv,最大日降水量,26,mm,26,mm,直接採用該測站 CODiS 2025 年月報表欄位「最大日降水量」作為系統測站層級資料；目前未進行鄉鎮推估。,完整
water,C0E930,龍鳳,署屬自動站,苗栗縣,竹南鎮,26,120.859125,24.700034,龍鳳里龍江街359巷5號(龍鳳安檢所樓頂),2025-06,average_temperature,中央氣象署 CODiS / 現存測站清單,https://codis.cwa.gov.tw/ ; https://hdps.cwa.gov.tw/static/state.html,C0E930-2025.csv,氣溫,29.1,℃,29.1,℃,直接採用該測站 CODiS 2025 年月報表欄位「氣溫」作為系統測站層級資料；目前未進行鄉鎮推估。,完整
water,C0E930,龍鳳,署屬自動站,苗栗縣,竹南鎮,26,120.859125,24.700034,龍鳳里龍江街359巷5號(龍鳳安檢所樓頂),2025-06,relative_humidity,中央氣象署 CODiS / 現存測站清單,https://codis.cwa.gov.tw/ ; https://hdps.cwa.gov.tw/static/state.html,C0E930-2025.csv,相對溼度,81,%,81,%,直接採用該測站 CODiS 2025 年月報表欄位「相對溼度」作為系統測站層級資料；目前未進行鄉鎮推估。,完整
water,C0E930,龍鳳,署屬自動站,苗栗縣,竹南鎮,26,120.859125,24.700034,龍鳳里龍江街359巷5號(龍鳳安檢所樓頂),2025-07,rainfall,中央氣象署 CODiS / 現存測站清單,https://codis.cwa.gov.tw/ ; https://hdps.cwa.gov.tw/static/state.html,C0E930-2025.csv,降水量,554.5,mm,554.5,mm,直接採用該測站 CODiS 2025 年月報表欄位「降水量」作為系統測站層級資料；目前未進行鄉鎮推估。,完整
water,C0E930,龍鳳,署屬自動站,苗栗縣,竹南鎮,26,120.859125,24.700034,龍鳳里龍江街359巷5號(龍鳳安檢所樓頂),2025-07,rainfall_days,中央氣象署 CODiS / 現存測站清單,https://codis.cwa.gov.tw/ ; https://hdps.cwa.gov.tw/static/state.html,C0E930-2025.csv,降水日數,16,day,16,day,直接採用該測站 CODiS 2025 年月報表欄位「降水日數」作為系統測站層級資料；目前未進行鄉鎮推估。,完整
water,C0E930,龍鳳,署屬自動站,苗栗縣,竹南鎮,26,120.859125,24.700034,龍鳳里龍江街359巷5號(龍鳳安檢所樓頂),2025-07,max_daily_rainfall,中央氣象署 CODiS / 現存測站清單,https://codis.cwa.gov.tw/ ; https://hdps.cwa.gov.tw/static/state.html,C0E930-2025.csv,最大日降水量,216.5,mm,216.5,mm,直接採用該測站 CODiS 2025 年月報表欄位「最大日降水量」作為系統測站層級資料；目前未進行鄉鎮推估。,完整
water,C0E930,龍鳳,署屬自動站,苗栗縣,竹南鎮,26,120.859125,24.700034,龍鳳里龍江街359巷5號(龍鳳安檢所樓頂),2025-07,average_temperature,中央氣象署 CODiS / 現存測站清單,https://codis.cwa.gov.tw/ ; https://hdps.cwa.gov.tw/static/state.html,C0E930-2025.csv,氣溫,29,℃,29,℃,直接採用該測站 CODiS 2025 年月報表欄位「氣溫」作為系統測站層級資料；目前未進行鄉鎮推估。,完整
water,C0E930,龍鳳,署屬自動站,苗栗縣,竹南鎮,26,120.859125,24.700034,龍鳳里龍江街359巷5號(龍鳳安檢所樓頂),2025-07,relative_humidity,中央氣象署 CODiS / 現存測站清單,https://codis.cwa.gov.tw/ ; https://hdps.cwa.gov.tw/static/state.html,C0E930-2025.csv,相對溼度,84,%,84,%,直接採用該測站 CODiS 2025 年月報表欄位「相對溼度」作為系統測站層級資料；目前未進行鄉鎮推估。,完整
water,C0E930,龍鳳,署屬自動站,苗栗縣,竹南鎮,26,120.859125,24.700034,龍鳳里龍江街359巷5號(龍鳳安檢所樓頂),2025-08,rainfall,中央氣象署 CODiS / 現存測站清單,https://codis.cwa.gov.tw/ ; https://hdps.cwa.gov.tw/static/state.html,C0E930-2025.csv,降水量,15,mm,15,mm,直接採用該測站 CODiS 2025 年月報表欄位「降水量」作為系統測站層級資料；目前未進行鄉鎮推估。,完整
water,C0E930,龍鳳,署屬自動站,苗栗縣,竹南鎮,26,120.859125,24.700034,龍鳳里龍江街359巷5號(龍鳳安檢所樓頂),2025-08,rainfall_days,中央氣象署 CODiS / 現存測站清單,https://codis.cwa.gov.tw/ ; https://hdps.cwa.gov.tw/static/state.html,C0E930-2025.csv,降水日數,3,day,3,day,直接採用該測站 CODiS 2025 年月報表欄位「降水日數」作為系統測站層級資料；目前未進行鄉鎮推估。,完整
water,C0E930,龍鳳,署屬自動站,苗栗縣,竹南鎮,26,120.859125,24.700034,龍鳳里龍江街359巷5號(龍鳳安檢所樓頂),2025-08,max_daily_rainfall,中央氣象署 CODiS / 現存測站清單,https://codis.cwa.gov.tw/ ; https://hdps.cwa.gov.tw/static/state.html,C0E930-2025.csv,最大日降水量,11,mm,11,mm,直接採用該測站 CODiS 2025 年月報表欄位「最大日降水量」作為系統測站層級資料；目前未進行鄉鎮推估。,完整
water,C0E930,龍鳳,署屬自動站,苗栗縣,竹南鎮,26,120.859125,24.700034,龍鳳里龍江街359巷5號(龍鳳安檢所樓頂),2025-08,average_temperature,中央氣象署 CODiS / 現存測站清單,https://codis.cwa.gov.tw/ ; https://hdps.cwa.gov.tw/static/state.html,C0E930-2025.csv,氣溫,29.7,℃,29.7,℃,直接採用該測站 CODiS 2025 年月報表欄位「氣溫」作為系統測站層級資料；目前未進行鄉鎮推估。,完整
water,C0E930,龍鳳,署屬自動站,苗栗縣,竹南鎮,26,120.859125,24.700034,龍鳳里龍江街359巷5號(龍鳳安檢所樓頂),2025-08,relative_humidity,中央氣象署 CODiS / 現存測站清單,https://codis.cwa.gov.tw/ ; https://hdps.cwa.gov.tw/static/state.html,C0E930-2025.csv,相對溼度,79,%,79,%,直接採用該測站 CODiS 2025 年月報表欄位「相對溼度」作為系統測站層級資料；目前未進行鄉鎮推估。,完整
water,C0E930,龍鳳,署屬自動站,苗栗縣,竹南鎮,26,120.859125,24.700034,龍鳳里龍江街359巷5號(龍鳳安檢所樓頂),2025-09,rainfall,中央氣象署 CODiS / 現存測站清單,https://codis.cwa.gov.tw/ ; https://hdps.cwa.gov.tw/static/state.html,C0E930-2025.csv,降水量,35,mm,35,mm,直接採用該測站 CODiS 2025 年月報表欄位「降水量」作為系統測站層級資料；目前未進行鄉鎮推估。,完整
water,C0E930,龍鳳,署屬自動站,苗栗縣,竹南鎮,26,120.859125,24.700034,龍鳳里龍江街359巷5號(龍鳳安檢所樓頂),2025-09,rainfall_days,中央氣象署 CODiS / 現存測站清單,https://codis.cwa.gov.tw/ ; https://hdps.cwa.gov.tw/static/state.html,C0E930-2025.csv,降水日數,5,day,5,day,直接採用該測站 CODiS 2025 年月報表欄位「降水日數」作為系統測站層級資料；目前未進行鄉鎮推估。,完整
water,C0E930,龍鳳,署屬自動站,苗栗縣,竹南鎮,26,120.859125,24.700034,龍鳳里龍江街359巷5號(龍鳳安檢所樓頂),2025-09,max_daily_rainfall,中央氣象署 CODiS / 現存測站清單,https://codis.cwa.gov.tw/ ; https://hdps.cwa.gov.tw/static/state.html,C0E930-2025.csv,最大日降水量,23,mm,23,mm,直接採用該測站 CODiS 2025 年月報表欄位「最大日降水量」作為系統測站層級資料；目前未進行鄉鎮推估。,完整
water,C0E930,龍鳳,署屬自動站,苗栗縣,竹南鎮,26,120.859125,24.700034,龍鳳里龍江街359巷5號(龍鳳安檢所樓頂),2025-09,average_temperature,中央氣象署 CODiS / 現存測站清單,https://codis.cwa.gov.tw/ ; https://hdps.cwa.gov.tw/static/state.html,C0E930-2025.csv,氣溫,29.4,℃,29.4,℃,直接採用該測站 CODiS 2025 年月報表欄位「氣溫」作為系統測站層級資料；目前未進行鄉鎮推估。,完整
water,C0E930,龍鳳,署屬自動站,苗栗縣,竹南鎮,26,120.859125,24.700034,龍鳳里龍江街359巷5號(龍鳳安檢所樓頂),2025-09,relative_humidity,中央氣象署 CODiS / 現存測站清單,https://codis.cwa.gov.tw/ ; https://hdps.cwa.gov.tw/static/state.html,C0E930-2025.csv,相對溼度,82,%,82,%,直接採用該測站 CODiS 2025 年月報表欄位「相對溼度」作為系統測站層級資料；目前未進行鄉鎮推估。,完整
water,C0E930,龍鳳,署屬自動站,苗栗縣,竹南鎮,26,120.859125,24.700034,龍鳳里龍江街359巷5號(龍鳳安檢所樓頂),2025-10,rainfall,中央氣象署 CODiS / 現存測站清單,https://codis.cwa.gov.tw/ ; https://hdps.cwa.gov.tw/static/state.html,C0E930-2025.csv,降水量,70.5,mm,70.5,mm,直接採用該測站 CODiS 2025 年月報表欄位「降水量」作為系統測站層級資料；目前未進行鄉鎮推估。,完整
water,C0E930,龍鳳,署屬自動站,苗栗縣,竹南鎮,26,120.859125,24.700034,龍鳳里龍江街359巷5號(龍鳳安檢所樓頂),2025-10,rainfall_days,中央氣象署 CODiS / 現存測站清單,https://codis.cwa.gov.tw/ ; https://hdps.cwa.gov.tw/static/state.html,C0E930-2025.csv,降水日數,5,day,5,day,直接採用該測站 CODiS 2025 年月報表欄位「降水日數」作為系統測站層級資料；目前未進行鄉鎮推估。,完整
water,C0E930,龍鳳,署屬自動站,苗栗縣,竹南鎮,26,120.859125,24.700034,龍鳳里龍江街359巷5號(龍鳳安檢所樓頂),2025-10,max_daily_rainfall,中央氣象署 CODiS / 現存測站清單,https://codis.cwa.gov.tw/ ; https://hdps.cwa.gov.tw/static/state.html,C0E930-2025.csv,最大日降水量,38,mm,38,mm,直接採用該測站 CODiS 2025 年月報表欄位「最大日降水量」作為系統測站層級資料；目前未進行鄉鎮推估。,完整
water,C0E930,龍鳳,署屬自動站,苗栗縣,竹南鎮,26,120.859125,24.700034,龍鳳里龍江街359巷5號(龍鳳安檢所樓頂),2025-10,average_temperature,中央氣象署 CODiS / 現存測站清單,https://codis.cwa.gov.tw/ ; https://hdps.cwa.gov.tw/static/state.html,C0E930-2025.csv,氣溫,27,℃,27,℃,直接採用該測站 CODiS 2025 年月報表欄位「氣溫」作為系統測站層級資料；目前未進行鄉鎮推估。,完整
water,C0E930,龍鳳,署屬自動站,苗栗縣,竹南鎮,26,120.859125,24.700034,龍鳳里龍江街359巷5號(龍鳳安檢所樓頂),2025-10,relative_humidity,中央氣象署 CODiS / 現存測站清單,https://codis.cwa.gov.tw/ ; https://hdps.cwa.gov.tw/static/state.html,C0E930-2025.csv,相對溼度,82,%,82,%,直接採用該測站 CODiS 2025 年月報表欄位「相對溼度」作為系統測站層級資料；目前未進行鄉鎮推估。,完整
water,C0E930,龍鳳,署屬自動站,苗栗縣,竹南鎮,26,120.859125,24.700034,龍鳳里龍江街359巷5號(龍鳳安檢所樓頂),2025-11,rainfall,中央氣象署 CODiS / 現存測站清單,https://codis.cwa.gov.tw/ ; https://hdps.cwa.gov.tw/static/state.html,C0E930-2025.csv,降水量,10,mm,10,mm,直接採用該測站 CODiS 2025 年月報表欄位「降水量」作為系統測站層級資料；目前未進行鄉鎮推估。,完整
water,C0E930,龍鳳,署屬自動站,苗栗縣,竹南鎮,26,120.859125,24.700034,龍鳳里龍江街359巷5號(龍鳳安檢所樓頂),2025-11,rainfall_days,中央氣象署 CODiS / 現存測站清單,https://codis.cwa.gov.tw/ ; https://hdps.cwa.gov.tw/static/state.html,C0E930-2025.csv,降水日數,3,day,3,day,直接採用該測站 CODiS 2025 年月報表欄位「降水日數」作為系統測站層級資料；目前未進行鄉鎮推估。,完整
water,C0E930,龍鳳,署屬自動站,苗栗縣,竹南鎮,26,120.859125,24.700034,龍鳳里龍江街359巷5號(龍鳳安檢所樓頂),2025-11,max_daily_rainfall,中央氣象署 CODiS / 現存測站清單,https://codis.cwa.gov.tw/ ; https://hdps.cwa.gov.tw/static/state.html,C0E930-2025.csv,最大日降水量,5,mm,5,mm,直接採用該測站 CODiS 2025 年月報表欄位「最大日降水量」作為系統測站層級資料；目前未進行鄉鎮推估。,完整
water,C0E930,龍鳳,署屬自動站,苗栗縣,竹南鎮,26,120.859125,24.700034,龍鳳里龍江街359巷5號(龍鳳安檢所樓頂),2025-11,average_temperature,中央氣象署 CODiS / 現存測站清單,https://codis.cwa.gov.tw/ ; https://hdps.cwa.gov.tw/static/state.html,C0E930-2025.csv,氣溫,22.1,℃,22.1,℃,直接採用該測站 CODiS 2025 年月報表欄位「氣溫」作為系統測站層級資料；目前未進行鄉鎮推估。,完整
water,C0E930,龍鳳,署屬自動站,苗栗縣,竹南鎮,26,120.859125,24.700034,龍鳳里龍江街359巷5號(龍鳳安檢所樓頂),2025-11,relative_humidity,中央氣象署 CODiS / 現存測站清單,https://codis.cwa.gov.tw/ ; https://hdps.cwa.gov.tw/static/state.html,C0E930-2025.csv,相對溼度,79,%,79,%,直接採用該測站 CODiS 2025 年月報表欄位「相對溼度」作為系統測站層級資料；目前未進行鄉鎮推估。,完整
water,C0E930,龍鳳,署屬自動站,苗栗縣,竹南鎮,26,120.859125,24.700034,龍鳳里龍江街359巷5號(龍鳳安檢所樓頂),2025-12,rainfall,中央氣象署 CODiS / 現存測站清單,https://codis.cwa.gov.tw/ ; https://hdps.cwa.gov.tw/static/state.html,C0E930-2025.csv,降水量,1.5,mm,1.5,mm,直接採用該測站 CODiS 2025 年月報表欄位「降水量」作為系統測站層級資料；目前未進行鄉鎮推估。,完整
water,C0E930,龍鳳,署屬自動站,苗栗縣,竹南鎮,26,120.859125,24.700034,龍鳳里龍江街359巷5號(龍鳳安檢所樓頂),2025-12,rainfall_days,中央氣象署 CODiS / 現存測站清單,https://codis.cwa.gov.tw/ ; https://hdps.cwa.gov.tw/static/state.html,C0E930-2025.csv,降水日數,2,day,2,day,直接採用該測站 CODiS 2025 年月報表欄位「降水日數」作為系統測站層級資料；目前未進行鄉鎮推估。,完整
water,C0E930,龍鳳,署屬自動站,苗栗縣,竹南鎮,26,120.859125,24.700034,龍鳳里龍江街359巷5號(龍鳳安檢所樓頂),2025-12,max_daily_rainfall,中央氣象署 CODiS / 現存測站清單,https://codis.cwa.gov.tw/ ; https://hdps.cwa.gov.tw/static/state.html,C0E930-2025.csv,最大日降水量,1,mm,1,mm,直接採用該測站 CODiS 2025 年月報表欄位「最大日降水量」作為系統測站層級資料；目前未進行鄉鎮推估。,完整
water,C0E930,龍鳳,署屬自動站,苗栗縣,竹南鎮,26,120.859125,24.700034,龍鳳里龍江街359巷5號(龍鳳安檢所樓頂),2025-12,average_temperature,中央氣象署 CODiS / 現存測站清單,https://codis.cwa.gov.tw/ ; https://hdps.cwa.gov.tw/static/state.html,C0E930-2025.csv,氣溫,19.2,℃,19.2,℃,直接採用該測站 CODiS 2025 年月報表欄位「氣溫」作為系統測站層級資料；目前未進行鄉鎮推估。,完整
water,C0E930,龍鳳,署屬自動站,苗栗縣,竹南鎮,26,120.859125,24.700034,龍鳳里龍江街359巷5號(龍鳳安檢所樓頂),2025-12,relative_humidity,中央氣象署 CODiS / 現存測站清單,https://codis.cwa.gov.tw/ ; https://hdps.cwa.gov.tw/static/state.html,C0E930-2025.csv,相對溼度,82,%,82,%,直接採用該測站 CODiS 2025 年月報表欄位「相對溼度」作為系統測站層級資料；目前未進行鄉鎮推估。,完整
water,C0E940,雪見,署屬自動站,苗栗縣,泰安鄉,1881,121.01347,24.42595,盡尾段15-1地號,2025-01,rainfall,中央氣象署 CODiS / 現存測站清單,https://codis.cwa.gov.tw/ ; https://hdps.cwa.gov.tw/static/state.html,C0E940-2025.csv,降水量,,mm,,mm,直接採用該測站 CODiS 2025 年月報表欄位「降水量」作為系統測站層級資料；目前未進行鄉鎮推估。,缺值
water,C0E940,雪見,署屬自動站,苗栗縣,泰安鄉,1881,121.01347,24.42595,盡尾段15-1地號,2025-01,rainfall_days,中央氣象署 CODiS / 現存測站清單,https://codis.cwa.gov.tw/ ; https://hdps.cwa.gov.tw/static/state.html,C0E940-2025.csv,降水日數,,day,,day,直接採用該測站 CODiS 2025 年月報表欄位「降水日數」作為系統測站層級資料；目前未進行鄉鎮推估。,缺值
water,C0E940,雪見,署屬自動站,苗栗縣,泰安鄉,1881,121.01347,24.42595,盡尾段15-1地號,2025-01,max_daily_rainfall,中央氣象署 CODiS / 現存測站清單,https://codis.cwa.gov.tw/ ; https://hdps.cwa.gov.tw/static/state.html,C0E940-2025.csv,最大日降水量,,mm,,mm,直接採用該測站 CODiS 2025 年月報表欄位「最大日降水量」作為系統測站層級資料；目前未進行鄉鎮推估。,缺值
water,C0E940,雪見,署屬自動站,苗栗縣,泰安鄉,1881,121.01347,24.42595,盡尾段15-1地號,2025-01,average_temperature,中央氣象署 CODiS / 現存測站清單,https://codis.cwa.gov.tw/ ; https://hdps.cwa.gov.tw/static/state.html,C0E940-2025.csv,氣溫,,℃,,℃,直接採用該測站 CODiS 2025 年月報表欄位「氣溫」作為系統測站層級資料；目前未進行鄉鎮推估。,缺值
water,C0E940,雪見,署屬自動站,苗栗縣,泰安鄉,1881,121.01347,24.42595,盡尾段15-1地號,2025-01,relative_humidity,中央氣象署 CODiS / 現存測站清單,https://codis.cwa.gov.tw/ ; https://hdps.cwa.gov.tw/static/state.html,C0E940-2025.csv,相對溼度,,%,,%,直接採用該測站 CODiS 2025 年月報表欄位「相對溼度」作為系統測站層級資料；目前未進行鄉鎮推估。,缺值
water,C0E940,雪見,署屬自動站,苗栗縣,泰安鄉,1881,121.01347,24.42595,盡尾段15-1地號,2025-02,rainfall,中央氣象署 CODiS / 現存測站清單,https://codis.cwa.gov.tw/ ; https://hdps.cwa.gov.tw/static/state.html,C0E940-2025.csv,降水量,,mm,,mm,直接採用該測站 CODiS 2025 年月報表欄位「降水量」作為系統測站層級資料；目前未進行鄉鎮推估。,缺值
water,C0E940,雪見,署屬自動站,苗栗縣,泰安鄉,1881,121.01347,24.42595,盡尾段15-1地號,2025-02,rainfall_days,中央氣象署 CODiS / 現存測站清單,https://codis.cwa.gov.tw/ ; https://hdps.cwa.gov.tw/static/state.html,C0E940-2025.csv,降水日數,,day,,day,直接採用該測站 CODiS 2025 年月報表欄位「降水日數」作為系統測站層級資料；目前未進行鄉鎮推估。,缺值
water,C0E940,雪見,署屬自動站,苗栗縣,泰安鄉,1881,121.01347,24.42595,盡尾段15-1地號,2025-02,max_daily_rainfall,中央氣象署 CODiS / 現存測站清單,https://codis.cwa.gov.tw/ ; https://hdps.cwa.gov.tw/static/state.html,C0E940-2025.csv,最大日降水量,,mm,,mm,直接採用該測站 CODiS 2025 年月報表欄位「最大日降水量」作為系統測站層級資料；目前未進行鄉鎮推估。,缺值
water,C0E940,雪見,署屬自動站,苗栗縣,泰安鄉,1881,121.01347,24.42595,盡尾段15-1地號,2025-02,average_temperature,中央氣象署 CODiS / 現存測站清單,https://codis.cwa.gov.tw/ ; https://hdps.cwa.gov.tw/static/state.html,C0E940-2025.csv,氣溫,,℃,,℃,直接採用該測站 CODiS 2025 年月報表欄位「氣溫」作為系統測站層級資料；目前未進行鄉鎮推估。,缺值
water,C0E940,雪見,署屬自動站,苗栗縣,泰安鄉,1881,121.01347,24.42595,盡尾段15-1地號,2025-02,relative_humidity,中央氣象署 CODiS / 現存測站清單,https://codis.cwa.gov.tw/ ; https://hdps.cwa.gov.tw/static/state.html,C0E940-2025.csv,相對溼度,,%,,%,直接採用該測站 CODiS 2025 年月報表欄位「相對溼度」作為系統測站層級資料；目前未進行鄉鎮推估。,缺值
water,C0E940,雪見,署屬自動站,苗栗縣,泰安鄉,1881,121.01347,24.42595,盡尾段15-1地號,2025-03,rainfall,中央氣象署 CODiS / 現存測站清單,https://codis.cwa.gov.tw/ ; https://hdps.cwa.gov.tw/static/state.html,C0E940-2025.csv,降水量,,mm,,mm,直接採用該測站 CODiS 2025 年月報表欄位「降水量」作為系統測站層級資料；目前未進行鄉鎮推估。,缺值
water,C0E940,雪見,署屬自動站,苗栗縣,泰安鄉,1881,121.01347,24.42595,盡尾段15-1地號,2025-03,rainfall_days,中央氣象署 CODiS / 現存測站清單,https://codis.cwa.gov.tw/ ; https://hdps.cwa.gov.tw/static/state.html,C0E940-2025.csv,降水日數,,day,,day,直接採用該測站 CODiS 2025 年月報表欄位「降水日數」作為系統測站層級資料；目前未進行鄉鎮推估。,缺值
water,C0E940,雪見,署屬自動站,苗栗縣,泰安鄉,1881,121.01347,24.42595,盡尾段15-1地號,2025-03,max_daily_rainfall,中央氣象署 CODiS / 現存測站清單,https://codis.cwa.gov.tw/ ; https://hdps.cwa.gov.tw/static/state.html,C0E940-2025.csv,最大日降水量,,mm,,mm,直接採用該測站 CODiS 2025 年月報表欄位「最大日降水量」作為系統測站層級資料；目前未進行鄉鎮推估。,缺值
water,C0E940,雪見,署屬自動站,苗栗縣,泰安鄉,1881,121.01347,24.42595,盡尾段15-1地號,2025-03,average_temperature,中央氣象署 CODiS / 現存測站清單,https://codis.cwa.gov.tw/ ; https://hdps.cwa.gov.tw/static/state.html,C0E940-2025.csv,氣溫,,℃,,℃,直接採用該測站 CODiS 2025 年月報表欄位「氣溫」作為系統測站層級資料；目前未進行鄉鎮推估。,缺值
water,C0E940,雪見,署屬自動站,苗栗縣,泰安鄉,1881,121.01347,24.42595,盡尾段15-1地號,2025-03,relative_humidity,中央氣象署 CODiS / 現存測站清單,https://codis.cwa.gov.tw/ ; https://hdps.cwa.gov.tw/static/state.html,C0E940-2025.csv,相對溼度,,%,,%,直接採用該測站 CODiS 2025 年月報表欄位「相對溼度」作為系統測站層級資料；目前未進行鄉鎮推估。,缺值
water,C0E940,雪見,署屬自動站,苗栗縣,泰安鄉,1881,121.01347,24.42595,盡尾段15-1地號,2025-04,rainfall,中央氣象署 CODiS / 現存測站清單,https://codis.cwa.gov.tw/ ; https://hdps.cwa.gov.tw/static/state.html,C0E940-2025.csv,降水量,105,mm,105,mm,直接採用該測站 CODiS 2025 年月報表欄位「降水量」作為系統測站層級資料；目前未進行鄉鎮推估。,完整
water,C0E940,雪見,署屬自動站,苗栗縣,泰安鄉,1881,121.01347,24.42595,盡尾段15-1地號,2025-04,rainfall_days,中央氣象署 CODiS / 現存測站清單,https://codis.cwa.gov.tw/ ; https://hdps.cwa.gov.tw/static/state.html,C0E940-2025.csv,降水日數,4,day,4,day,直接採用該測站 CODiS 2025 年月報表欄位「降水日數」作為系統測站層級資料；目前未進行鄉鎮推估。,完整
water,C0E940,雪見,署屬自動站,苗栗縣,泰安鄉,1881,121.01347,24.42595,盡尾段15-1地號,2025-04,max_daily_rainfall,中央氣象署 CODiS / 現存測站清單,https://codis.cwa.gov.tw/ ; https://hdps.cwa.gov.tw/static/state.html,C0E940-2025.csv,最大日降水量,69,mm,69,mm,直接採用該測站 CODiS 2025 年月報表欄位「最大日降水量」作為系統測站層級資料；目前未進行鄉鎮推估。,完整
water,C0E940,雪見,署屬自動站,苗栗縣,泰安鄉,1881,121.01347,24.42595,盡尾段15-1地號,2025-04,average_temperature,中央氣象署 CODiS / 現存測站清單,https://codis.cwa.gov.tw/ ; https://hdps.cwa.gov.tw/static/state.html,C0E940-2025.csv,氣溫,14.1,℃,14.1,℃,直接採用該測站 CODiS 2025 年月報表欄位「氣溫」作為系統測站層級資料；目前未進行鄉鎮推估。,完整
water,C0E940,雪見,署屬自動站,苗栗縣,泰安鄉,1881,121.01347,24.42595,盡尾段15-1地號,2025-04,relative_humidity,中央氣象署 CODiS / 現存測站清單,https://codis.cwa.gov.tw/ ; https://hdps.cwa.gov.tw/static/state.html,C0E940-2025.csv,相對溼度,93,%,93,%,直接採用該測站 CODiS 2025 年月報表欄位「相對溼度」作為系統測站層級資料；目前未進行鄉鎮推估。,完整
water,C0E940,雪見,署屬自動站,苗栗縣,泰安鄉,1881,121.01347,24.42595,盡尾段15-1地號,2025-05,rainfall,中央氣象署 CODiS / 現存測站清單,https://codis.cwa.gov.tw/ ; https://hdps.cwa.gov.tw/static/state.html,C0E940-2025.csv,降水量,281,mm,281,mm,直接採用該測站 CODiS 2025 年月報表欄位「降水量」作為系統測站層級資料；目前未進行鄉鎮推估。,完整
water,C0E940,雪見,署屬自動站,苗栗縣,泰安鄉,1881,121.01347,24.42595,盡尾段15-1地號,2025-05,rainfall_days,中央氣象署 CODiS / 現存測站清單,https://codis.cwa.gov.tw/ ; https://hdps.cwa.gov.tw/static/state.html,C0E940-2025.csv,降水日數,8,day,8,day,直接採用該測站 CODiS 2025 年月報表欄位「降水日數」作為系統測站層級資料；目前未進行鄉鎮推估。,完整
water,C0E940,雪見,署屬自動站,苗栗縣,泰安鄉,1881,121.01347,24.42595,盡尾段15-1地號,2025-05,max_daily_rainfall,中央氣象署 CODiS / 現存測站清單,https://codis.cwa.gov.tw/ ; https://hdps.cwa.gov.tw/static/state.html,C0E940-2025.csv,最大日降水量,145,mm,145,mm,直接採用該測站 CODiS 2025 年月報表欄位「最大日降水量」作為系統測站層級資料；目前未進行鄉鎮推估。,完整
water,C0E940,雪見,署屬自動站,苗栗縣,泰安鄉,1881,121.01347,24.42595,盡尾段15-1地號,2025-05,average_temperature,中央氣象署 CODiS / 現存測站清單,https://codis.cwa.gov.tw/ ; https://hdps.cwa.gov.tw/static/state.html,C0E940-2025.csv,氣溫,16.2,℃,16.2,℃,直接採用該測站 CODiS 2025 年月報表欄位「氣溫」作為系統測站層級資料；目前未進行鄉鎮推估。,完整
water,C0E940,雪見,署屬自動站,苗栗縣,泰安鄉,1881,121.01347,24.42595,盡尾段15-1地號,2025-05,relative_humidity,中央氣象署 CODiS / 現存測站清單,https://codis.cwa.gov.tw/ ; https://hdps.cwa.gov.tw/static/state.html,C0E940-2025.csv,相對溼度,91,%,91,%,直接採用該測站 CODiS 2025 年月報表欄位「相對溼度」作為系統測站層級資料；目前未進行鄉鎮推估。,完整
water,C0E940,雪見,署屬自動站,苗栗縣,泰安鄉,1881,121.01347,24.42595,盡尾段15-1地號,2025-06,rainfall,中央氣象署 CODiS / 現存測站清單,https://codis.cwa.gov.tw/ ; https://hdps.cwa.gov.tw/static/state.html,C0E940-2025.csv,降水量,200,mm,200,mm,直接採用該測站 CODiS 2025 年月報表欄位「降水量」作為系統測站層級資料；目前未進行鄉鎮推估。,完整
water,C0E940,雪見,署屬自動站,苗栗縣,泰安鄉,1881,121.01347,24.42595,盡尾段15-1地號,2025-06,rainfall_days,中央氣象署 CODiS / 現存測站清單,https://codis.cwa.gov.tw/ ; https://hdps.cwa.gov.tw/static/state.html,C0E940-2025.csv,降水日數,12,day,12,day,直接採用該測站 CODiS 2025 年月報表欄位「降水日數」作為系統測站層級資料；目前未進行鄉鎮推估。,完整
water,C0E940,雪見,署屬自動站,苗栗縣,泰安鄉,1881,121.01347,24.42595,盡尾段15-1地號,2025-06,max_daily_rainfall,中央氣象署 CODiS / 現存測站清單,https://codis.cwa.gov.tw/ ; https://hdps.cwa.gov.tw/static/state.html,C0E940-2025.csv,最大日降水量,59,mm,59,mm,直接採用該測站 CODiS 2025 年月報表欄位「最大日降水量」作為系統測站層級資料；目前未進行鄉鎮推估。,完整
water,C0E940,雪見,署屬自動站,苗栗縣,泰安鄉,1881,121.01347,24.42595,盡尾段15-1地號,2025-06,average_temperature,中央氣象署 CODiS / 現存測站清單,https://codis.cwa.gov.tw/ ; https://hdps.cwa.gov.tw/static/state.html,C0E940-2025.csv,氣溫,17.7,℃,17.7,℃,直接採用該測站 CODiS 2025 年月報表欄位「氣溫」作為系統測站層級資料；目前未進行鄉鎮推估。,完整
water,C0E940,雪見,署屬自動站,苗栗縣,泰安鄉,1881,121.01347,24.42595,盡尾段15-1地號,2025-06,relative_humidity,中央氣象署 CODiS / 現存測站清單,https://codis.cwa.gov.tw/ ; https://hdps.cwa.gov.tw/static/state.html,C0E940-2025.csv,相對溼度,90,%,90,%,直接採用該測站 CODiS 2025 年月報表欄位「相對溼度」作為系統測站層級資料；目前未進行鄉鎮推估。,完整
water,C0E940,雪見,署屬自動站,苗栗縣,泰安鄉,1881,121.01347,24.42595,盡尾段15-1地號,2025-07,rainfall,中央氣象署 CODiS / 現存測站清單,https://codis.cwa.gov.tw/ ; https://hdps.cwa.gov.tw/static/state.html,C0E940-2025.csv,降水量,527.5,mm,527.5,mm,直接採用該測站 CODiS 2025 年月報表欄位「降水量」作為系統測站層級資料；目前未進行鄉鎮推估。,完整
water,C0E940,雪見,署屬自動站,苗栗縣,泰安鄉,1881,121.01347,24.42595,盡尾段15-1地號,2025-07,rainfall_days,中央氣象署 CODiS / 現存測站清單,https://codis.cwa.gov.tw/ ; https://hdps.cwa.gov.tw/static/state.html,C0E940-2025.csv,降水日數,21,day,21,day,直接採用該測站 CODiS 2025 年月報表欄位「降水日數」作為系統測站層級資料；目前未進行鄉鎮推估。,完整
water,C0E940,雪見,署屬自動站,苗栗縣,泰安鄉,1881,121.01347,24.42595,盡尾段15-1地號,2025-07,max_daily_rainfall,中央氣象署 CODiS / 現存測站清單,https://codis.cwa.gov.tw/ ; https://hdps.cwa.gov.tw/static/state.html,C0E940-2025.csv,最大日降水量,138.5,mm,138.5,mm,直接採用該測站 CODiS 2025 年月報表欄位「最大日降水量」作為系統測站層級資料；目前未進行鄉鎮推估。,完整
water,C0E940,雪見,署屬自動站,苗栗縣,泰安鄉,1881,121.01347,24.42595,盡尾段15-1地號,2025-07,average_temperature,中央氣象署 CODiS / 現存測站清單,https://codis.cwa.gov.tw/ ; https://hdps.cwa.gov.tw/static/state.html,C0E940-2025.csv,氣溫,17.8,℃,17.8,℃,直接採用該測站 CODiS 2025 年月報表欄位「氣溫」作為系統測站層級資料；目前未進行鄉鎮推估。,完整
water,C0E940,雪見,署屬自動站,苗栗縣,泰安鄉,1881,121.01347,24.42595,盡尾段15-1地號,2025-07,relative_humidity,中央氣象署 CODiS / 現存測站清單,https://codis.cwa.gov.tw/ ; https://hdps.cwa.gov.tw/static/state.html,C0E940-2025.csv,相對溼度,92,%,92,%,直接採用該測站 CODiS 2025 年月報表欄位「相對溼度」作為系統測站層級資料；目前未進行鄉鎮推估。,完整
water,C0E940,雪見,署屬自動站,苗栗縣,泰安鄉,1881,121.01347,24.42595,盡尾段15-1地號,2025-08,rainfall,中央氣象署 CODiS / 現存測站清單,https://codis.cwa.gov.tw/ ; https://hdps.cwa.gov.tw/static/state.html,C0E940-2025.csv,降水量,129,mm,129,mm,直接採用該測站 CODiS 2025 年月報表欄位「降水量」作為系統測站層級資料；目前未進行鄉鎮推估。,完整
water,C0E940,雪見,署屬自動站,苗栗縣,泰安鄉,1881,121.01347,24.42595,盡尾段15-1地號,2025-08,rainfall_days,中央氣象署 CODiS / 現存測站清單,https://codis.cwa.gov.tw/ ; https://hdps.cwa.gov.tw/static/state.html,C0E940-2025.csv,降水日數,13,day,13,day,直接採用該測站 CODiS 2025 年月報表欄位「降水日數」作為系統測站層級資料；目前未進行鄉鎮推估。,完整
water,C0E940,雪見,署屬自動站,苗栗縣,泰安鄉,1881,121.01347,24.42595,盡尾段15-1地號,2025-08,max_daily_rainfall,中央氣象署 CODiS / 現存測站清單,https://codis.cwa.gov.tw/ ; https://hdps.cwa.gov.tw/static/state.html,C0E940-2025.csv,最大日降水量,60,mm,60,mm,直接採用該測站 CODiS 2025 年月報表欄位「最大日降水量」作為系統測站層級資料；目前未進行鄉鎮推估。,完整
water,C0E940,雪見,署屬自動站,苗栗縣,泰安鄉,1881,121.01347,24.42595,盡尾段15-1地號,2025-08,average_temperature,中央氣象署 CODiS / 現存測站清單,https://codis.cwa.gov.tw/ ; https://hdps.cwa.gov.tw/static/state.html,C0E940-2025.csv,氣溫,17.8,℃,17.8,℃,直接採用該測站 CODiS 2025 年月報表欄位「氣溫」作為系統測站層級資料；目前未進行鄉鎮推估。,完整
water,C0E940,雪見,署屬自動站,苗栗縣,泰安鄉,1881,121.01347,24.42595,盡尾段15-1地號,2025-08,relative_humidity,中央氣象署 CODiS / 現存測站清單,https://codis.cwa.gov.tw/ ; https://hdps.cwa.gov.tw/static/state.html,C0E940-2025.csv,相對溼度,88,%,88,%,直接採用該測站 CODiS 2025 年月報表欄位「相對溼度」作為系統測站層級資料；目前未進行鄉鎮推估。,完整
water,C0E940,雪見,署屬自動站,苗栗縣,泰安鄉,1881,121.01347,24.42595,盡尾段15-1地號,2025-09,rainfall,中央氣象署 CODiS / 現存測站清單,https://codis.cwa.gov.tw/ ; https://hdps.cwa.gov.tw/static/state.html,C0E940-2025.csv,降水量,120,mm,120,mm,直接採用該測站 CODiS 2025 年月報表欄位「降水量」作為系統測站層級資料；目前未進行鄉鎮推估。,完整
water,C0E940,雪見,署屬自動站,苗栗縣,泰安鄉,1881,121.01347,24.42595,盡尾段15-1地號,2025-09,rainfall_days,中央氣象署 CODiS / 現存測站清單,https://codis.cwa.gov.tw/ ; https://hdps.cwa.gov.tw/static/state.html,C0E940-2025.csv,降水日數,16,day,16,day,直接採用該測站 CODiS 2025 年月報表欄位「降水日數」作為系統測站層級資料；目前未進行鄉鎮推估。,完整
water,C0E940,雪見,署屬自動站,苗栗縣,泰安鄉,1881,121.01347,24.42595,盡尾段15-1地號,2025-09,max_daily_rainfall,中央氣象署 CODiS / 現存測站清單,https://codis.cwa.gov.tw/ ; https://hdps.cwa.gov.tw/static/state.html,C0E940-2025.csv,最大日降水量,69,mm,69,mm,直接採用該測站 CODiS 2025 年月報表欄位「最大日降水量」作為系統測站層級資料；目前未進行鄉鎮推估。,完整
water,C0E940,雪見,署屬自動站,苗栗縣,泰安鄉,1881,121.01347,24.42595,盡尾段15-1地號,2025-09,average_temperature,中央氣象署 CODiS / 現存測站清單,https://codis.cwa.gov.tw/ ; https://hdps.cwa.gov.tw/static/state.html,C0E940-2025.csv,氣溫,17.9,℃,17.9,℃,直接採用該測站 CODiS 2025 年月報表欄位「氣溫」作為系統測站層級資料；目前未進行鄉鎮推估。,完整
water,C0E940,雪見,署屬自動站,苗栗縣,泰安鄉,1881,121.01347,24.42595,盡尾段15-1地號,2025-09,relative_humidity,中央氣象署 CODiS / 現存測站清單,https://codis.cwa.gov.tw/ ; https://hdps.cwa.gov.tw/static/state.html,C0E940-2025.csv,相對溼度,87,%,87,%,直接採用該測站 CODiS 2025 年月報表欄位「相對溼度」作為系統測站層級資料；目前未進行鄉鎮推估。,完整
water,C0E940,雪見,署屬自動站,苗栗縣,泰安鄉,1881,121.01347,24.42595,盡尾段15-1地號,2025-10,rainfall,中央氣象署 CODiS / 現存測站清單,https://codis.cwa.gov.tw/ ; https://hdps.cwa.gov.tw/static/state.html,C0E940-2025.csv,降水量,46,mm,46,mm,直接採用該測站 CODiS 2025 年月報表欄位「降水量」作為系統測站層級資料；目前未進行鄉鎮推估。,完整
water,C0E940,雪見,署屬自動站,苗栗縣,泰安鄉,1881,121.01347,24.42595,盡尾段15-1地號,2025-10,rainfall_days,中央氣象署 CODiS / 現存測站清單,https://codis.cwa.gov.tw/ ; https://hdps.cwa.gov.tw/static/state.html,C0E940-2025.csv,降水日數,5,day,5,day,直接採用該測站 CODiS 2025 年月報表欄位「降水日數」作為系統測站層級資料；目前未進行鄉鎮推估。,完整
water,C0E940,雪見,署屬自動站,苗栗縣,泰安鄉,1881,121.01347,24.42595,盡尾段15-1地號,2025-10,max_daily_rainfall,中央氣象署 CODiS / 現存測站清單,https://codis.cwa.gov.tw/ ; https://hdps.cwa.gov.tw/static/state.html,C0E940-2025.csv,最大日降水量,21.5,mm,21.5,mm,直接採用該測站 CODiS 2025 年月報表欄位「最大日降水量」作為系統測站層級資料；目前未進行鄉鎮推估。,完整
water,C0E940,雪見,署屬自動站,苗栗縣,泰安鄉,1881,121.01347,24.42595,盡尾段15-1地號,2025-10,average_temperature,中央氣象署 CODiS / 現存測站清單,https://codis.cwa.gov.tw/ ; https://hdps.cwa.gov.tw/static/state.html,C0E940-2025.csv,氣溫,17.4,℃,17.4,℃,直接採用該測站 CODiS 2025 年月報表欄位「氣溫」作為系統測站層級資料；目前未進行鄉鎮推估。,完整
water,C0E940,雪見,署屬自動站,苗栗縣,泰安鄉,1881,121.01347,24.42595,盡尾段15-1地號,2025-10,relative_humidity,中央氣象署 CODiS / 現存測站清單,https://codis.cwa.gov.tw/ ; https://hdps.cwa.gov.tw/static/state.html,C0E940-2025.csv,相對溼度,86,%,86,%,直接採用該測站 CODiS 2025 年月報表欄位「相對溼度」作為系統測站層級資料；目前未進行鄉鎮推估。,完整
water,C0E940,雪見,署屬自動站,苗栗縣,泰安鄉,1881,121.01347,24.42595,盡尾段15-1地號,2025-11,rainfall,中央氣象署 CODiS / 現存測站清單,https://codis.cwa.gov.tw/ ; https://hdps.cwa.gov.tw/static/state.html,C0E940-2025.csv,降水量,45,mm,45,mm,直接採用該測站 CODiS 2025 年月報表欄位「降水量」作為系統測站層級資料；目前未進行鄉鎮推估。,完整
water,C0E940,雪見,署屬自動站,苗栗縣,泰安鄉,1881,121.01347,24.42595,盡尾段15-1地號,2025-11,rainfall_days,中央氣象署 CODiS / 現存測站清單,https://codis.cwa.gov.tw/ ; https://hdps.cwa.gov.tw/static/state.html,C0E940-2025.csv,降水日數,9,day,9,day,直接採用該測站 CODiS 2025 年月報表欄位「降水日數」作為系統測站層級資料；目前未進行鄉鎮推估。,完整
water,C0E940,雪見,署屬自動站,苗栗縣,泰安鄉,1881,121.01347,24.42595,盡尾段15-1地號,2025-11,max_daily_rainfall,中央氣象署 CODiS / 現存測站清單,https://codis.cwa.gov.tw/ ; https://hdps.cwa.gov.tw/static/state.html,C0E940-2025.csv,最大日降水量,21.5,mm,21.5,mm,直接採用該測站 CODiS 2025 年月報表欄位「最大日降水量」作為系統測站層級資料；目前未進行鄉鎮推估。,完整
water,C0E940,雪見,署屬自動站,苗栗縣,泰安鄉,1881,121.01347,24.42595,盡尾段15-1地號,2025-11,average_temperature,中央氣象署 CODiS / 現存測站清單,https://codis.cwa.gov.tw/ ; https://hdps.cwa.gov.tw/static/state.html,C0E940-2025.csv,氣溫,15,℃,15,℃,直接採用該測站 CODiS 2025 年月報表欄位「氣溫」作為系統測站層級資料；目前未進行鄉鎮推估。,完整
water,C0E940,雪見,署屬自動站,苗栗縣,泰安鄉,1881,121.01347,24.42595,盡尾段15-1地號,2025-11,relative_humidity,中央氣象署 CODiS / 現存測站清單,https://codis.cwa.gov.tw/ ; https://hdps.cwa.gov.tw/static/state.html,C0E940-2025.csv,相對溼度,75,%,75,%,直接採用該測站 CODiS 2025 年月報表欄位「相對溼度」作為系統測站層級資料；目前未進行鄉鎮推估。,完整
water,C0E940,雪見,署屬自動站,苗栗縣,泰安鄉,1881,121.01347,24.42595,盡尾段15-1地號,2025-12,rainfall,中央氣象署 CODiS / 現存測站清單,https://codis.cwa.gov.tw/ ; https://hdps.cwa.gov.tw/static/state.html,C0E940-2025.csv,降水量,55.5,mm,55.5,mm,直接採用該測站 CODiS 2025 年月報表欄位「降水量」作為系統測站層級資料；目前未進行鄉鎮推估。,完整
water,C0E940,雪見,署屬自動站,苗栗縣,泰安鄉,1881,121.01347,24.42595,盡尾段15-1地號,2025-12,rainfall_days,中央氣象署 CODiS / 現存測站清單,https://codis.cwa.gov.tw/ ; https://hdps.cwa.gov.tw/static/state.html,C0E940-2025.csv,降水日數,15,day,15,day,直接採用該測站 CODiS 2025 年月報表欄位「降水日數」作為系統測站層級資料；目前未進行鄉鎮推估。,完整
water,C0E940,雪見,署屬自動站,苗栗縣,泰安鄉,1881,121.01347,24.42595,盡尾段15-1地號,2025-12,max_daily_rainfall,中央氣象署 CODiS / 現存測站清單,https://codis.cwa.gov.tw/ ; https://hdps.cwa.gov.tw/static/state.html,C0E940-2025.csv,最大日降水量,18.5,mm,18.5,mm,直接採用該測站 CODiS 2025 年月報表欄位「最大日降水量」作為系統測站層級資料；目前未進行鄉鎮推估。,完整
water,C0E940,雪見,署屬自動站,苗栗縣,泰安鄉,1881,121.01347,24.42595,盡尾段15-1地號,2025-12,average_temperature,中央氣象署 CODiS / 現存測站清單,https://codis.cwa.gov.tw/ ; https://hdps.cwa.gov.tw/static/state.html,C0E940-2025.csv,氣溫,10.8,℃,10.8,℃,直接採用該測站 CODiS 2025 年月報表欄位「氣溫」作為系統測站層級資料；目前未進行鄉鎮推估。,完整
water,C0E940,雪見,署屬自動站,苗栗縣,泰安鄉,1881,121.01347,24.42595,盡尾段15-1地號,2025-12,relative_humidity,中央氣象署 CODiS / 現存測站清單,https://codis.cwa.gov.tw/ ; https://hdps.cwa.gov.tw/static/state.html,C0E940-2025.csv,相對溼度,75,%,75,%,直接採用該測站 CODiS 2025 年月報表欄位「相對溼度」作為系統測站層級資料；目前未進行鄉鎮推估。,完整
water,C0E950,松安,署屬自動站,苗栗縣,泰安鄉,1328,120.98599,24.39792,荻岡段39地號,2025-01,rainfall,中央氣象署 CODiS / 現存測站清單,https://codis.cwa.gov.tw/ ; https://hdps.cwa.gov.tw/static/state.html,C0E950-2025.csv,降水量,,mm,,mm,直接採用該測站 CODiS 2025 年月報表欄位「降水量」作為系統測站層級資料；目前未進行鄉鎮推估。,缺值
water,C0E950,松安,署屬自動站,苗栗縣,泰安鄉,1328,120.98599,24.39792,荻岡段39地號,2025-01,rainfall_days,中央氣象署 CODiS / 現存測站清單,https://codis.cwa.gov.tw/ ; https://hdps.cwa.gov.tw/static/state.html,C0E950-2025.csv,降水日數,,day,,day,直接採用該測站 CODiS 2025 年月報表欄位「降水日數」作為系統測站層級資料；目前未進行鄉鎮推估。,缺值
water,C0E950,松安,署屬自動站,苗栗縣,泰安鄉,1328,120.98599,24.39792,荻岡段39地號,2025-01,max_daily_rainfall,中央氣象署 CODiS / 現存測站清單,https://codis.cwa.gov.tw/ ; https://hdps.cwa.gov.tw/static/state.html,C0E950-2025.csv,最大日降水量,,mm,,mm,直接採用該測站 CODiS 2025 年月報表欄位「最大日降水量」作為系統測站層級資料；目前未進行鄉鎮推估。,缺值
water,C0E950,松安,署屬自動站,苗栗縣,泰安鄉,1328,120.98599,24.39792,荻岡段39地號,2025-01,average_temperature,中央氣象署 CODiS / 現存測站清單,https://codis.cwa.gov.tw/ ; https://hdps.cwa.gov.tw/static/state.html,C0E950-2025.csv,氣溫,,℃,,℃,直接採用該測站 CODiS 2025 年月報表欄位「氣溫」作為系統測站層級資料；目前未進行鄉鎮推估。,缺值
water,C0E950,松安,署屬自動站,苗栗縣,泰安鄉,1328,120.98599,24.39792,荻岡段39地號,2025-01,relative_humidity,中央氣象署 CODiS / 現存測站清單,https://codis.cwa.gov.tw/ ; https://hdps.cwa.gov.tw/static/state.html,C0E950-2025.csv,相對溼度,,%,,%,直接採用該測站 CODiS 2025 年月報表欄位「相對溼度」作為系統測站層級資料；目前未進行鄉鎮推估。,缺值
water,C0E950,松安,署屬自動站,苗栗縣,泰安鄉,1328,120.98599,24.39792,荻岡段39地號,2025-02,rainfall,中央氣象署 CODiS / 現存測站清單,https://codis.cwa.gov.tw/ ; https://hdps.cwa.gov.tw/static/state.html,C0E950-2025.csv,降水量,,mm,,mm,直接採用該測站 CODiS 2025 年月報表欄位「降水量」作為系統測站層級資料；目前未進行鄉鎮推估。,缺值
water,C0E950,松安,署屬自動站,苗栗縣,泰安鄉,1328,120.98599,24.39792,荻岡段39地號,2025-02,rainfall_days,中央氣象署 CODiS / 現存測站清單,https://codis.cwa.gov.tw/ ; https://hdps.cwa.gov.tw/static/state.html,C0E950-2025.csv,降水日數,,day,,day,直接採用該測站 CODiS 2025 年月報表欄位「降水日數」作為系統測站層級資料；目前未進行鄉鎮推估。,缺值
water,C0E950,松安,署屬自動站,苗栗縣,泰安鄉,1328,120.98599,24.39792,荻岡段39地號,2025-02,max_daily_rainfall,中央氣象署 CODiS / 現存測站清單,https://codis.cwa.gov.tw/ ; https://hdps.cwa.gov.tw/static/state.html,C0E950-2025.csv,最大日降水量,,mm,,mm,直接採用該測站 CODiS 2025 年月報表欄位「最大日降水量」作為系統測站層級資料；目前未進行鄉鎮推估。,缺值
water,C0E950,松安,署屬自動站,苗栗縣,泰安鄉,1328,120.98599,24.39792,荻岡段39地號,2025-02,average_temperature,中央氣象署 CODiS / 現存測站清單,https://codis.cwa.gov.tw/ ; https://hdps.cwa.gov.tw/static/state.html,C0E950-2025.csv,氣溫,,℃,,℃,直接採用該測站 CODiS 2025 年月報表欄位「氣溫」作為系統測站層級資料；目前未進行鄉鎮推估。,缺值
water,C0E950,松安,署屬自動站,苗栗縣,泰安鄉,1328,120.98599,24.39792,荻岡段39地號,2025-02,relative_humidity,中央氣象署 CODiS / 現存測站清單,https://codis.cwa.gov.tw/ ; https://hdps.cwa.gov.tw/static/state.html,C0E950-2025.csv,相對溼度,,%,,%,直接採用該測站 CODiS 2025 年月報表欄位「相對溼度」作為系統測站層級資料；目前未進行鄉鎮推估。,缺值
water,C0E950,松安,署屬自動站,苗栗縣,泰安鄉,1328,120.98599,24.39792,荻岡段39地號,2025-03,rainfall,中央氣象署 CODiS / 現存測站清單,https://codis.cwa.gov.tw/ ; https://hdps.cwa.gov.tw/static/state.html,C0E950-2025.csv,降水量,,mm,,mm,直接採用該測站 CODiS 2025 年月報表欄位「降水量」作為系統測站層級資料；目前未進行鄉鎮推估。,缺值
water,C0E950,松安,署屬自動站,苗栗縣,泰安鄉,1328,120.98599,24.39792,荻岡段39地號,2025-03,rainfall_days,中央氣象署 CODiS / 現存測站清單,https://codis.cwa.gov.tw/ ; https://hdps.cwa.gov.tw/static/state.html,C0E950-2025.csv,降水日數,,day,,day,直接採用該測站 CODiS 2025 年月報表欄位「降水日數」作為系統測站層級資料；目前未進行鄉鎮推估。,缺值
water,C0E950,松安,署屬自動站,苗栗縣,泰安鄉,1328,120.98599,24.39792,荻岡段39地號,2025-03,max_daily_rainfall,中央氣象署 CODiS / 現存測站清單,https://codis.cwa.gov.tw/ ; https://hdps.cwa.gov.tw/static/state.html,C0E950-2025.csv,最大日降水量,,mm,,mm,直接採用該測站 CODiS 2025 年月報表欄位「最大日降水量」作為系統測站層級資料；目前未進行鄉鎮推估。,缺值
water,C0E950,松安,署屬自動站,苗栗縣,泰安鄉,1328,120.98599,24.39792,荻岡段39地號,2025-03,average_temperature,中央氣象署 CODiS / 現存測站清單,https://codis.cwa.gov.tw/ ; https://hdps.cwa.gov.tw/static/state.html,C0E950-2025.csv,氣溫,,℃,,℃,直接採用該測站 CODiS 2025 年月報表欄位「氣溫」作為系統測站層級資料；目前未進行鄉鎮推估。,缺值
water,C0E950,松安,署屬自動站,苗栗縣,泰安鄉,1328,120.98599,24.39792,荻岡段39地號,2025-03,relative_humidity,中央氣象署 CODiS / 現存測站清單,https://codis.cwa.gov.tw/ ; https://hdps.cwa.gov.tw/static/state.html,C0E950-2025.csv,相對溼度,,%,,%,直接採用該測站 CODiS 2025 年月報表欄位「相對溼度」作為系統測站層級資料；目前未進行鄉鎮推估。,缺值
water,C0E950,松安,署屬自動站,苗栗縣,泰安鄉,1328,120.98599,24.39792,荻岡段39地號,2025-04,rainfall,中央氣象署 CODiS / 現存測站清單,https://codis.cwa.gov.tw/ ; https://hdps.cwa.gov.tw/static/state.html,C0E950-2025.csv,降水量,35.5,mm,35.5,mm,直接採用該測站 CODiS 2025 年月報表欄位「降水量」作為系統測站層級資料；目前未進行鄉鎮推估。,完整
water,C0E950,松安,署屬自動站,苗栗縣,泰安鄉,1328,120.98599,24.39792,荻岡段39地號,2025-04,rainfall_days,中央氣象署 CODiS / 現存測站清單,https://codis.cwa.gov.tw/ ; https://hdps.cwa.gov.tw/static/state.html,C0E950-2025.csv,降水日數,3,day,3,day,直接採用該測站 CODiS 2025 年月報表欄位「降水日數」作為系統測站層級資料；目前未進行鄉鎮推估。,完整
water,C0E950,松安,署屬自動站,苗栗縣,泰安鄉,1328,120.98599,24.39792,荻岡段39地號,2025-04,max_daily_rainfall,中央氣象署 CODiS / 現存測站清單,https://codis.cwa.gov.tw/ ; https://hdps.cwa.gov.tw/static/state.html,C0E950-2025.csv,最大日降水量,29.5,mm,29.5,mm,直接採用該測站 CODiS 2025 年月報表欄位「最大日降水量」作為系統測站層級資料；目前未進行鄉鎮推估。,完整
water,C0E950,松安,署屬自動站,苗栗縣,泰安鄉,1328,120.98599,24.39792,荻岡段39地號,2025-04,average_temperature,中央氣象署 CODiS / 現存測站清單,https://codis.cwa.gov.tw/ ; https://hdps.cwa.gov.tw/static/state.html,C0E950-2025.csv,氣溫,17.9,℃,17.9,℃,直接採用該測站 CODiS 2025 年月報表欄位「氣溫」作為系統測站層級資料；目前未進行鄉鎮推估。,完整
water,C0E950,松安,署屬自動站,苗栗縣,泰安鄉,1328,120.98599,24.39792,荻岡段39地號,2025-04,relative_humidity,中央氣象署 CODiS / 現存測站清單,https://codis.cwa.gov.tw/ ; https://hdps.cwa.gov.tw/static/state.html,C0E950-2025.csv,相對溼度,88,%,88,%,直接採用該測站 CODiS 2025 年月報表欄位「相對溼度」作為系統測站層級資料；目前未進行鄉鎮推估。,完整
water,C0E950,松安,署屬自動站,苗栗縣,泰安鄉,1328,120.98599,24.39792,荻岡段39地號,2025-05,rainfall,中央氣象署 CODiS / 現存測站清單,https://codis.cwa.gov.tw/ ; https://hdps.cwa.gov.tw/static/state.html,C0E950-2025.csv,降水量,460.5,mm,460.5,mm,直接採用該測站 CODiS 2025 年月報表欄位「降水量」作為系統測站層級資料；目前未進行鄉鎮推估。,完整
water,C0E950,松安,署屬自動站,苗栗縣,泰安鄉,1328,120.98599,24.39792,荻岡段39地號,2025-05,rainfall_days,中央氣象署 CODiS / 現存測站清單,https://codis.cwa.gov.tw/ ; https://hdps.cwa.gov.tw/static/state.html,C0E950-2025.csv,降水日數,13,day,13,day,直接採用該測站 CODiS 2025 年月報表欄位「降水日數」作為系統測站層級資料；目前未進行鄉鎮推估。,完整
water,C0E950,松安,署屬自動站,苗栗縣,泰安鄉,1328,120.98599,24.39792,荻岡段39地號,2025-05,max_daily_rainfall,中央氣象署 CODiS / 現存測站清單,https://codis.cwa.gov.tw/ ; https://hdps.cwa.gov.tw/static/state.html,C0E950-2025.csv,最大日降水量,111.5,mm,111.5,mm,直接採用該測站 CODiS 2025 年月報表欄位「最大日降水量」作為系統測站層級資料；目前未進行鄉鎮推估。,完整
water,C0E950,松安,署屬自動站,苗栗縣,泰安鄉,1328,120.98599,24.39792,荻岡段39地號,2025-05,average_temperature,中央氣象署 CODiS / 現存測站清單,https://codis.cwa.gov.tw/ ; https://hdps.cwa.gov.tw/static/state.html,C0E950-2025.csv,氣溫,19.8,℃,19.8,℃,直接採用該測站 CODiS 2025 年月報表欄位「氣溫」作為系統測站層級資料；目前未進行鄉鎮推估。,完整
water,C0E950,松安,署屬自動站,苗栗縣,泰安鄉,1328,120.98599,24.39792,荻岡段39地號,2025-05,relative_humidity,中央氣象署 CODiS / 現存測站清單,https://codis.cwa.gov.tw/ ; https://hdps.cwa.gov.tw/static/state.html,C0E950-2025.csv,相對溼度,86,%,86,%,直接採用該測站 CODiS 2025 年月報表欄位「相對溼度」作為系統測站層級資料；目前未進行鄉鎮推估。,完整
water,C0E950,松安,署屬自動站,苗栗縣,泰安鄉,1328,120.98599,24.39792,荻岡段39地號,2025-06,rainfall,中央氣象署 CODiS / 現存測站清單,https://codis.cwa.gov.tw/ ; https://hdps.cwa.gov.tw/static/state.html,C0E950-2025.csv,降水量,340,mm,340,mm,直接採用該測站 CODiS 2025 年月報表欄位「降水量」作為系統測站層級資料；目前未進行鄉鎮推估。,完整
water,C0E950,松安,署屬自動站,苗栗縣,泰安鄉,1328,120.98599,24.39792,荻岡段39地號,2025-06,rainfall_days,中央氣象署 CODiS / 現存測站清單,https://codis.cwa.gov.tw/ ; https://hdps.cwa.gov.tw/static/state.html,C0E950-2025.csv,降水日數,18,day,18,day,直接採用該測站 CODiS 2025 年月報表欄位「降水日數」作為系統測站層級資料；目前未進行鄉鎮推估。,完整
water,C0E950,松安,署屬自動站,苗栗縣,泰安鄉,1328,120.98599,24.39792,荻岡段39地號,2025-06,max_daily_rainfall,中央氣象署 CODiS / 現存測站清單,https://codis.cwa.gov.tw/ ; https://hdps.cwa.gov.tw/static/state.html,C0E950-2025.csv,最大日降水量,53.5,mm,53.5,mm,直接採用該測站 CODiS 2025 年月報表欄位「最大日降水量」作為系統測站層級資料；目前未進行鄉鎮推估。,完整
water,C0E950,松安,署屬自動站,苗栗縣,泰安鄉,1328,120.98599,24.39792,荻岡段39地號,2025-06,average_temperature,中央氣象署 CODiS / 現存測站清單,https://codis.cwa.gov.tw/ ; https://hdps.cwa.gov.tw/static/state.html,C0E950-2025.csv,氣溫,21.2,℃,21.2,℃,直接採用該測站 CODiS 2025 年月報表欄位「氣溫」作為系統測站層級資料；目前未進行鄉鎮推估。,完整
water,C0E950,松安,署屬自動站,苗栗縣,泰安鄉,1328,120.98599,24.39792,荻岡段39地號,2025-06,relative_humidity,中央氣象署 CODiS / 現存測站清單,https://codis.cwa.gov.tw/ ; https://hdps.cwa.gov.tw/static/state.html,C0E950-2025.csv,相對溼度,88,%,88,%,直接採用該測站 CODiS 2025 年月報表欄位「相對溼度」作為系統測站層級資料；目前未進行鄉鎮推估。,完整
water,C0E950,松安,署屬自動站,苗栗縣,泰安鄉,1328,120.98599,24.39792,荻岡段39地號,2025-07,rainfall,中央氣象署 CODiS / 現存測站清單,https://codis.cwa.gov.tw/ ; https://hdps.cwa.gov.tw/static/state.html,C0E950-2025.csv,降水量,371.5,mm,371.5,mm,直接採用該測站 CODiS 2025 年月報表欄位「降水量」作為系統測站層級資料；目前未進行鄉鎮推估。,完整
water,C0E950,松安,署屬自動站,苗栗縣,泰安鄉,1328,120.98599,24.39792,荻岡段39地號,2025-07,rainfall_days,中央氣象署 CODiS / 現存測站清單,https://codis.cwa.gov.tw/ ; https://hdps.cwa.gov.tw/static/state.html,C0E950-2025.csv,降水日數,18,day,18,day,直接採用該測站 CODiS 2025 年月報表欄位「降水日數」作為系統測站層級資料；目前未進行鄉鎮推估。,完整
water,C0E950,松安,署屬自動站,苗栗縣,泰安鄉,1328,120.98599,24.39792,荻岡段39地號,2025-07,max_daily_rainfall,中央氣象署 CODiS / 現存測站清單,https://codis.cwa.gov.tw/ ; https://hdps.cwa.gov.tw/static/state.html,C0E950-2025.csv,最大日降水量,141,mm,141,mm,直接採用該測站 CODiS 2025 年月報表欄位「最大日降水量」作為系統測站層級資料；目前未進行鄉鎮推估。,完整
water,C0E950,松安,署屬自動站,苗栗縣,泰安鄉,1328,120.98599,24.39792,荻岡段39地號,2025-07,average_temperature,中央氣象署 CODiS / 現存測站清單,https://codis.cwa.gov.tw/ ; https://hdps.cwa.gov.tw/static/state.html,C0E950-2025.csv,氣溫,21.3,℃,21.3,℃,直接採用該測站 CODiS 2025 年月報表欄位「氣溫」作為系統測站層級資料；目前未進行鄉鎮推估。,完整
water,C0E950,松安,署屬自動站,苗栗縣,泰安鄉,1328,120.98599,24.39792,荻岡段39地號,2025-07,relative_humidity,中央氣象署 CODiS / 現存測站清單,https://codis.cwa.gov.tw/ ; https://hdps.cwa.gov.tw/static/state.html,C0E950-2025.csv,相對溼度,89,%,89,%,直接採用該測站 CODiS 2025 年月報表欄位「相對溼度」作為系統測站層級資料；目前未進行鄉鎮推估。,完整
water,C0E950,松安,署屬自動站,苗栗縣,泰安鄉,1328,120.98599,24.39792,荻岡段39地號,2025-08,rainfall,中央氣象署 CODiS / 現存測站清單,https://codis.cwa.gov.tw/ ; https://hdps.cwa.gov.tw/static/state.html,C0E950-2025.csv,降水量,43,mm,43,mm,直接採用該測站 CODiS 2025 年月報表欄位「降水量」作為系統測站層級資料；目前未進行鄉鎮推估。,完整
water,C0E950,松安,署屬自動站,苗栗縣,泰安鄉,1328,120.98599,24.39792,荻岡段39地號,2025-08,rainfall_days,中央氣象署 CODiS / 現存測站清單,https://codis.cwa.gov.tw/ ; https://hdps.cwa.gov.tw/static/state.html,C0E950-2025.csv,降水日數,10,day,10,day,直接採用該測站 CODiS 2025 年月報表欄位「降水日數」作為系統測站層級資料；目前未進行鄉鎮推估。,完整
water,C0E950,松安,署屬自動站,苗栗縣,泰安鄉,1328,120.98599,24.39792,荻岡段39地號,2025-08,max_daily_rainfall,中央氣象署 CODiS / 現存測站清單,https://codis.cwa.gov.tw/ ; https://hdps.cwa.gov.tw/static/state.html,C0E950-2025.csv,最大日降水量,14.5,mm,14.5,mm,直接採用該測站 CODiS 2025 年月報表欄位「最大日降水量」作為系統測站層級資料；目前未進行鄉鎮推估。,完整
water,C0E950,松安,署屬自動站,苗栗縣,泰安鄉,1328,120.98599,24.39792,荻岡段39地號,2025-08,average_temperature,中央氣象署 CODiS / 現存測站清單,https://codis.cwa.gov.tw/ ; https://hdps.cwa.gov.tw/static/state.html,C0E950-2025.csv,氣溫,21.8,℃,21.8,℃,直接採用該測站 CODiS 2025 年月報表欄位「氣溫」作為系統測站層級資料；目前未進行鄉鎮推估。,完整
water,C0E950,松安,署屬自動站,苗栗縣,泰安鄉,1328,120.98599,24.39792,荻岡段39地號,2025-08,relative_humidity,中央氣象署 CODiS / 現存測站清單,https://codis.cwa.gov.tw/ ; https://hdps.cwa.gov.tw/static/state.html,C0E950-2025.csv,相對溼度,85,%,85,%,直接採用該測站 CODiS 2025 年月報表欄位「相對溼度」作為系統測站層級資料；目前未進行鄉鎮推估。,完整
water,C0E950,松安,署屬自動站,苗栗縣,泰安鄉,1328,120.98599,24.39792,荻岡段39地號,2025-09,rainfall,中央氣象署 CODiS / 現存測站清單,https://codis.cwa.gov.tw/ ; https://hdps.cwa.gov.tw/static/state.html,C0E950-2025.csv,降水量,177.5,mm,177.5,mm,直接採用該測站 CODiS 2025 年月報表欄位「降水量」作為系統測站層級資料；目前未進行鄉鎮推估。,完整
water,C0E950,松安,署屬自動站,苗栗縣,泰安鄉,1328,120.98599,24.39792,荻岡段39地號,2025-09,rainfall_days,中央氣象署 CODiS / 現存測站清單,https://codis.cwa.gov.tw/ ; https://hdps.cwa.gov.tw/static/state.html,C0E950-2025.csv,降水日數,12,day,12,day,直接採用該測站 CODiS 2025 年月報表欄位「降水日數」作為系統測站層級資料；目前未進行鄉鎮推估。,完整
water,C0E950,松安,署屬自動站,苗栗縣,泰安鄉,1328,120.98599,24.39792,荻岡段39地號,2025-09,max_daily_rainfall,中央氣象署 CODiS / 現存測站清單,https://codis.cwa.gov.tw/ ; https://hdps.cwa.gov.tw/static/state.html,C0E950-2025.csv,最大日降水量,74,mm,74,mm,直接採用該測站 CODiS 2025 年月報表欄位「最大日降水量」作為系統測站層級資料；目前未進行鄉鎮推估。,完整
water,C0E950,松安,署屬自動站,苗栗縣,泰安鄉,1328,120.98599,24.39792,荻岡段39地號,2025-09,average_temperature,中央氣象署 CODiS / 現存測站清單,https://codis.cwa.gov.tw/ ; https://hdps.cwa.gov.tw/static/state.html,C0E950-2025.csv,氣溫,21.4,℃,21.4,℃,直接採用該測站 CODiS 2025 年月報表欄位「氣溫」作為系統測站層級資料；目前未進行鄉鎮推估。,完整
water,C0E950,松安,署屬自動站,苗栗縣,泰安鄉,1328,120.98599,24.39792,荻岡段39地號,2025-09,relative_humidity,中央氣象署 CODiS / 現存測站清單,https://codis.cwa.gov.tw/ ; https://hdps.cwa.gov.tw/static/state.html,C0E950-2025.csv,相對溼度,86,%,86,%,直接採用該測站 CODiS 2025 年月報表欄位「相對溼度」作為系統測站層級資料；目前未進行鄉鎮推估。,完整
water,C0E950,松安,署屬自動站,苗栗縣,泰安鄉,1328,120.98599,24.39792,荻岡段39地號,2025-10,rainfall,中央氣象署 CODiS / 現存測站清單,https://codis.cwa.gov.tw/ ; https://hdps.cwa.gov.tw/static/state.html,C0E950-2025.csv,降水量,32.5,mm,32.5,mm,直接採用該測站 CODiS 2025 年月報表欄位「降水量」作為系統測站層級資料；目前未進行鄉鎮推估。,完整
water,C0E950,松安,署屬自動站,苗栗縣,泰安鄉,1328,120.98599,24.39792,荻岡段39地號,2025-10,rainfall_days,中央氣象署 CODiS / 現存測站清單,https://codis.cwa.gov.tw/ ; https://hdps.cwa.gov.tw/static/state.html,C0E950-2025.csv,降水日數,5,day,5,day,直接採用該測站 CODiS 2025 年月報表欄位「降水日數」作為系統測站層級資料；目前未進行鄉鎮推估。,完整
water,C0E950,松安,署屬自動站,苗栗縣,泰安鄉,1328,120.98599,24.39792,荻岡段39地號,2025-10,max_daily_rainfall,中央氣象署 CODiS / 現存測站清單,https://codis.cwa.gov.tw/ ; https://hdps.cwa.gov.tw/static/state.html,C0E950-2025.csv,最大日降水量,17.5,mm,17.5,mm,直接採用該測站 CODiS 2025 年月報表欄位「最大日降水量」作為系統測站層級資料；目前未進行鄉鎮推估。,完整
water,C0E950,松安,署屬自動站,苗栗縣,泰安鄉,1328,120.98599,24.39792,荻岡段39地號,2025-10,average_temperature,中央氣象署 CODiS / 現存測站清單,https://codis.cwa.gov.tw/ ; https://hdps.cwa.gov.tw/static/state.html,C0E950-2025.csv,氣溫,21,℃,21,℃,直接採用該測站 CODiS 2025 年月報表欄位「氣溫」作為系統測站層級資料；目前未進行鄉鎮推估。,完整
water,C0E950,松安,署屬自動站,苗栗縣,泰安鄉,1328,120.98599,24.39792,荻岡段39地號,2025-10,relative_humidity,中央氣象署 CODiS / 現存測站清單,https://codis.cwa.gov.tw/ ; https://hdps.cwa.gov.tw/static/state.html,C0E950-2025.csv,相對溼度,83,%,83,%,直接採用該測站 CODiS 2025 年月報表欄位「相對溼度」作為系統測站層級資料；目前未進行鄉鎮推估。,完整
water,C0E950,松安,署屬自動站,苗栗縣,泰安鄉,1328,120.98599,24.39792,荻岡段39地號,2025-11,rainfall,中央氣象署 CODiS / 現存測站清單,https://codis.cwa.gov.tw/ ; https://hdps.cwa.gov.tw/static/state.html,C0E950-2025.csv,降水量,10,mm,10,mm,直接採用該測站 CODiS 2025 年月報表欄位「降水量」作為系統測站層級資料；目前未進行鄉鎮推估。,完整
water,C0E950,松安,署屬自動站,苗栗縣,泰安鄉,1328,120.98599,24.39792,荻岡段39地號,2025-11,rainfall_days,中央氣象署 CODiS / 現存測站清單,https://codis.cwa.gov.tw/ ; https://hdps.cwa.gov.tw/static/state.html,C0E950-2025.csv,降水日數,6,day,6,day,直接採用該測站 CODiS 2025 年月報表欄位「降水日數」作為系統測站層級資料；目前未進行鄉鎮推估。,完整
water,C0E950,松安,署屬自動站,苗栗縣,泰安鄉,1328,120.98599,24.39792,荻岡段39地號,2025-11,max_daily_rainfall,中央氣象署 CODiS / 現存測站清單,https://codis.cwa.gov.tw/ ; https://hdps.cwa.gov.tw/static/state.html,C0E950-2025.csv,最大日降水量,3.5,mm,3.5,mm,直接採用該測站 CODiS 2025 年月報表欄位「最大日降水量」作為系統測站層級資料；目前未進行鄉鎮推估。,完整
water,C0E950,松安,署屬自動站,苗栗縣,泰安鄉,1328,120.98599,24.39792,荻岡段39地號,2025-11,average_temperature,中央氣象署 CODiS / 現存測站清單,https://codis.cwa.gov.tw/ ; https://hdps.cwa.gov.tw/static/state.html,C0E950-2025.csv,氣溫,18.1,℃,18.1,℃,直接採用該測站 CODiS 2025 年月報表欄位「氣溫」作為系統測站層級資料；目前未進行鄉鎮推估。,完整
water,C0E950,松安,署屬自動站,苗栗縣,泰安鄉,1328,120.98599,24.39792,荻岡段39地號,2025-11,relative_humidity,中央氣象署 CODiS / 現存測站清單,https://codis.cwa.gov.tw/ ; https://hdps.cwa.gov.tw/static/state.html,C0E950-2025.csv,相對溼度,77,%,77,%,直接採用該測站 CODiS 2025 年月報表欄位「相對溼度」作為系統測站層級資料；目前未進行鄉鎮推估。,完整
water,C0E950,松安,署屬自動站,苗栗縣,泰安鄉,1328,120.98599,24.39792,荻岡段39地號,2025-12,rainfall,中央氣象署 CODiS / 現存測站清單,https://codis.cwa.gov.tw/ ; https://hdps.cwa.gov.tw/static/state.html,C0E950-2025.csv,降水量,13.5,mm,13.5,mm,直接採用該測站 CODiS 2025 年月報表欄位「降水量」作為系統測站層級資料；目前未進行鄉鎮推估。,完整
water,C0E950,松安,署屬自動站,苗栗縣,泰安鄉,1328,120.98599,24.39792,荻岡段39地號,2025-12,rainfall_days,中央氣象署 CODiS / 現存測站清單,https://codis.cwa.gov.tw/ ; https://hdps.cwa.gov.tw/static/state.html,C0E950-2025.csv,降水日數,4,day,4,day,直接採用該測站 CODiS 2025 年月報表欄位「降水日數」作為系統測站層級資料；目前未進行鄉鎮推估。,完整
water,C0E950,松安,署屬自動站,苗栗縣,泰安鄉,1328,120.98599,24.39792,荻岡段39地號,2025-12,max_daily_rainfall,中央氣象署 CODiS / 現存測站清單,https://codis.cwa.gov.tw/ ; https://hdps.cwa.gov.tw/static/state.html,C0E950-2025.csv,最大日降水量,7,mm,7,mm,直接採用該測站 CODiS 2025 年月報表欄位「最大日降水量」作為系統測站層級資料；目前未進行鄉鎮推估。,完整
water,C0E950,松安,署屬自動站,苗栗縣,泰安鄉,1328,120.98599,24.39792,荻岡段39地號,2025-12,average_temperature,中央氣象署 CODiS / 現存測站清單,https://codis.cwa.gov.tw/ ; https://hdps.cwa.gov.tw/static/state.html,C0E950-2025.csv,氣溫,15.3,℃,15.3,℃,直接採用該測站 CODiS 2025 年月報表欄位「氣溫」作為系統測站層級資料；目前未進行鄉鎮推估。,完整
water,C0E950,松安,署屬自動站,苗栗縣,泰安鄉,1328,120.98599,24.39792,荻岡段39地號,2025-12,relative_humidity,中央氣象署 CODiS / 現存測站清單,https://codis.cwa.gov.tw/ ; https://hdps.cwa.gov.tw/static/state.html,C0E950-2025.csv,相對溼度,70,%,70,%,直接採用該測站 CODiS 2025 年月報表欄位「相對溼度」作為系統測站層級資料；目前未進行鄉鎮推估。,完整
water,C0E960,觀霧分站,署屬自動站,苗栗縣,泰安鄉,2094,121.113921,24.505781,觀霧段55-1地號,2025-01,rainfall,中央氣象署 CODiS / 現存測站清單,https://codis.cwa.gov.tw/ ; https://hdps.cwa.gov.tw/static/state.html,C0E960-2025.csv,降水量,,mm,,mm,直接採用該測站 CODiS 2025 年月報表欄位「降水量」作為系統測站層級資料；目前未進行鄉鎮推估。,缺值
water,C0E960,觀霧分站,署屬自動站,苗栗縣,泰安鄉,2094,121.113921,24.505781,觀霧段55-1地號,2025-01,rainfall_days,中央氣象署 CODiS / 現存測站清單,https://codis.cwa.gov.tw/ ; https://hdps.cwa.gov.tw/static/state.html,C0E960-2025.csv,降水日數,,day,,day,直接採用該測站 CODiS 2025 年月報表欄位「降水日數」作為系統測站層級資料；目前未進行鄉鎮推估。,缺值
water,C0E960,觀霧分站,署屬自動站,苗栗縣,泰安鄉,2094,121.113921,24.505781,觀霧段55-1地號,2025-01,max_daily_rainfall,中央氣象署 CODiS / 現存測站清單,https://codis.cwa.gov.tw/ ; https://hdps.cwa.gov.tw/static/state.html,C0E960-2025.csv,最大日降水量,,mm,,mm,直接採用該測站 CODiS 2025 年月報表欄位「最大日降水量」作為系統測站層級資料；目前未進行鄉鎮推估。,缺值
water,C0E960,觀霧分站,署屬自動站,苗栗縣,泰安鄉,2094,121.113921,24.505781,觀霧段55-1地號,2025-01,average_temperature,中央氣象署 CODiS / 現存測站清單,https://codis.cwa.gov.tw/ ; https://hdps.cwa.gov.tw/static/state.html,C0E960-2025.csv,氣溫,,℃,,℃,直接採用該測站 CODiS 2025 年月報表欄位「氣溫」作為系統測站層級資料；目前未進行鄉鎮推估。,缺值
water,C0E960,觀霧分站,署屬自動站,苗栗縣,泰安鄉,2094,121.113921,24.505781,觀霧段55-1地號,2025-01,relative_humidity,中央氣象署 CODiS / 現存測站清單,https://codis.cwa.gov.tw/ ; https://hdps.cwa.gov.tw/static/state.html,C0E960-2025.csv,相對溼度,,%,,%,直接採用該測站 CODiS 2025 年月報表欄位「相對溼度」作為系統測站層級資料；目前未進行鄉鎮推估。,缺值
water,C0E960,觀霧分站,署屬自動站,苗栗縣,泰安鄉,2094,121.113921,24.505781,觀霧段55-1地號,2025-02,rainfall,中央氣象署 CODiS / 現存測站清單,https://codis.cwa.gov.tw/ ; https://hdps.cwa.gov.tw/static/state.html,C0E960-2025.csv,降水量,,mm,,mm,直接採用該測站 CODiS 2025 年月報表欄位「降水量」作為系統測站層級資料；目前未進行鄉鎮推估。,缺值
water,C0E960,觀霧分站,署屬自動站,苗栗縣,泰安鄉,2094,121.113921,24.505781,觀霧段55-1地號,2025-02,rainfall_days,中央氣象署 CODiS / 現存測站清單,https://codis.cwa.gov.tw/ ; https://hdps.cwa.gov.tw/static/state.html,C0E960-2025.csv,降水日數,,day,,day,直接採用該測站 CODiS 2025 年月報表欄位「降水日數」作為系統測站層級資料；目前未進行鄉鎮推估。,缺值
water,C0E960,觀霧分站,署屬自動站,苗栗縣,泰安鄉,2094,121.113921,24.505781,觀霧段55-1地號,2025-02,max_daily_rainfall,中央氣象署 CODiS / 現存測站清單,https://codis.cwa.gov.tw/ ; https://hdps.cwa.gov.tw/static/state.html,C0E960-2025.csv,最大日降水量,,mm,,mm,直接採用該測站 CODiS 2025 年月報表欄位「最大日降水量」作為系統測站層級資料；目前未進行鄉鎮推估。,缺值
water,C0E960,觀霧分站,署屬自動站,苗栗縣,泰安鄉,2094,121.113921,24.505781,觀霧段55-1地號,2025-02,average_temperature,中央氣象署 CODiS / 現存測站清單,https://codis.cwa.gov.tw/ ; https://hdps.cwa.gov.tw/static/state.html,C0E960-2025.csv,氣溫,,℃,,℃,直接採用該測站 CODiS 2025 年月報表欄位「氣溫」作為系統測站層級資料；目前未進行鄉鎮推估。,缺值
water,C0E960,觀霧分站,署屬自動站,苗栗縣,泰安鄉,2094,121.113921,24.505781,觀霧段55-1地號,2025-02,relative_humidity,中央氣象署 CODiS / 現存測站清單,https://codis.cwa.gov.tw/ ; https://hdps.cwa.gov.tw/static/state.html,C0E960-2025.csv,相對溼度,,%,,%,直接採用該測站 CODiS 2025 年月報表欄位「相對溼度」作為系統測站層級資料；目前未進行鄉鎮推估。,缺值
water,C0E960,觀霧分站,署屬自動站,苗栗縣,泰安鄉,2094,121.113921,24.505781,觀霧段55-1地號,2025-03,rainfall,中央氣象署 CODiS / 現存測站清單,https://codis.cwa.gov.tw/ ; https://hdps.cwa.gov.tw/static/state.html,C0E960-2025.csv,降水量,,mm,,mm,直接採用該測站 CODiS 2025 年月報表欄位「降水量」作為系統測站層級資料；目前未進行鄉鎮推估。,缺值
water,C0E960,觀霧分站,署屬自動站,苗栗縣,泰安鄉,2094,121.113921,24.505781,觀霧段55-1地號,2025-03,rainfall_days,中央氣象署 CODiS / 現存測站清單,https://codis.cwa.gov.tw/ ; https://hdps.cwa.gov.tw/static/state.html,C0E960-2025.csv,降水日數,,day,,day,直接採用該測站 CODiS 2025 年月報表欄位「降水日數」作為系統測站層級資料；目前未進行鄉鎮推估。,缺值
water,C0E960,觀霧分站,署屬自動站,苗栗縣,泰安鄉,2094,121.113921,24.505781,觀霧段55-1地號,2025-03,max_daily_rainfall,中央氣象署 CODiS / 現存測站清單,https://codis.cwa.gov.tw/ ; https://hdps.cwa.gov.tw/static/state.html,C0E960-2025.csv,最大日降水量,,mm,,mm,直接採用該測站 CODiS 2025 年月報表欄位「最大日降水量」作為系統測站層級資料；目前未進行鄉鎮推估。,缺值
water,C0E960,觀霧分站,署屬自動站,苗栗縣,泰安鄉,2094,121.113921,24.505781,觀霧段55-1地號,2025-03,average_temperature,中央氣象署 CODiS / 現存測站清單,https://codis.cwa.gov.tw/ ; https://hdps.cwa.gov.tw/static/state.html,C0E960-2025.csv,氣溫,,℃,,℃,直接採用該測站 CODiS 2025 年月報表欄位「氣溫」作為系統測站層級資料；目前未進行鄉鎮推估。,缺值
water,C0E960,觀霧分站,署屬自動站,苗栗縣,泰安鄉,2094,121.113921,24.505781,觀霧段55-1地號,2025-03,relative_humidity,中央氣象署 CODiS / 現存測站清單,https://codis.cwa.gov.tw/ ; https://hdps.cwa.gov.tw/static/state.html,C0E960-2025.csv,相對溼度,,%,,%,直接採用該測站 CODiS 2025 年月報表欄位「相對溼度」作為系統測站層級資料；目前未進行鄉鎮推估。,缺值
water,C0E960,觀霧分站,署屬自動站,苗栗縣,泰安鄉,2094,121.113921,24.505781,觀霧段55-1地號,2025-04,rainfall,中央氣象署 CODiS / 現存測站清單,https://codis.cwa.gov.tw/ ; https://hdps.cwa.gov.tw/static/state.html,C0E960-2025.csv,降水量,0,mm,0,mm,直接採用該測站 CODiS 2025 年月報表欄位「降水量」作為系統測站層級資料；目前未進行鄉鎮推估。,完整
water,C0E960,觀霧分站,署屬自動站,苗栗縣,泰安鄉,2094,121.113921,24.505781,觀霧段55-1地號,2025-04,rainfall_days,中央氣象署 CODiS / 現存測站清單,https://codis.cwa.gov.tw/ ; https://hdps.cwa.gov.tw/static/state.html,C0E960-2025.csv,降水日數,0,day,0,day,直接採用該測站 CODiS 2025 年月報表欄位「降水日數」作為系統測站層級資料；目前未進行鄉鎮推估。,完整
water,C0E960,觀霧分站,署屬自動站,苗栗縣,泰安鄉,2094,121.113921,24.505781,觀霧段55-1地號,2025-04,max_daily_rainfall,中央氣象署 CODiS / 現存測站清單,https://codis.cwa.gov.tw/ ; https://hdps.cwa.gov.tw/static/state.html,C0E960-2025.csv,最大日降水量,0,mm,0,mm,直接採用該測站 CODiS 2025 年月報表欄位「最大日降水量」作為系統測站層級資料；目前未進行鄉鎮推估。,完整
water,C0E960,觀霧分站,署屬自動站,苗栗縣,泰安鄉,2094,121.113921,24.505781,觀霧段55-1地號,2025-04,average_temperature,中央氣象署 CODiS / 現存測站清單,https://codis.cwa.gov.tw/ ; https://hdps.cwa.gov.tw/static/state.html,C0E960-2025.csv,氣溫,12.7,℃,12.7,℃,直接採用該測站 CODiS 2025 年月報表欄位「氣溫」作為系統測站層級資料；目前未進行鄉鎮推估。,完整
water,C0E960,觀霧分站,署屬自動站,苗栗縣,泰安鄉,2094,121.113921,24.505781,觀霧段55-1地號,2025-04,relative_humidity,中央氣象署 CODiS / 現存測站清單,https://codis.cwa.gov.tw/ ; https://hdps.cwa.gov.tw/static/state.html,C0E960-2025.csv,相對溼度,85,%,85,%,直接採用該測站 CODiS 2025 年月報表欄位「相對溼度」作為系統測站層級資料；目前未進行鄉鎮推估。,完整
water,C0E960,觀霧分站,署屬自動站,苗栗縣,泰安鄉,2094,121.113921,24.505781,觀霧段55-1地號,2025-05,rainfall,中央氣象署 CODiS / 現存測站清單,https://codis.cwa.gov.tw/ ; https://hdps.cwa.gov.tw/static/state.html,C0E960-2025.csv,降水量,713.5,mm,713.5,mm,直接採用該測站 CODiS 2025 年月報表欄位「降水量」作為系統測站層級資料；目前未進行鄉鎮推估。,完整
water,C0E960,觀霧分站,署屬自動站,苗栗縣,泰安鄉,2094,121.113921,24.505781,觀霧段55-1地號,2025-05,rainfall_days,中央氣象署 CODiS / 現存測站清單,https://codis.cwa.gov.tw/ ; https://hdps.cwa.gov.tw/static/state.html,C0E960-2025.csv,降水日數,14,day,14,day,直接採用該測站 CODiS 2025 年月報表欄位「降水日數」作為系統測站層級資料；目前未進行鄉鎮推估。,完整
water,C0E960,觀霧分站,署屬自動站,苗栗縣,泰安鄉,2094,121.113921,24.505781,觀霧段55-1地號,2025-05,max_daily_rainfall,中央氣象署 CODiS / 現存測站清單,https://codis.cwa.gov.tw/ ; https://hdps.cwa.gov.tw/static/state.html,C0E960-2025.csv,最大日降水量,130,mm,130,mm,直接採用該測站 CODiS 2025 年月報表欄位「最大日降水量」作為系統測站層級資料；目前未進行鄉鎮推估。,完整
water,C0E960,觀霧分站,署屬自動站,苗栗縣,泰安鄉,2094,121.113921,24.505781,觀霧段55-1地號,2025-05,average_temperature,中央氣象署 CODiS / 現存測站清單,https://codis.cwa.gov.tw/ ; https://hdps.cwa.gov.tw/static/state.html,C0E960-2025.csv,氣溫,14.8,℃,14.8,℃,直接採用該測站 CODiS 2025 年月報表欄位「氣溫」作為系統測站層級資料；目前未進行鄉鎮推估。,完整
water,C0E960,觀霧分站,署屬自動站,苗栗縣,泰安鄉,2094,121.113921,24.505781,觀霧段55-1地號,2025-05,relative_humidity,中央氣象署 CODiS / 現存測站清單,https://codis.cwa.gov.tw/ ; https://hdps.cwa.gov.tw/static/state.html,C0E960-2025.csv,相對溼度,86,%,86,%,直接採用該測站 CODiS 2025 年月報表欄位「相對溼度」作為系統測站層級資料；目前未進行鄉鎮推估。,完整
water,C0E960,觀霧分站,署屬自動站,苗栗縣,泰安鄉,2094,121.113921,24.505781,觀霧段55-1地號,2025-06,rainfall,中央氣象署 CODiS / 現存測站清單,https://codis.cwa.gov.tw/ ; https://hdps.cwa.gov.tw/static/state.html,C0E960-2025.csv,降水量,222.5,mm,222.5,mm,直接採用該測站 CODiS 2025 年月報表欄位「降水量」作為系統測站層級資料；目前未進行鄉鎮推估。,完整
water,C0E960,觀霧分站,署屬自動站,苗栗縣,泰安鄉,2094,121.113921,24.505781,觀霧段55-1地號,2025-06,rainfall_days,中央氣象署 CODiS / 現存測站清單,https://codis.cwa.gov.tw/ ; https://hdps.cwa.gov.tw/static/state.html,C0E960-2025.csv,降水日數,21,day,21,day,直接採用該測站 CODiS 2025 年月報表欄位「降水日數」作為系統測站層級資料；目前未進行鄉鎮推估。,完整
water,C0E960,觀霧分站,署屬自動站,苗栗縣,泰安鄉,2094,121.113921,24.505781,觀霧段55-1地號,2025-06,max_daily_rainfall,中央氣象署 CODiS / 現存測站清單,https://codis.cwa.gov.tw/ ; https://hdps.cwa.gov.tw/static/state.html,C0E960-2025.csv,最大日降水量,48,mm,48,mm,直接採用該測站 CODiS 2025 年月報表欄位「最大日降水量」作為系統測站層級資料；目前未進行鄉鎮推估。,完整
water,C0E960,觀霧分站,署屬自動站,苗栗縣,泰安鄉,2094,121.113921,24.505781,觀霧段55-1地號,2025-06,average_temperature,中央氣象署 CODiS / 現存測站清單,https://codis.cwa.gov.tw/ ; https://hdps.cwa.gov.tw/static/state.html,C0E960-2025.csv,氣溫,16.9,℃,16.9,℃,直接採用該測站 CODiS 2025 年月報表欄位「氣溫」作為系統測站層級資料；目前未進行鄉鎮推估。,完整
water,C0E960,觀霧分站,署屬自動站,苗栗縣,泰安鄉,2094,121.113921,24.505781,觀霧段55-1地號,2025-06,relative_humidity,中央氣象署 CODiS / 現存測站清單,https://codis.cwa.gov.tw/ ; https://hdps.cwa.gov.tw/static/state.html,C0E960-2025.csv,相對溼度,87,%,87,%,直接採用該測站 CODiS 2025 年月報表欄位「相對溼度」作為系統測站層級資料；目前未進行鄉鎮推估。,完整
water,C0E960,觀霧分站,署屬自動站,苗栗縣,泰安鄉,2094,121.113921,24.505781,觀霧段55-1地號,2025-07,rainfall,中央氣象署 CODiS / 現存測站清單,https://codis.cwa.gov.tw/ ; https://hdps.cwa.gov.tw/static/state.html,C0E960-2025.csv,降水量,495.5,mm,495.5,mm,直接採用該測站 CODiS 2025 年月報表欄位「降水量」作為系統測站層級資料；目前未進行鄉鎮推估。,完整
water,C0E960,觀霧分站,署屬自動站,苗栗縣,泰安鄉,2094,121.113921,24.505781,觀霧段55-1地號,2025-07,rainfall_days,中央氣象署 CODiS / 現存測站清單,https://codis.cwa.gov.tw/ ; https://hdps.cwa.gov.tw/static/state.html,C0E960-2025.csv,降水日數,20,day,20,day,直接採用該測站 CODiS 2025 年月報表欄位「降水日數」作為系統測站層級資料；目前未進行鄉鎮推估。,完整
water,C0E960,觀霧分站,署屬自動站,苗栗縣,泰安鄉,2094,121.113921,24.505781,觀霧段55-1地號,2025-07,max_daily_rainfall,中央氣象署 CODiS / 現存測站清單,https://codis.cwa.gov.tw/ ; https://hdps.cwa.gov.tw/static/state.html,C0E960-2025.csv,最大日降水量,88,mm,88,mm,直接採用該測站 CODiS 2025 年月報表欄位「最大日降水量」作為系統測站層級資料；目前未進行鄉鎮推估。,完整
water,C0E960,觀霧分站,署屬自動站,苗栗縣,泰安鄉,2094,121.113921,24.505781,觀霧段55-1地號,2025-07,average_temperature,中央氣象署 CODiS / 現存測站清單,https://codis.cwa.gov.tw/ ; https://hdps.cwa.gov.tw/static/state.html,C0E960-2025.csv,氣溫,17,℃,17,℃,直接採用該測站 CODiS 2025 年月報表欄位「氣溫」作為系統測站層級資料；目前未進行鄉鎮推估。,完整
water,C0E960,觀霧分站,署屬自動站,苗栗縣,泰安鄉,2094,121.113921,24.505781,觀霧段55-1地號,2025-07,relative_humidity,中央氣象署 CODiS / 現存測站清單,https://codis.cwa.gov.tw/ ; https://hdps.cwa.gov.tw/static/state.html,C0E960-2025.csv,相對溼度,89,%,89,%,直接採用該測站 CODiS 2025 年月報表欄位「相對溼度」作為系統測站層級資料；目前未進行鄉鎮推估。,完整
water,C0E960,觀霧分站,署屬自動站,苗栗縣,泰安鄉,2094,121.113921,24.505781,觀霧段55-1地號,2025-08,rainfall,中央氣象署 CODiS / 現存測站清單,https://codis.cwa.gov.tw/ ; https://hdps.cwa.gov.tw/static/state.html,C0E960-2025.csv,降水量,125,mm,125,mm,直接採用該測站 CODiS 2025 年月報表欄位「降水量」作為系統測站層級資料；目前未進行鄉鎮推估。,完整
water,C0E960,觀霧分站,署屬自動站,苗栗縣,泰安鄉,2094,121.113921,24.505781,觀霧段55-1地號,2025-08,rainfall_days,中央氣象署 CODiS / 現存測站清單,https://codis.cwa.gov.tw/ ; https://hdps.cwa.gov.tw/static/state.html,C0E960-2025.csv,降水日數,19,day,19,day,直接採用該測站 CODiS 2025 年月報表欄位「降水日數」作為系統測站層級資料；目前未進行鄉鎮推估。,完整
water,C0E960,觀霧分站,署屬自動站,苗栗縣,泰安鄉,2094,121.113921,24.505781,觀霧段55-1地號,2025-08,max_daily_rainfall,中央氣象署 CODiS / 現存測站清單,https://codis.cwa.gov.tw/ ; https://hdps.cwa.gov.tw/static/state.html,C0E960-2025.csv,最大日降水量,31.5,mm,31.5,mm,直接採用該測站 CODiS 2025 年月報表欄位「最大日降水量」作為系統測站層級資料；目前未進行鄉鎮推估。,完整
water,C0E960,觀霧分站,署屬自動站,苗栗縣,泰安鄉,2094,121.113921,24.505781,觀霧段55-1地號,2025-08,average_temperature,中央氣象署 CODiS / 現存測站清單,https://codis.cwa.gov.tw/ ; https://hdps.cwa.gov.tw/static/state.html,C0E960-2025.csv,氣溫,17.3,℃,17.3,℃,直接採用該測站 CODiS 2025 年月報表欄位「氣溫」作為系統測站層級資料；目前未進行鄉鎮推估。,完整
water,C0E960,觀霧分站,署屬自動站,苗栗縣,泰安鄉,2094,121.113921,24.505781,觀霧段55-1地號,2025-08,relative_humidity,中央氣象署 CODiS / 現存測站清單,https://codis.cwa.gov.tw/ ; https://hdps.cwa.gov.tw/static/state.html,C0E960-2025.csv,相對溼度,86,%,86,%,直接採用該測站 CODiS 2025 年月報表欄位「相對溼度」作為系統測站層級資料；目前未進行鄉鎮推估。,完整
water,C0E960,觀霧分站,署屬自動站,苗栗縣,泰安鄉,2094,121.113921,24.505781,觀霧段55-1地號,2025-09,rainfall,中央氣象署 CODiS / 現存測站清單,https://codis.cwa.gov.tw/ ; https://hdps.cwa.gov.tw/static/state.html,C0E960-2025.csv,降水量,171.5,mm,171.5,mm,直接採用該測站 CODiS 2025 年月報表欄位「降水量」作為系統測站層級資料；目前未進行鄉鎮推估。,完整
water,C0E960,觀霧分站,署屬自動站,苗栗縣,泰安鄉,2094,121.113921,24.505781,觀霧段55-1地號,2025-09,rainfall_days,中央氣象署 CODiS / 現存測站清單,https://codis.cwa.gov.tw/ ; https://hdps.cwa.gov.tw/static/state.html,C0E960-2025.csv,降水日數,17,day,17,day,直接採用該測站 CODiS 2025 年月報表欄位「降水日數」作為系統測站層級資料；目前未進行鄉鎮推估。,完整
water,C0E960,觀霧分站,署屬自動站,苗栗縣,泰安鄉,2094,121.113921,24.505781,觀霧段55-1地號,2025-09,max_daily_rainfall,中央氣象署 CODiS / 現存測站清單,https://codis.cwa.gov.tw/ ; https://hdps.cwa.gov.tw/static/state.html,C0E960-2025.csv,最大日降水量,49,mm,49,mm,直接採用該測站 CODiS 2025 年月報表欄位「最大日降水量」作為系統測站層級資料；目前未進行鄉鎮推估。,完整
water,C0E960,觀霧分站,署屬自動站,苗栗縣,泰安鄉,2094,121.113921,24.505781,觀霧段55-1地號,2025-09,average_temperature,中央氣象署 CODiS / 現存測站清單,https://codis.cwa.gov.tw/ ; https://hdps.cwa.gov.tw/static/state.html,C0E960-2025.csv,氣溫,17.5,℃,17.5,℃,直接採用該測站 CODiS 2025 年月報表欄位「氣溫」作為系統測站層級資料；目前未進行鄉鎮推估。,完整
water,C0E960,觀霧分站,署屬自動站,苗栗縣,泰安鄉,2094,121.113921,24.505781,觀霧段55-1地號,2025-09,relative_humidity,中央氣象署 CODiS / 現存測站清單,https://codis.cwa.gov.tw/ ; https://hdps.cwa.gov.tw/static/state.html,C0E960-2025.csv,相對溼度,85,%,85,%,直接採用該測站 CODiS 2025 年月報表欄位「相對溼度」作為系統測站層級資料；目前未進行鄉鎮推估。,完整
water,C0E960,觀霧分站,署屬自動站,苗栗縣,泰安鄉,2094,121.113921,24.505781,觀霧段55-1地號,2025-10,rainfall,中央氣象署 CODiS / 現存測站清單,https://codis.cwa.gov.tw/ ; https://hdps.cwa.gov.tw/static/state.html,C0E960-2025.csv,降水量,186,mm,186,mm,直接採用該測站 CODiS 2025 年月報表欄位「降水量」作為系統測站層級資料；目前未進行鄉鎮推估。,完整
water,C0E960,觀霧分站,署屬自動站,苗栗縣,泰安鄉,2094,121.113921,24.505781,觀霧段55-1地號,2025-10,rainfall_days,中央氣象署 CODiS / 現存測站清單,https://codis.cwa.gov.tw/ ; https://hdps.cwa.gov.tw/static/state.html,C0E960-2025.csv,降水日數,9,day,9,day,直接採用該測站 CODiS 2025 年月報表欄位「降水日數」作為系統測站層級資料；目前未進行鄉鎮推估。,完整
water,C0E960,觀霧分站,署屬自動站,苗栗縣,泰安鄉,2094,121.113921,24.505781,觀霧段55-1地號,2025-10,max_daily_rainfall,中央氣象署 CODiS / 現存測站清單,https://codis.cwa.gov.tw/ ; https://hdps.cwa.gov.tw/static/state.html,C0E960-2025.csv,最大日降水量,93,mm,93,mm,直接採用該測站 CODiS 2025 年月報表欄位「最大日降水量」作為系統測站層級資料；目前未進行鄉鎮推估。,完整
water,C0E960,觀霧分站,署屬自動站,苗栗縣,泰安鄉,2094,121.113921,24.505781,觀霧段55-1地號,2025-10,average_temperature,中央氣象署 CODiS / 現存測站清單,https://codis.cwa.gov.tw/ ; https://hdps.cwa.gov.tw/static/state.html,C0E960-2025.csv,氣溫,16.6,℃,16.6,℃,直接採用該測站 CODiS 2025 年月報表欄位「氣溫」作為系統測站層級資料；目前未進行鄉鎮推估。,完整
water,C0E960,觀霧分站,署屬自動站,苗栗縣,泰安鄉,2094,121.113921,24.505781,觀霧段55-1地號,2025-10,relative_humidity,中央氣象署 CODiS / 現存測站清單,https://codis.cwa.gov.tw/ ; https://hdps.cwa.gov.tw/static/state.html,C0E960-2025.csv,相對溼度,80,%,80,%,直接採用該測站 CODiS 2025 年月報表欄位「相對溼度」作為系統測站層級資料；目前未進行鄉鎮推估。,完整
water,C0E960,觀霧分站,署屬自動站,苗栗縣,泰安鄉,2094,121.113921,24.505781,觀霧段55-1地號,2025-11,rainfall,中央氣象署 CODiS / 現存測站清單,https://codis.cwa.gov.tw/ ; https://hdps.cwa.gov.tw/static/state.html,C0E960-2025.csv,降水量,57.5,mm,57.5,mm,直接採用該測站 CODiS 2025 年月報表欄位「降水量」作為系統測站層級資料；目前未進行鄉鎮推估。,完整
water,C0E960,觀霧分站,署屬自動站,苗栗縣,泰安鄉,2094,121.113921,24.505781,觀霧段55-1地號,2025-11,rainfall_days,中央氣象署 CODiS / 現存測站清單,https://codis.cwa.gov.tw/ ; https://hdps.cwa.gov.tw/static/state.html,C0E960-2025.csv,降水日數,12,day,12,day,直接採用該測站 CODiS 2025 年月報表欄位「降水日數」作為系統測站層級資料；目前未進行鄉鎮推估。,完整
water,C0E960,觀霧分站,署屬自動站,苗栗縣,泰安鄉,2094,121.113921,24.505781,觀霧段55-1地號,2025-11,max_daily_rainfall,中央氣象署 CODiS / 現存測站清單,https://codis.cwa.gov.tw/ ; https://hdps.cwa.gov.tw/static/state.html,C0E960-2025.csv,最大日降水量,17.5,mm,17.5,mm,直接採用該測站 CODiS 2025 年月報表欄位「最大日降水量」作為系統測站層級資料；目前未進行鄉鎮推估。,完整
water,C0E960,觀霧分站,署屬自動站,苗栗縣,泰安鄉,2094,121.113921,24.505781,觀霧段55-1地號,2025-11,average_temperature,中央氣象署 CODiS / 現存測站清單,https://codis.cwa.gov.tw/ ; https://hdps.cwa.gov.tw/static/state.html,C0E960-2025.csv,氣溫,13.5,℃,13.5,℃,直接採用該測站 CODiS 2025 年月報表欄位「氣溫」作為系統測站層級資料；目前未進行鄉鎮推估。,完整
water,C0E960,觀霧分站,署屬自動站,苗栗縣,泰安鄉,2094,121.113921,24.505781,觀霧段55-1地號,2025-11,relative_humidity,中央氣象署 CODiS / 現存測站清單,https://codis.cwa.gov.tw/ ; https://hdps.cwa.gov.tw/static/state.html,C0E960-2025.csv,相對溼度,75,%,75,%,直接採用該測站 CODiS 2025 年月報表欄位「相對溼度」作為系統測站層級資料；目前未進行鄉鎮推估。,完整
water,C0E960,觀霧分站,署屬自動站,苗栗縣,泰安鄉,2094,121.113921,24.505781,觀霧段55-1地號,2025-12,rainfall,中央氣象署 CODiS / 現存測站清單,https://codis.cwa.gov.tw/ ; https://hdps.cwa.gov.tw/static/state.html,C0E960-2025.csv,降水量,54,mm,54,mm,直接採用該測站 CODiS 2025 年月報表欄位「降水量」作為系統測站層級資料；目前未進行鄉鎮推估。,完整
water,C0E960,觀霧分站,署屬自動站,苗栗縣,泰安鄉,2094,121.113921,24.505781,觀霧段55-1地號,2025-12,rainfall_days,中央氣象署 CODiS / 現存測站清單,https://codis.cwa.gov.tw/ ; https://hdps.cwa.gov.tw/static/state.html,C0E960-2025.csv,降水日數,6,day,6,day,直接採用該測站 CODiS 2025 年月報表欄位「降水日數」作為系統測站層級資料；目前未進行鄉鎮推估。,完整
water,C0E960,觀霧分站,署屬自動站,苗栗縣,泰安鄉,2094,121.113921,24.505781,觀霧段55-1地號,2025-12,max_daily_rainfall,中央氣象署 CODiS / 現存測站清單,https://codis.cwa.gov.tw/ ; https://hdps.cwa.gov.tw/static/state.html,C0E960-2025.csv,最大日降水量,19,mm,19,mm,直接採用該測站 CODiS 2025 年月報表欄位「最大日降水量」作為系統測站層級資料；目前未進行鄉鎮推估。,完整
water,C0E960,觀霧分站,署屬自動站,苗栗縣,泰安鄉,2094,121.113921,24.505781,觀霧段55-1地號,2025-12,average_temperature,中央氣象署 CODiS / 現存測站清單,https://codis.cwa.gov.tw/ ; https://hdps.cwa.gov.tw/static/state.html,C0E960-2025.csv,氣溫,9.7,℃,9.7,℃,直接採用該測站 CODiS 2025 年月報表欄位「氣溫」作為系統測站層級資料；目前未進行鄉鎮推估。,完整
water,C0E960,觀霧分站,署屬自動站,苗栗縣,泰安鄉,2094,121.113921,24.505781,觀霧段55-1地號,2025-12,relative_humidity,中央氣象署 CODiS / 現存測站清單,https://codis.cwa.gov.tw/ ; https://hdps.cwa.gov.tw/static/state.html,C0E960-2025.csv,相對溼度,77,%,77,%,直接採用該測站 CODiS 2025 年月報表欄位「相對溼度」作為系統測站層級資料；目前未進行鄉鎮推估。,完整
water,C1E451,象鼻,署屬自動站,苗栗縣,泰安鄉,950,120.940228,24.368617,象鼻村,2025-01,rainfall,中央氣象署 CODiS / 現存測站清單,https://codis.cwa.gov.tw/ ; https://hdps.cwa.gov.tw/static/state.html,C1E451-2025.csv,降水量,42,mm,42,mm,直接採用該測站 CODiS 2025 年月報表欄位「降水量」作為系統測站層級資料；目前未進行鄉鎮推估。,完整
water,C1E451,象鼻,署屬自動站,苗栗縣,泰安鄉,950,120.940228,24.368617,象鼻村,2025-01,rainfall_days,中央氣象署 CODiS / 現存測站清單,https://codis.cwa.gov.tw/ ; https://hdps.cwa.gov.tw/static/state.html,C1E451-2025.csv,降水日數,8,day,8,day,直接採用該測站 CODiS 2025 年月報表欄位「降水日數」作為系統測站層級資料；目前未進行鄉鎮推估。,完整
water,C1E451,象鼻,署屬自動站,苗栗縣,泰安鄉,950,120.940228,24.368617,象鼻村,2025-01,max_daily_rainfall,中央氣象署 CODiS / 現存測站清單,https://codis.cwa.gov.tw/ ; https://hdps.cwa.gov.tw/static/state.html,C1E451-2025.csv,最大日降水量,11,mm,11,mm,直接採用該測站 CODiS 2025 年月報表欄位「最大日降水量」作為系統測站層級資料；目前未進行鄉鎮推估。,完整
water,C1E451,象鼻,署屬自動站,苗栗縣,泰安鄉,950,120.940228,24.368617,象鼻村,2025-02,rainfall,中央氣象署 CODiS / 現存測站清單,https://codis.cwa.gov.tw/ ; https://hdps.cwa.gov.tw/static/state.html,C1E451-2025.csv,降水量,75.5,mm,75.5,mm,直接採用該測站 CODiS 2025 年月報表欄位「降水量」作為系統測站層級資料；目前未進行鄉鎮推估。,完整
water,C1E451,象鼻,署屬自動站,苗栗縣,泰安鄉,950,120.940228,24.368617,象鼻村,2025-02,rainfall_days,中央氣象署 CODiS / 現存測站清單,https://codis.cwa.gov.tw/ ; https://hdps.cwa.gov.tw/static/state.html,C1E451-2025.csv,降水日數,8,day,8,day,直接採用該測站 CODiS 2025 年月報表欄位「降水日數」作為系統測站層級資料；目前未進行鄉鎮推估。,完整
water,C1E451,象鼻,署屬自動站,苗栗縣,泰安鄉,950,120.940228,24.368617,象鼻村,2025-02,max_daily_rainfall,中央氣象署 CODiS / 現存測站清單,https://codis.cwa.gov.tw/ ; https://hdps.cwa.gov.tw/static/state.html,C1E451-2025.csv,最大日降水量,37.5,mm,37.5,mm,直接採用該測站 CODiS 2025 年月報表欄位「最大日降水量」作為系統測站層級資料；目前未進行鄉鎮推估。,完整
water,C1E451,象鼻,署屬自動站,苗栗縣,泰安鄉,950,120.940228,24.368617,象鼻村,2025-03,rainfall,中央氣象署 CODiS / 現存測站清單,https://codis.cwa.gov.tw/ ; https://hdps.cwa.gov.tw/static/state.html,C1E451-2025.csv,降水量,226,mm,226,mm,直接採用該測站 CODiS 2025 年月報表欄位「降水量」作為系統測站層級資料；目前未進行鄉鎮推估。,完整
water,C1E451,象鼻,署屬自動站,苗栗縣,泰安鄉,950,120.940228,24.368617,象鼻村,2025-03,rainfall_days,中央氣象署 CODiS / 現存測站清單,https://codis.cwa.gov.tw/ ; https://hdps.cwa.gov.tw/static/state.html,C1E451-2025.csv,降水日數,11,day,11,day,直接採用該測站 CODiS 2025 年月報表欄位「降水日數」作為系統測站層級資料；目前未進行鄉鎮推估。,完整
water,C1E451,象鼻,署屬自動站,苗栗縣,泰安鄉,950,120.940228,24.368617,象鼻村,2025-03,max_daily_rainfall,中央氣象署 CODiS / 現存測站清單,https://codis.cwa.gov.tw/ ; https://hdps.cwa.gov.tw/static/state.html,C1E451-2025.csv,最大日降水量,55.5,mm,55.5,mm,直接採用該測站 CODiS 2025 年月報表欄位「最大日降水量」作為系統測站層級資料；目前未進行鄉鎮推估。,完整
water,C1E451,象鼻,署屬自動站,苗栗縣,泰安鄉,950,120.940228,24.368617,象鼻村,2025-04,rainfall,中央氣象署 CODiS / 現存測站清單,https://codis.cwa.gov.tw/ ; https://hdps.cwa.gov.tw/static/state.html,C1E451-2025.csv,降水量,119,mm,119,mm,直接採用該測站 CODiS 2025 年月報表欄位「降水量」作為系統測站層級資料；目前未進行鄉鎮推估。,完整
water,C1E451,象鼻,署屬自動站,苗栗縣,泰安鄉,950,120.940228,24.368617,象鼻村,2025-04,rainfall_days,中央氣象署 CODiS / 現存測站清單,https://codis.cwa.gov.tw/ ; https://hdps.cwa.gov.tw/static/state.html,C1E451-2025.csv,降水日數,14,day,14,day,直接採用該測站 CODiS 2025 年月報表欄位「降水日數」作為系統測站層級資料；目前未進行鄉鎮推估。,完整
water,C1E451,象鼻,署屬自動站,苗栗縣,泰安鄉,950,120.940228,24.368617,象鼻村,2025-04,max_daily_rainfall,中央氣象署 CODiS / 現存測站清單,https://codis.cwa.gov.tw/ ; https://hdps.cwa.gov.tw/static/state.html,C1E451-2025.csv,最大日降水量,31.5,mm,31.5,mm,直接採用該測站 CODiS 2025 年月報表欄位「最大日降水量」作為系統測站層級資料；目前未進行鄉鎮推估。,完整
water,C1E451,象鼻,署屬自動站,苗栗縣,泰安鄉,950,120.940228,24.368617,象鼻村,2025-05,rainfall,中央氣象署 CODiS / 現存測站清單,https://codis.cwa.gov.tw/ ; https://hdps.cwa.gov.tw/static/state.html,C1E451-2025.csv,降水量,253,mm,253,mm,直接採用該測站 CODiS 2025 年月報表欄位「降水量」作為系統測站層級資料；目前未進行鄉鎮推估。,完整
water,C1E451,象鼻,署屬自動站,苗栗縣,泰安鄉,950,120.940228,24.368617,象鼻村,2025-05,rainfall_days,中央氣象署 CODiS / 現存測站清單,https://codis.cwa.gov.tw/ ; https://hdps.cwa.gov.tw/static/state.html,C1E451-2025.csv,降水日數,9,day,9,day,直接採用該測站 CODiS 2025 年月報表欄位「降水日數」作為系統測站層級資料；目前未進行鄉鎮推估。,完整
water,C1E451,象鼻,署屬自動站,苗栗縣,泰安鄉,950,120.940228,24.368617,象鼻村,2025-05,max_daily_rainfall,中央氣象署 CODiS / 現存測站清單,https://codis.cwa.gov.tw/ ; https://hdps.cwa.gov.tw/static/state.html,C1E451-2025.csv,最大日降水量,92,mm,92,mm,直接採用該測站 CODiS 2025 年月報表欄位「最大日降水量」作為系統測站層級資料；目前未進行鄉鎮推估。,完整
water,C1E451,象鼻,署屬自動站,苗栗縣,泰安鄉,950,120.940228,24.368617,象鼻村,2025-06,rainfall,中央氣象署 CODiS / 現存測站清單,https://codis.cwa.gov.tw/ ; https://hdps.cwa.gov.tw/static/state.html,C1E451-2025.csv,降水量,312,mm,312,mm,直接採用該測站 CODiS 2025 年月報表欄位「降水量」作為系統測站層級資料；目前未進行鄉鎮推估。,完整
water,C1E451,象鼻,署屬自動站,苗栗縣,泰安鄉,950,120.940228,24.368617,象鼻村,2025-06,rainfall_days,中央氣象署 CODiS / 現存測站清單,https://codis.cwa.gov.tw/ ; https://hdps.cwa.gov.tw/static/state.html,C1E451-2025.csv,降水日數,18,day,18,day,直接採用該測站 CODiS 2025 年月報表欄位「降水日數」作為系統測站層級資料；目前未進行鄉鎮推估。,完整
water,C1E451,象鼻,署屬自動站,苗栗縣,泰安鄉,950,120.940228,24.368617,象鼻村,2025-06,max_daily_rainfall,中央氣象署 CODiS / 現存測站清單,https://codis.cwa.gov.tw/ ; https://hdps.cwa.gov.tw/static/state.html,C1E451-2025.csv,最大日降水量,62.5,mm,62.5,mm,直接採用該測站 CODiS 2025 年月報表欄位「最大日降水量」作為系統測站層級資料；目前未進行鄉鎮推估。,完整
water,C1E451,象鼻,署屬自動站,苗栗縣,泰安鄉,950,120.940228,24.368617,象鼻村,2025-07,rainfall,中央氣象署 CODiS / 現存測站清單,https://codis.cwa.gov.tw/ ; https://hdps.cwa.gov.tw/static/state.html,C1E451-2025.csv,降水量,623.5,mm,623.5,mm,直接採用該測站 CODiS 2025 年月報表欄位「降水量」作為系統測站層級資料；目前未進行鄉鎮推估。,完整
water,C1E451,象鼻,署屬自動站,苗栗縣,泰安鄉,950,120.940228,24.368617,象鼻村,2025-07,rainfall_days,中央氣象署 CODiS / 現存測站清單,https://codis.cwa.gov.tw/ ; https://hdps.cwa.gov.tw/static/state.html,C1E451-2025.csv,降水日數,22,day,22,day,直接採用該測站 CODiS 2025 年月報表欄位「降水日數」作為系統測站層級資料；目前未進行鄉鎮推估。,完整
water,C1E451,象鼻,署屬自動站,苗栗縣,泰安鄉,950,120.940228,24.368617,象鼻村,2025-07,max_daily_rainfall,中央氣象署 CODiS / 現存測站清單,https://codis.cwa.gov.tw/ ; https://hdps.cwa.gov.tw/static/state.html,C1E451-2025.csv,最大日降水量,149,mm,149,mm,直接採用該測站 CODiS 2025 年月報表欄位「最大日降水量」作為系統測站層級資料；目前未進行鄉鎮推估。,完整
water,C1E451,象鼻,署屬自動站,苗栗縣,泰安鄉,950,120.940228,24.368617,象鼻村,2025-08,rainfall,中央氣象署 CODiS / 現存測站清單,https://codis.cwa.gov.tw/ ; https://hdps.cwa.gov.tw/static/state.html,C1E451-2025.csv,降水量,183,mm,183,mm,直接採用該測站 CODiS 2025 年月報表欄位「降水量」作為系統測站層級資料；目前未進行鄉鎮推估。,完整
water,C1E451,象鼻,署屬自動站,苗栗縣,泰安鄉,950,120.940228,24.368617,象鼻村,2025-08,rainfall_days,中央氣象署 CODiS / 現存測站清單,https://codis.cwa.gov.tw/ ; https://hdps.cwa.gov.tw/static/state.html,C1E451-2025.csv,降水日數,16,day,16,day,直接採用該測站 CODiS 2025 年月報表欄位「降水日數」作為系統測站層級資料；目前未進行鄉鎮推估。,完整
water,C1E451,象鼻,署屬自動站,苗栗縣,泰安鄉,950,120.940228,24.368617,象鼻村,2025-08,max_daily_rainfall,中央氣象署 CODiS / 現存測站清單,https://codis.cwa.gov.tw/ ; https://hdps.cwa.gov.tw/static/state.html,C1E451-2025.csv,最大日降水量,60,mm,60,mm,直接採用該測站 CODiS 2025 年月報表欄位「最大日降水量」作為系統測站層級資料；目前未進行鄉鎮推估。,完整
water,C1E451,象鼻,署屬自動站,苗栗縣,泰安鄉,950,120.940228,24.368617,象鼻村,2025-09,rainfall,中央氣象署 CODiS / 現存測站清單,https://codis.cwa.gov.tw/ ; https://hdps.cwa.gov.tw/static/state.html,C1E451-2025.csv,降水量,268.5,mm,268.5,mm,直接採用該測站 CODiS 2025 年月報表欄位「降水量」作為系統測站層級資料；目前未進行鄉鎮推估。,完整
water,C1E451,象鼻,署屬自動站,苗栗縣,泰安鄉,950,120.940228,24.368617,象鼻村,2025-09,rainfall_days,中央氣象署 CODiS / 現存測站清單,https://codis.cwa.gov.tw/ ; https://hdps.cwa.gov.tw/static/state.html,C1E451-2025.csv,降水日數,13,day,13,day,直接採用該測站 CODiS 2025 年月報表欄位「降水日數」作為系統測站層級資料；目前未進行鄉鎮推估。,完整
water,C1E451,象鼻,署屬自動站,苗栗縣,泰安鄉,950,120.940228,24.368617,象鼻村,2025-09,max_daily_rainfall,中央氣象署 CODiS / 現存測站清單,https://codis.cwa.gov.tw/ ; https://hdps.cwa.gov.tw/static/state.html,C1E451-2025.csv,最大日降水量,76,mm,76,mm,直接採用該測站 CODiS 2025 年月報表欄位「最大日降水量」作為系統測站層級資料；目前未進行鄉鎮推估。,完整
water,C1E451,象鼻,署屬自動站,苗栗縣,泰安鄉,950,120.940228,24.368617,象鼻村,2025-10,rainfall,中央氣象署 CODiS / 現存測站清單,https://codis.cwa.gov.tw/ ; https://hdps.cwa.gov.tw/static/state.html,C1E451-2025.csv,降水量,36,mm,36,mm,直接採用該測站 CODiS 2025 年月報表欄位「降水量」作為系統測站層級資料；目前未進行鄉鎮推估。,完整
water,C1E451,象鼻,署屬自動站,苗栗縣,泰安鄉,950,120.940228,24.368617,象鼻村,2025-10,rainfall_days,中央氣象署 CODiS / 現存測站清單,https://codis.cwa.gov.tw/ ; https://hdps.cwa.gov.tw/static/state.html,C1E451-2025.csv,降水日數,3,day,3,day,直接採用該測站 CODiS 2025 年月報表欄位「降水日數」作為系統測站層級資料；目前未進行鄉鎮推估。,完整
water,C1E451,象鼻,署屬自動站,苗栗縣,泰安鄉,950,120.940228,24.368617,象鼻村,2025-10,max_daily_rainfall,中央氣象署 CODiS / 現存測站清單,https://codis.cwa.gov.tw/ ; https://hdps.cwa.gov.tw/static/state.html,C1E451-2025.csv,最大日降水量,19,mm,19,mm,直接採用該測站 CODiS 2025 年月報表欄位「最大日降水量」作為系統測站層級資料；目前未進行鄉鎮推估。,完整
water,C1E451,象鼻,署屬自動站,苗栗縣,泰安鄉,950,120.940228,24.368617,象鼻村,2025-11,rainfall,中央氣象署 CODiS / 現存測站清單,https://codis.cwa.gov.tw/ ; https://hdps.cwa.gov.tw/static/state.html,C1E451-2025.csv,降水量,7.5,mm,7.5,mm,直接採用該測站 CODiS 2025 年月報表欄位「降水量」作為系統測站層級資料；目前未進行鄉鎮推估。,完整
water,C1E451,象鼻,署屬自動站,苗栗縣,泰安鄉,950,120.940228,24.368617,象鼻村,2025-11,rainfall_days,中央氣象署 CODiS / 現存測站清單,https://codis.cwa.gov.tw/ ; https://hdps.cwa.gov.tw/static/state.html,C1E451-2025.csv,降水日數,5,day,5,day,直接採用該測站 CODiS 2025 年月報表欄位「降水日數」作為系統測站層級資料；目前未進行鄉鎮推估。,完整
water,C1E451,象鼻,署屬自動站,苗栗縣,泰安鄉,950,120.940228,24.368617,象鼻村,2025-11,max_daily_rainfall,中央氣象署 CODiS / 現存測站清單,https://codis.cwa.gov.tw/ ; https://hdps.cwa.gov.tw/static/state.html,C1E451-2025.csv,最大日降水量,4,mm,4,mm,直接採用該測站 CODiS 2025 年月報表欄位「最大日降水量」作為系統測站層級資料；目前未進行鄉鎮推估。,完整
water,C1E451,象鼻,署屬自動站,苗栗縣,泰安鄉,950,120.940228,24.368617,象鼻村,2025-12,rainfall,中央氣象署 CODiS / 現存測站清單,https://codis.cwa.gov.tw/ ; https://hdps.cwa.gov.tw/static/state.html,C1E451-2025.csv,降水量,9.5,mm,9.5,mm,直接採用該測站 CODiS 2025 年月報表欄位「降水量」作為系統測站層級資料；目前未進行鄉鎮推估。,完整
water,C1E451,象鼻,署屬自動站,苗栗縣,泰安鄉,950,120.940228,24.368617,象鼻村,2025-12,rainfall_days,中央氣象署 CODiS / 現存測站清單,https://codis.cwa.gov.tw/ ; https://hdps.cwa.gov.tw/static/state.html,C1E451-2025.csv,降水日數,3,day,3,day,直接採用該測站 CODiS 2025 年月報表欄位「降水日數」作為系統測站層級資料；目前未進行鄉鎮推估。,完整
water,C1E451,象鼻,署屬自動站,苗栗縣,泰安鄉,950,120.940228,24.368617,象鼻村,2025-12,max_daily_rainfall,中央氣象署 CODiS / 現存測站清單,https://codis.cwa.gov.tw/ ; https://hdps.cwa.gov.tw/static/state.html,C1E451-2025.csv,最大日降水量,6,mm,6,mm,直接採用該測站 CODiS 2025 年月報表欄位「最大日降水量」作為系統測站層級資料；目前未進行鄉鎮推估。,完整
water,C1E461,松安,署屬自動站,苗栗縣,泰安鄉,1325,120.986022,24.397972,雪霸國家公園二本松解說站旁,2025-01,rainfall,中央氣象署 CODiS / 現存測站清單,https://codis.cwa.gov.tw/ ; https://hdps.cwa.gov.tw/static/state.html,C1E461-2025.csv,降水量,66,mm,66,mm,直接採用該測站 CODiS 2025 年月報表欄位「降水量」作為系統測站層級資料；目前未進行鄉鎮推估。,完整
water,C1E461,松安,署屬自動站,苗栗縣,泰安鄉,1325,120.986022,24.397972,雪霸國家公園二本松解說站旁,2025-01,rainfall_days,中央氣象署 CODiS / 現存測站清單,https://codis.cwa.gov.tw/ ; https://hdps.cwa.gov.tw/static/state.html,C1E461-2025.csv,降水日數,8,day,8,day,直接採用該測站 CODiS 2025 年月報表欄位「降水日數」作為系統測站層級資料；目前未進行鄉鎮推估。,完整
water,C1E461,松安,署屬自動站,苗栗縣,泰安鄉,1325,120.986022,24.397972,雪霸國家公園二本松解說站旁,2025-01,max_daily_rainfall,中央氣象署 CODiS / 現存測站清單,https://codis.cwa.gov.tw/ ; https://hdps.cwa.gov.tw/static/state.html,C1E461-2025.csv,最大日降水量,14.5,mm,14.5,mm,直接採用該測站 CODiS 2025 年月報表欄位「最大日降水量」作為系統測站層級資料；目前未進行鄉鎮推估。,完整
water,C1E461,松安,署屬自動站,苗栗縣,泰安鄉,1325,120.986022,24.397972,雪霸國家公園二本松解說站旁,2025-02,rainfall,中央氣象署 CODiS / 現存測站清單,https://codis.cwa.gov.tw/ ; https://hdps.cwa.gov.tw/static/state.html,C1E461-2025.csv,降水量,116.5,mm,116.5,mm,直接採用該測站 CODiS 2025 年月報表欄位「降水量」作為系統測站層級資料；目前未進行鄉鎮推估。,完整
water,C1E461,松安,署屬自動站,苗栗縣,泰安鄉,1325,120.986022,24.397972,雪霸國家公園二本松解說站旁,2025-02,rainfall_days,中央氣象署 CODiS / 現存測站清單,https://codis.cwa.gov.tw/ ; https://hdps.cwa.gov.tw/static/state.html,C1E461-2025.csv,降水日數,9,day,9,day,直接採用該測站 CODiS 2025 年月報表欄位「降水日數」作為系統測站層級資料；目前未進行鄉鎮推估。,完整
water,C1E461,松安,署屬自動站,苗栗縣,泰安鄉,1325,120.986022,24.397972,雪霸國家公園二本松解說站旁,2025-02,max_daily_rainfall,中央氣象署 CODiS / 現存測站清單,https://codis.cwa.gov.tw/ ; https://hdps.cwa.gov.tw/static/state.html,C1E461-2025.csv,最大日降水量,47.5,mm,47.5,mm,直接採用該測站 CODiS 2025 年月報表欄位「最大日降水量」作為系統測站層級資料；目前未進行鄉鎮推估。,完整
water,C1E461,松安,署屬自動站,苗栗縣,泰安鄉,1325,120.986022,24.397972,雪霸國家公園二本松解說站旁,2025-03,rainfall,中央氣象署 CODiS / 現存測站清單,https://codis.cwa.gov.tw/ ; https://hdps.cwa.gov.tw/static/state.html,C1E461-2025.csv,降水量,288,mm,288,mm,直接採用該測站 CODiS 2025 年月報表欄位「降水量」作為系統測站層級資料；目前未進行鄉鎮推估。,完整
water,C1E461,松安,署屬自動站,苗栗縣,泰安鄉,1325,120.986022,24.397972,雪霸國家公園二本松解說站旁,2025-03,rainfall_days,中央氣象署 CODiS / 現存測站清單,https://codis.cwa.gov.tw/ ; https://hdps.cwa.gov.tw/static/state.html,C1E461-2025.csv,降水日數,12,day,12,day,直接採用該測站 CODiS 2025 年月報表欄位「降水日數」作為系統測站層級資料；目前未進行鄉鎮推估。,完整
water,C1E461,松安,署屬自動站,苗栗縣,泰安鄉,1325,120.986022,24.397972,雪霸國家公園二本松解說站旁,2025-03,max_daily_rainfall,中央氣象署 CODiS / 現存測站清單,https://codis.cwa.gov.tw/ ; https://hdps.cwa.gov.tw/static/state.html,C1E461-2025.csv,最大日降水量,69,mm,69,mm,直接採用該測站 CODiS 2025 年月報表欄位「最大日降水量」作為系統測站層級資料；目前未進行鄉鎮推估。,完整
water,C1E461,松安,署屬自動站,苗栗縣,泰安鄉,1325,120.986022,24.397972,雪霸國家公園二本松解說站旁,2025-04,rainfall,中央氣象署 CODiS / 現存測站清單,https://codis.cwa.gov.tw/ ; https://hdps.cwa.gov.tw/static/state.html,C1E461-2025.csv,降水量,173.5,mm,173.5,mm,直接採用該測站 CODiS 2025 年月報表欄位「降水量」作為系統測站層級資料；目前未進行鄉鎮推估。,完整
water,C1E461,松安,署屬自動站,苗栗縣,泰安鄉,1325,120.986022,24.397972,雪霸國家公園二本松解說站旁,2025-04,rainfall_days,中央氣象署 CODiS / 現存測站清單,https://codis.cwa.gov.tw/ ; https://hdps.cwa.gov.tw/static/state.html,C1E461-2025.csv,降水日數,14,day,14,day,直接採用該測站 CODiS 2025 年月報表欄位「降水日數」作為系統測站層級資料；目前未進行鄉鎮推估。,完整
water,C1E461,松安,署屬自動站,苗栗縣,泰安鄉,1325,120.986022,24.397972,雪霸國家公園二本松解說站旁,2025-04,max_daily_rainfall,中央氣象署 CODiS / 現存測站清單,https://codis.cwa.gov.tw/ ; https://hdps.cwa.gov.tw/static/state.html,C1E461-2025.csv,最大日降水量,40.5,mm,40.5,mm,直接採用該測站 CODiS 2025 年月報表欄位「最大日降水量」作為系統測站層級資料；目前未進行鄉鎮推估。,完整
water,C1E461,松安,署屬自動站,苗栗縣,泰安鄉,1325,120.986022,24.397972,雪霸國家公園二本松解說站旁,2025-05,rainfall,中央氣象署 CODiS / 現存測站清單,https://codis.cwa.gov.tw/ ; https://hdps.cwa.gov.tw/static/state.html,C1E461-2025.csv,降水量,448,mm,448,mm,直接採用該測站 CODiS 2025 年月報表欄位「降水量」作為系統測站層級資料；目前未進行鄉鎮推估。,完整
water,C1E461,松安,署屬自動站,苗栗縣,泰安鄉,1325,120.986022,24.397972,雪霸國家公園二本松解說站旁,2025-05,rainfall_days,中央氣象署 CODiS / 現存測站清單,https://codis.cwa.gov.tw/ ; https://hdps.cwa.gov.tw/static/state.html,C1E461-2025.csv,降水日數,13,day,13,day,直接採用該測站 CODiS 2025 年月報表欄位「降水日數」作為系統測站層級資料；目前未進行鄉鎮推估。,完整
water,C1E461,松安,署屬自動站,苗栗縣,泰安鄉,1325,120.986022,24.397972,雪霸國家公園二本松解說站旁,2025-05,max_daily_rainfall,中央氣象署 CODiS / 現存測站清單,https://codis.cwa.gov.tw/ ; https://hdps.cwa.gov.tw/static/state.html,C1E461-2025.csv,最大日降水量,109,mm,109,mm,直接採用該測站 CODiS 2025 年月報表欄位「最大日降水量」作為系統測站層級資料；目前未進行鄉鎮推估。,完整
water,C1E461,松安,署屬自動站,苗栗縣,泰安鄉,1325,120.986022,24.397972,雪霸國家公園二本松解說站旁,2025-06,rainfall,中央氣象署 CODiS / 現存測站清單,https://codis.cwa.gov.tw/ ; https://hdps.cwa.gov.tw/static/state.html,C1E461-2025.csv,降水量,332.5,mm,332.5,mm,直接採用該測站 CODiS 2025 年月報表欄位「降水量」作為系統測站層級資料；目前未進行鄉鎮推估。,完整
water,C1E461,松安,署屬自動站,苗栗縣,泰安鄉,1325,120.986022,24.397972,雪霸國家公園二本松解說站旁,2025-06,rainfall_days,中央氣象署 CODiS / 現存測站清單,https://codis.cwa.gov.tw/ ; https://hdps.cwa.gov.tw/static/state.html,C1E461-2025.csv,降水日數,18,day,18,day,直接採用該測站 CODiS 2025 年月報表欄位「降水日數」作為系統測站層級資料；目前未進行鄉鎮推估。,完整
water,C1E461,松安,署屬自動站,苗栗縣,泰安鄉,1325,120.986022,24.397972,雪霸國家公園二本松解說站旁,2025-06,max_daily_rainfall,中央氣象署 CODiS / 現存測站清單,https://codis.cwa.gov.tw/ ; https://hdps.cwa.gov.tw/static/state.html,C1E461-2025.csv,最大日降水量,50.5,mm,50.5,mm,直接採用該測站 CODiS 2025 年月報表欄位「最大日降水量」作為系統測站層級資料；目前未進行鄉鎮推估。,完整
water,C1E461,松安,署屬自動站,苗栗縣,泰安鄉,1325,120.986022,24.397972,雪霸國家公園二本松解說站旁,2025-07,rainfall,中央氣象署 CODiS / 現存測站清單,https://codis.cwa.gov.tw/ ; https://hdps.cwa.gov.tw/static/state.html,C1E461-2025.csv,降水量,523,mm,523,mm,直接採用該測站 CODiS 2025 年月報表欄位「降水量」作為系統測站層級資料；目前未進行鄉鎮推估。,完整
water,C1E461,松安,署屬自動站,苗栗縣,泰安鄉,1325,120.986022,24.397972,雪霸國家公園二本松解說站旁,2025-07,rainfall_days,中央氣象署 CODiS / 現存測站清單,https://codis.cwa.gov.tw/ ; https://hdps.cwa.gov.tw/static/state.html,C1E461-2025.csv,降水日數,23,day,23,day,直接採用該測站 CODiS 2025 年月報表欄位「降水日數」作為系統測站層級資料；目前未進行鄉鎮推估。,完整
water,C1E461,松安,署屬自動站,苗栗縣,泰安鄉,1325,120.986022,24.397972,雪霸國家公園二本松解說站旁,2025-07,max_daily_rainfall,中央氣象署 CODiS / 現存測站清單,https://codis.cwa.gov.tw/ ; https://hdps.cwa.gov.tw/static/state.html,C1E461-2025.csv,最大日降水量,136.5,mm,136.5,mm,直接採用該測站 CODiS 2025 年月報表欄位「最大日降水量」作為系統測站層級資料；目前未進行鄉鎮推估。,完整
water,C1E461,松安,署屬自動站,苗栗縣,泰安鄉,1325,120.986022,24.397972,雪霸國家公園二本松解說站旁,2025-08,rainfall,中央氣象署 CODiS / 現存測站清單,https://codis.cwa.gov.tw/ ; https://hdps.cwa.gov.tw/static/state.html,C1E461-2025.csv,降水量,144.5,mm,144.5,mm,直接採用該測站 CODiS 2025 年月報表欄位「降水量」作為系統測站層級資料；目前未進行鄉鎮推估。,完整
water,C1E461,松安,署屬自動站,苗栗縣,泰安鄉,1325,120.986022,24.397972,雪霸國家公園二本松解說站旁,2025-08,rainfall_days,中央氣象署 CODiS / 現存測站清單,https://codis.cwa.gov.tw/ ; https://hdps.cwa.gov.tw/static/state.html,C1E461-2025.csv,降水日數,18,day,18,day,直接採用該測站 CODiS 2025 年月報表欄位「降水日數」作為系統測站層級資料；目前未進行鄉鎮推估。,完整
water,C1E461,松安,署屬自動站,苗栗縣,泰安鄉,1325,120.986022,24.397972,雪霸國家公園二本松解說站旁,2025-08,max_daily_rainfall,中央氣象署 CODiS / 現存測站清單,https://codis.cwa.gov.tw/ ; https://hdps.cwa.gov.tw/static/state.html,C1E461-2025.csv,最大日降水量,57.5,mm,57.5,mm,直接採用該測站 CODiS 2025 年月報表欄位「最大日降水量」作為系統測站層級資料；目前未進行鄉鎮推估。,完整
water,C1E461,松安,署屬自動站,苗栗縣,泰安鄉,1325,120.986022,24.397972,雪霸國家公園二本松解說站旁,2025-09,rainfall,中央氣象署 CODiS / 現存測站清單,https://codis.cwa.gov.tw/ ; https://hdps.cwa.gov.tw/static/state.html,C1E461-2025.csv,降水量,176,mm,176,mm,直接採用該測站 CODiS 2025 年月報表欄位「降水量」作為系統測站層級資料；目前未進行鄉鎮推估。,完整
water,C1E461,松安,署屬自動站,苗栗縣,泰安鄉,1325,120.986022,24.397972,雪霸國家公園二本松解說站旁,2025-09,rainfall_days,中央氣象署 CODiS / 現存測站清單,https://codis.cwa.gov.tw/ ; https://hdps.cwa.gov.tw/static/state.html,C1E461-2025.csv,降水日數,15,day,15,day,直接採用該測站 CODiS 2025 年月報表欄位「降水日數」作為系統測站層級資料；目前未進行鄉鎮推估。,完整
water,C1E461,松安,署屬自動站,苗栗縣,泰安鄉,1325,120.986022,24.397972,雪霸國家公園二本松解說站旁,2025-09,max_daily_rainfall,中央氣象署 CODiS / 現存測站清單,https://codis.cwa.gov.tw/ ; https://hdps.cwa.gov.tw/static/state.html,C1E461-2025.csv,最大日降水量,72,mm,72,mm,直接採用該測站 CODiS 2025 年月報表欄位「最大日降水量」作為系統測站層級資料；目前未進行鄉鎮推估。,完整
water,C1E461,松安,署屬自動站,苗栗縣,泰安鄉,1325,120.986022,24.397972,雪霸國家公園二本松解說站旁,2025-10,rainfall,中央氣象署 CODiS / 現存測站清單,https://codis.cwa.gov.tw/ ; https://hdps.cwa.gov.tw/static/state.html,C1E461-2025.csv,降水量,31.5,mm,31.5,mm,直接採用該測站 CODiS 2025 年月報表欄位「降水量」作為系統測站層級資料；目前未進行鄉鎮推估。,完整
water,C1E461,松安,署屬自動站,苗栗縣,泰安鄉,1325,120.986022,24.397972,雪霸國家公園二本松解說站旁,2025-10,rainfall_days,中央氣象署 CODiS / 現存測站清單,https://codis.cwa.gov.tw/ ; https://hdps.cwa.gov.tw/static/state.html,C1E461-2025.csv,降水日數,4,day,4,day,直接採用該測站 CODiS 2025 年月報表欄位「降水日數」作為系統測站層級資料；目前未進行鄉鎮推估。,完整
water,C1E461,松安,署屬自動站,苗栗縣,泰安鄉,1325,120.986022,24.397972,雪霸國家公園二本松解說站旁,2025-10,max_daily_rainfall,中央氣象署 CODiS / 現存測站清單,https://codis.cwa.gov.tw/ ; https://hdps.cwa.gov.tw/static/state.html,C1E461-2025.csv,最大日降水量,17.5,mm,17.5,mm,直接採用該測站 CODiS 2025 年月報表欄位「最大日降水量」作為系統測站層級資料；目前未進行鄉鎮推估。,完整
water,C1E461,松安,署屬自動站,苗栗縣,泰安鄉,1325,120.986022,24.397972,雪霸國家公園二本松解說站旁,2025-11,rainfall,中央氣象署 CODiS / 現存測站清單,https://codis.cwa.gov.tw/ ; https://hdps.cwa.gov.tw/static/state.html,C1E461-2025.csv,降水量,11,mm,11,mm,直接採用該測站 CODiS 2025 年月報表欄位「降水量」作為系統測站層級資料；目前未進行鄉鎮推估。,完整
water,C1E461,松安,署屬自動站,苗栗縣,泰安鄉,1325,120.986022,24.397972,雪霸國家公園二本松解說站旁,2025-11,rainfall_days,中央氣象署 CODiS / 現存測站清單,https://codis.cwa.gov.tw/ ; https://hdps.cwa.gov.tw/static/state.html,C1E461-2025.csv,降水日數,6,day,6,day,直接採用該測站 CODiS 2025 年月報表欄位「降水日數」作為系統測站層級資料；目前未進行鄉鎮推估。,完整
water,C1E461,松安,署屬自動站,苗栗縣,泰安鄉,1325,120.986022,24.397972,雪霸國家公園二本松解說站旁,2025-11,max_daily_rainfall,中央氣象署 CODiS / 現存測站清單,https://codis.cwa.gov.tw/ ; https://hdps.cwa.gov.tw/static/state.html,C1E461-2025.csv,最大日降水量,4,mm,4,mm,直接採用該測站 CODiS 2025 年月報表欄位「最大日降水量」作為系統測站層級資料；目前未進行鄉鎮推估。,完整
water,C1E461,松安,署屬自動站,苗栗縣,泰安鄉,1325,120.986022,24.397972,雪霸國家公園二本松解說站旁,2025-12,rainfall,中央氣象署 CODiS / 現存測站清單,https://codis.cwa.gov.tw/ ; https://hdps.cwa.gov.tw/static/state.html,C1E461-2025.csv,降水量,13.5,mm,13.5,mm,直接採用該測站 CODiS 2025 年月報表欄位「降水量」作為系統測站層級資料；目前未進行鄉鎮推估。,完整
water,C1E461,松安,署屬自動站,苗栗縣,泰安鄉,1325,120.986022,24.397972,雪霸國家公園二本松解說站旁,2025-12,rainfall_days,中央氣象署 CODiS / 現存測站清單,https://codis.cwa.gov.tw/ ; https://hdps.cwa.gov.tw/static/state.html,C1E461-2025.csv,降水日數,4,day,4,day,直接採用該測站 CODiS 2025 年月報表欄位「降水日數」作為系統測站層級資料；目前未進行鄉鎮推估。,完整
water,C1E461,松安,署屬自動站,苗栗縣,泰安鄉,1325,120.986022,24.397972,雪霸國家公園二本松解說站旁,2025-12,max_daily_rainfall,中央氣象署 CODiS / 現存測站清單,https://codis.cwa.gov.tw/ ; https://hdps.cwa.gov.tw/static/state.html,C1E461-2025.csv,最大日降水量,6.5,mm,6.5,mm,直接採用該測站 CODiS 2025 年月報表欄位「最大日降水量」作為系統測站層級資料；目前未進行鄉鎮推估。,完整
water,C1E480,鳳美,署屬自動站,苗栗縣,南庄鄉,576,121.034747,24.554803,東河村24鄰石門1號(南庄往鹿場途中),2025-01,rainfall,中央氣象署 CODiS / 現存測站清單,https://codis.cwa.gov.tw/ ; https://hdps.cwa.gov.tw/static/state.html,C1E480-2025.csv,降水量,72,mm,72,mm,直接採用該測站 CODiS 2025 年月報表欄位「降水量」作為系統測站層級資料；目前未進行鄉鎮推估。,完整
water,C1E480,鳳美,署屬自動站,苗栗縣,南庄鄉,576,121.034747,24.554803,東河村24鄰石門1號(南庄往鹿場途中),2025-01,rainfall_days,中央氣象署 CODiS / 現存測站清單,https://codis.cwa.gov.tw/ ; https://hdps.cwa.gov.tw/static/state.html,C1E480-2025.csv,降水日數,10,day,10,day,直接採用該測站 CODiS 2025 年月報表欄位「降水日數」作為系統測站層級資料；目前未進行鄉鎮推估。,完整
water,C1E480,鳳美,署屬自動站,苗栗縣,南庄鄉,576,121.034747,24.554803,東河村24鄰石門1號(南庄往鹿場途中),2025-01,max_daily_rainfall,中央氣象署 CODiS / 現存測站清單,https://codis.cwa.gov.tw/ ; https://hdps.cwa.gov.tw/static/state.html,C1E480-2025.csv,最大日降水量,15,mm,15,mm,直接採用該測站 CODiS 2025 年月報表欄位「最大日降水量」作為系統測站層級資料；目前未進行鄉鎮推估。,完整
water,C1E480,鳳美,署屬自動站,苗栗縣,南庄鄉,576,121.034747,24.554803,東河村24鄰石門1號(南庄往鹿場途中),2025-02,rainfall,中央氣象署 CODiS / 現存測站清單,https://codis.cwa.gov.tw/ ; https://hdps.cwa.gov.tw/static/state.html,C1E480-2025.csv,降水量,134,mm,134,mm,直接採用該測站 CODiS 2025 年月報表欄位「降水量」作為系統測站層級資料；目前未進行鄉鎮推估。,完整
water,C1E480,鳳美,署屬自動站,苗栗縣,南庄鄉,576,121.034747,24.554803,東河村24鄰石門1號(南庄往鹿場途中),2025-02,rainfall_days,中央氣象署 CODiS / 現存測站清單,https://codis.cwa.gov.tw/ ; https://hdps.cwa.gov.tw/static/state.html,C1E480-2025.csv,降水日數,13,day,13,day,直接採用該測站 CODiS 2025 年月報表欄位「降水日數」作為系統測站層級資料；目前未進行鄉鎮推估。,完整
water,C1E480,鳳美,署屬自動站,苗栗縣,南庄鄉,576,121.034747,24.554803,東河村24鄰石門1號(南庄往鹿場途中),2025-02,max_daily_rainfall,中央氣象署 CODiS / 現存測站清單,https://codis.cwa.gov.tw/ ; https://hdps.cwa.gov.tw/static/state.html,C1E480-2025.csv,最大日降水量,49,mm,49,mm,直接採用該測站 CODiS 2025 年月報表欄位「最大日降水量」作為系統測站層級資料；目前未進行鄉鎮推估。,完整
water,C1E480,鳳美,署屬自動站,苗栗縣,南庄鄉,576,121.034747,24.554803,東河村24鄰石門1號(南庄往鹿場途中),2025-03,rainfall,中央氣象署 CODiS / 現存測站清單,https://codis.cwa.gov.tw/ ; https://hdps.cwa.gov.tw/static/state.html,C1E480-2025.csv,降水量,428,mm,428,mm,直接採用該測站 CODiS 2025 年月報表欄位「降水量」作為系統測站層級資料；目前未進行鄉鎮推估。,完整
water,C1E480,鳳美,署屬自動站,苗栗縣,南庄鄉,576,121.034747,24.554803,東河村24鄰石門1號(南庄往鹿場途中),2025-03,rainfall_days,中央氣象署 CODiS / 現存測站清單,https://codis.cwa.gov.tw/ ; https://hdps.cwa.gov.tw/static/state.html,C1E480-2025.csv,降水日數,15,day,15,day,直接採用該測站 CODiS 2025 年月報表欄位「降水日數」作為系統測站層級資料；目前未進行鄉鎮推估。,完整
water,C1E480,鳳美,署屬自動站,苗栗縣,南庄鄉,576,121.034747,24.554803,東河村24鄰石門1號(南庄往鹿場途中),2025-03,max_daily_rainfall,中央氣象署 CODiS / 現存測站清單,https://codis.cwa.gov.tw/ ; https://hdps.cwa.gov.tw/static/state.html,C1E480-2025.csv,最大日降水量,128.5,mm,128.5,mm,直接採用該測站 CODiS 2025 年月報表欄位「最大日降水量」作為系統測站層級資料；目前未進行鄉鎮推估。,完整
water,C1E480,鳳美,署屬自動站,苗栗縣,南庄鄉,576,121.034747,24.554803,東河村24鄰石門1號(南庄往鹿場途中),2025-04,rainfall,中央氣象署 CODiS / 現存測站清單,https://codis.cwa.gov.tw/ ; https://hdps.cwa.gov.tw/static/state.html,C1E480-2025.csv,降水量,235,mm,235,mm,直接採用該測站 CODiS 2025 年月報表欄位「降水量」作為系統測站層級資料；目前未進行鄉鎮推估。,完整
water,C1E480,鳳美,署屬自動站,苗栗縣,南庄鄉,576,121.034747,24.554803,東河村24鄰石門1號(南庄往鹿場途中),2025-04,rainfall_days,中央氣象署 CODiS / 現存測站清單,https://codis.cwa.gov.tw/ ; https://hdps.cwa.gov.tw/static/state.html,C1E480-2025.csv,降水日數,18,day,18,day,直接採用該測站 CODiS 2025 年月報表欄位「降水日數」作為系統測站層級資料；目前未進行鄉鎮推估。,完整
water,C1E480,鳳美,署屬自動站,苗栗縣,南庄鄉,576,121.034747,24.554803,東河村24鄰石門1號(南庄往鹿場途中),2025-04,max_daily_rainfall,中央氣象署 CODiS / 現存測站清單,https://codis.cwa.gov.tw/ ; https://hdps.cwa.gov.tw/static/state.html,C1E480-2025.csv,最大日降水量,47,mm,47,mm,直接採用該測站 CODiS 2025 年月報表欄位「最大日降水量」作為系統測站層級資料；目前未進行鄉鎮推估。,完整
water,C1E480,鳳美,署屬自動站,苗栗縣,南庄鄉,576,121.034747,24.554803,東河村24鄰石門1號(南庄往鹿場途中),2025-05,rainfall,中央氣象署 CODiS / 現存測站清單,https://codis.cwa.gov.tw/ ; https://hdps.cwa.gov.tw/static/state.html,C1E480-2025.csv,降水量,417.5,mm,417.5,mm,直接採用該測站 CODiS 2025 年月報表欄位「降水量」作為系統測站層級資料；目前未進行鄉鎮推估。,完整
water,C1E480,鳳美,署屬自動站,苗栗縣,南庄鄉,576,121.034747,24.554803,東河村24鄰石門1號(南庄往鹿場途中),2025-05,rainfall_days,中央氣象署 CODiS / 現存測站清單,https://codis.cwa.gov.tw/ ; https://hdps.cwa.gov.tw/static/state.html,C1E480-2025.csv,降水日數,14,day,14,day,直接採用該測站 CODiS 2025 年月報表欄位「降水日數」作為系統測站層級資料；目前未進行鄉鎮推估。,完整
water,C1E480,鳳美,署屬自動站,苗栗縣,南庄鄉,576,121.034747,24.554803,東河村24鄰石門1號(南庄往鹿場途中),2025-05,max_daily_rainfall,中央氣象署 CODiS / 現存測站清單,https://codis.cwa.gov.tw/ ; https://hdps.cwa.gov.tw/static/state.html,C1E480-2025.csv,最大日降水量,93,mm,93,mm,直接採用該測站 CODiS 2025 年月報表欄位「最大日降水量」作為系統測站層級資料；目前未進行鄉鎮推估。,完整
water,C1E480,鳳美,署屬自動站,苗栗縣,南庄鄉,576,121.034747,24.554803,東河村24鄰石門1號(南庄往鹿場途中),2025-06,rainfall,中央氣象署 CODiS / 現存測站清單,https://codis.cwa.gov.tw/ ; https://hdps.cwa.gov.tw/static/state.html,C1E480-2025.csv,降水量,223,mm,223,mm,直接採用該測站 CODiS 2025 年月報表欄位「降水量」作為系統測站層級資料；目前未進行鄉鎮推估。,完整
water,C1E480,鳳美,署屬自動站,苗栗縣,南庄鄉,576,121.034747,24.554803,東河村24鄰石門1號(南庄往鹿場途中),2025-06,rainfall_days,中央氣象署 CODiS / 現存測站清單,https://codis.cwa.gov.tw/ ; https://hdps.cwa.gov.tw/static/state.html,C1E480-2025.csv,降水日數,17,day,17,day,直接採用該測站 CODiS 2025 年月報表欄位「降水日數」作為系統測站層級資料；目前未進行鄉鎮推估。,完整
water,C1E480,鳳美,署屬自動站,苗栗縣,南庄鄉,576,121.034747,24.554803,東河村24鄰石門1號(南庄往鹿場途中),2025-06,max_daily_rainfall,中央氣象署 CODiS / 現存測站清單,https://codis.cwa.gov.tw/ ; https://hdps.cwa.gov.tw/static/state.html,C1E480-2025.csv,最大日降水量,48,mm,48,mm,直接採用該測站 CODiS 2025 年月報表欄位「最大日降水量」作為系統測站層級資料；目前未進行鄉鎮推估。,完整
water,C1E480,鳳美,署屬自動站,苗栗縣,南庄鄉,576,121.034747,24.554803,東河村24鄰石門1號(南庄往鹿場途中),2025-07,rainfall,中央氣象署 CODiS / 現存測站清單,https://codis.cwa.gov.tw/ ; https://hdps.cwa.gov.tw/static/state.html,C1E480-2025.csv,降水量,446.5,mm,446.5,mm,直接採用該測站 CODiS 2025 年月報表欄位「降水量」作為系統測站層級資料；目前未進行鄉鎮推估。,完整
water,C1E480,鳳美,署屬自動站,苗栗縣,南庄鄉,576,121.034747,24.554803,東河村24鄰石門1號(南庄往鹿場途中),2025-07,rainfall_days,中央氣象署 CODiS / 現存測站清單,https://codis.cwa.gov.tw/ ; https://hdps.cwa.gov.tw/static/state.html,C1E480-2025.csv,降水日數,20,day,20,day,直接採用該測站 CODiS 2025 年月報表欄位「降水日數」作為系統測站層級資料；目前未進行鄉鎮推估。,完整
water,C1E480,鳳美,署屬自動站,苗栗縣,南庄鄉,576,121.034747,24.554803,東河村24鄰石門1號(南庄往鹿場途中),2025-07,max_daily_rainfall,中央氣象署 CODiS / 現存測站清單,https://codis.cwa.gov.tw/ ; https://hdps.cwa.gov.tw/static/state.html,C1E480-2025.csv,最大日降水量,111,mm,111,mm,直接採用該測站 CODiS 2025 年月報表欄位「最大日降水量」作為系統測站層級資料；目前未進行鄉鎮推估。,完整
water,C1E480,鳳美,署屬自動站,苗栗縣,南庄鄉,576,121.034747,24.554803,東河村24鄰石門1號(南庄往鹿場途中),2025-08,rainfall,中央氣象署 CODiS / 現存測站清單,https://codis.cwa.gov.tw/ ; https://hdps.cwa.gov.tw/static/state.html,C1E480-2025.csv,降水量,148.5,mm,148.5,mm,直接採用該測站 CODiS 2025 年月報表欄位「降水量」作為系統測站層級資料；目前未進行鄉鎮推估。,完整
water,C1E480,鳳美,署屬自動站,苗栗縣,南庄鄉,576,121.034747,24.554803,東河村24鄰石門1號(南庄往鹿場途中),2025-08,rainfall_days,中央氣象署 CODiS / 現存測站清單,https://codis.cwa.gov.tw/ ; https://hdps.cwa.gov.tw/static/state.html,C1E480-2025.csv,降水日數,15,day,15,day,直接採用該測站 CODiS 2025 年月報表欄位「降水日數」作為系統測站層級資料；目前未進行鄉鎮推估。,完整
water,C1E480,鳳美,署屬自動站,苗栗縣,南庄鄉,576,121.034747,24.554803,東河村24鄰石門1號(南庄往鹿場途中),2025-08,max_daily_rainfall,中央氣象署 CODiS / 現存測站清單,https://codis.cwa.gov.tw/ ; https://hdps.cwa.gov.tw/static/state.html,C1E480-2025.csv,最大日降水量,73,mm,73,mm,直接採用該測站 CODiS 2025 年月報表欄位「最大日降水量」作為系統測站層級資料；目前未進行鄉鎮推估。,完整
water,C1E480,鳳美,署屬自動站,苗栗縣,南庄鄉,576,121.034747,24.554803,東河村24鄰石門1號(南庄往鹿場途中),2025-09,rainfall,中央氣象署 CODiS / 現存測站清單,https://codis.cwa.gov.tw/ ; https://hdps.cwa.gov.tw/static/state.html,C1E480-2025.csv,降水量,159.5,mm,159.5,mm,直接採用該測站 CODiS 2025 年月報表欄位「降水量」作為系統測站層級資料；目前未進行鄉鎮推估。,完整
water,C1E480,鳳美,署屬自動站,苗栗縣,南庄鄉,576,121.034747,24.554803,東河村24鄰石門1號(南庄往鹿場途中),2025-09,rainfall_days,中央氣象署 CODiS / 現存測站清單,https://codis.cwa.gov.tw/ ; https://hdps.cwa.gov.tw/static/state.html,C1E480-2025.csv,降水日數,17,day,17,day,直接採用該測站 CODiS 2025 年月報表欄位「降水日數」作為系統測站層級資料；目前未進行鄉鎮推估。,完整
water,C1E480,鳳美,署屬自動站,苗栗縣,南庄鄉,576,121.034747,24.554803,東河村24鄰石門1號(南庄往鹿場途中),2025-09,max_daily_rainfall,中央氣象署 CODiS / 現存測站清單,https://codis.cwa.gov.tw/ ; https://hdps.cwa.gov.tw/static/state.html,C1E480-2025.csv,最大日降水量,58,mm,58,mm,直接採用該測站 CODiS 2025 年月報表欄位「最大日降水量」作為系統測站層級資料；目前未進行鄉鎮推估。,完整
water,C1E480,鳳美,署屬自動站,苗栗縣,南庄鄉,576,121.034747,24.554803,東河村24鄰石門1號(南庄往鹿場途中),2025-10,rainfall,中央氣象署 CODiS / 現存測站清單,https://codis.cwa.gov.tw/ ; https://hdps.cwa.gov.tw/static/state.html,C1E480-2025.csv,降水量,115.5,mm,115.5,mm,直接採用該測站 CODiS 2025 年月報表欄位「降水量」作為系統測站層級資料；目前未進行鄉鎮推估。,完整
water,C1E480,鳳美,署屬自動站,苗栗縣,南庄鄉,576,121.034747,24.554803,東河村24鄰石門1號(南庄往鹿場途中),2025-10,rainfall_days,中央氣象署 CODiS / 現存測站清單,https://codis.cwa.gov.tw/ ; https://hdps.cwa.gov.tw/static/state.html,C1E480-2025.csv,降水日數,8,day,8,day,直接採用該測站 CODiS 2025 年月報表欄位「降水日數」作為系統測站層級資料；目前未進行鄉鎮推估。,完整
water,C1E480,鳳美,署屬自動站,苗栗縣,南庄鄉,576,121.034747,24.554803,東河村24鄰石門1號(南庄往鹿場途中),2025-10,max_daily_rainfall,中央氣象署 CODiS / 現存測站清單,https://codis.cwa.gov.tw/ ; https://hdps.cwa.gov.tw/static/state.html,C1E480-2025.csv,最大日降水量,53,mm,53,mm,直接採用該測站 CODiS 2025 年月報表欄位「最大日降水量」作為系統測站層級資料；目前未進行鄉鎮推估。,完整
water,C1E480,鳳美,署屬自動站,苗栗縣,南庄鄉,576,121.034747,24.554803,東河村24鄰石門1號(南庄往鹿場途中),2025-11,rainfall,中央氣象署 CODiS / 現存測站清單,https://codis.cwa.gov.tw/ ; https://hdps.cwa.gov.tw/static/state.html,C1E480-2025.csv,降水量,18,mm,18,mm,直接採用該測站 CODiS 2025 年月報表欄位「降水量」作為系統測站層級資料；目前未進行鄉鎮推估。,完整
water,C1E480,鳳美,署屬自動站,苗栗縣,南庄鄉,576,121.034747,24.554803,東河村24鄰石門1號(南庄往鹿場途中),2025-11,rainfall_days,中央氣象署 CODiS / 現存測站清單,https://codis.cwa.gov.tw/ ; https://hdps.cwa.gov.tw/static/state.html,C1E480-2025.csv,降水日數,8,day,8,day,直接採用該測站 CODiS 2025 年月報表欄位「降水日數」作為系統測站層級資料；目前未進行鄉鎮推估。,完整
water,C1E480,鳳美,署屬自動站,苗栗縣,南庄鄉,576,121.034747,24.554803,東河村24鄰石門1號(南庄往鹿場途中),2025-11,max_daily_rainfall,中央氣象署 CODiS / 現存測站清單,https://codis.cwa.gov.tw/ ; https://hdps.cwa.gov.tw/static/state.html,C1E480-2025.csv,最大日降水量,7,mm,7,mm,直接採用該測站 CODiS 2025 年月報表欄位「最大日降水量」作為系統測站層級資料；目前未進行鄉鎮推估。,完整
water,C1E480,鳳美,署屬自動站,苗栗縣,南庄鄉,576,121.034747,24.554803,東河村24鄰石門1號(南庄往鹿場途中),2025-12,rainfall,中央氣象署 CODiS / 現存測站清單,https://codis.cwa.gov.tw/ ; https://hdps.cwa.gov.tw/static/state.html,C1E480-2025.csv,降水量,15,mm,15,mm,直接採用該測站 CODiS 2025 年月報表欄位「降水量」作為系統測站層級資料；目前未進行鄉鎮推估。,完整
water,C1E480,鳳美,署屬自動站,苗栗縣,南庄鄉,576,121.034747,24.554803,東河村24鄰石門1號(南庄往鹿場途中),2025-12,rainfall_days,中央氣象署 CODiS / 現存測站清單,https://codis.cwa.gov.tw/ ; https://hdps.cwa.gov.tw/static/state.html,C1E480-2025.csv,降水日數,5,day,5,day,直接採用該測站 CODiS 2025 年月報表欄位「降水日數」作為系統測站層級資料；目前未進行鄉鎮推估。,完整
water,C1E480,鳳美,署屬自動站,苗栗縣,南庄鄉,576,121.034747,24.554803,東河村24鄰石門1號(南庄往鹿場途中),2025-12,max_daily_rainfall,中央氣象署 CODiS / 現存測站清單,https://codis.cwa.gov.tw/ ; https://hdps.cwa.gov.tw/static/state.html,C1E480-2025.csv,最大日降水量,4.5,mm,4.5,mm,直接採用該測站 CODiS 2025 年月報表欄位「最大日降水量」作為系統測站層級資料；目前未進行鄉鎮推估。,完整
water,C1E511,新開,署屬自動站,苗栗縣,大湖鄉,326,120.827019,24.347703,新開村新開4鄰20號旁,2025-01,rainfall,中央氣象署 CODiS / 現存測站清單,https://codis.cwa.gov.tw/ ; https://hdps.cwa.gov.tw/static/state.html,C1E511-2025.csv,降水量,0,mm,0,mm,直接採用該測站 CODiS 2025 年月報表欄位「降水量」作為系統測站層級資料；目前未進行鄉鎮推估。,完整
water,C1E511,新開,署屬自動站,苗栗縣,大湖鄉,326,120.827019,24.347703,新開村新開4鄰20號旁,2025-01,rainfall_days,中央氣象署 CODiS / 現存測站清單,https://codis.cwa.gov.tw/ ; https://hdps.cwa.gov.tw/static/state.html,C1E511-2025.csv,降水日數,0,day,0,day,直接採用該測站 CODiS 2025 年月報表欄位「降水日數」作為系統測站層級資料；目前未進行鄉鎮推估。,完整
water,C1E511,新開,署屬自動站,苗栗縣,大湖鄉,326,120.827019,24.347703,新開村新開4鄰20號旁,2025-01,max_daily_rainfall,中央氣象署 CODiS / 現存測站清單,https://codis.cwa.gov.tw/ ; https://hdps.cwa.gov.tw/static/state.html,C1E511-2025.csv,最大日降水量,0,mm,0,mm,直接採用該測站 CODiS 2025 年月報表欄位「最大日降水量」作為系統測站層級資料；目前未進行鄉鎮推估。,完整
water,C1E511,新開,署屬自動站,苗栗縣,大湖鄉,326,120.827019,24.347703,新開村新開4鄰20號旁,2025-02,rainfall,中央氣象署 CODiS / 現存測站清單,https://codis.cwa.gov.tw/ ; https://hdps.cwa.gov.tw/static/state.html,C1E511-2025.csv,降水量,0,mm,0,mm,直接採用該測站 CODiS 2025 年月報表欄位「降水量」作為系統測站層級資料；目前未進行鄉鎮推估。,完整
water,C1E511,新開,署屬自動站,苗栗縣,大湖鄉,326,120.827019,24.347703,新開村新開4鄰20號旁,2025-02,rainfall_days,中央氣象署 CODiS / 現存測站清單,https://codis.cwa.gov.tw/ ; https://hdps.cwa.gov.tw/static/state.html,C1E511-2025.csv,降水日數,0,day,0,day,直接採用該測站 CODiS 2025 年月報表欄位「降水日數」作為系統測站層級資料；目前未進行鄉鎮推估。,完整
water,C1E511,新開,署屬自動站,苗栗縣,大湖鄉,326,120.827019,24.347703,新開村新開4鄰20號旁,2025-02,max_daily_rainfall,中央氣象署 CODiS / 現存測站清單,https://codis.cwa.gov.tw/ ; https://hdps.cwa.gov.tw/static/state.html,C1E511-2025.csv,最大日降水量,0,mm,0,mm,直接採用該測站 CODiS 2025 年月報表欄位「最大日降水量」作為系統測站層級資料；目前未進行鄉鎮推估。,完整
water,C1E511,新開,署屬自動站,苗栗縣,大湖鄉,326,120.827019,24.347703,新開村新開4鄰20號旁,2025-03,rainfall,中央氣象署 CODiS / 現存測站清單,https://codis.cwa.gov.tw/ ; https://hdps.cwa.gov.tw/static/state.html,C1E511-2025.csv,降水量,0,mm,0,mm,直接採用該測站 CODiS 2025 年月報表欄位「降水量」作為系統測站層級資料；目前未進行鄉鎮推估。,完整
water,C1E511,新開,署屬自動站,苗栗縣,大湖鄉,326,120.827019,24.347703,新開村新開4鄰20號旁,2025-03,rainfall_days,中央氣象署 CODiS / 現存測站清單,https://codis.cwa.gov.tw/ ; https://hdps.cwa.gov.tw/static/state.html,C1E511-2025.csv,降水日數,0,day,0,day,直接採用該測站 CODiS 2025 年月報表欄位「降水日數」作為系統測站層級資料；目前未進行鄉鎮推估。,完整
water,C1E511,新開,署屬自動站,苗栗縣,大湖鄉,326,120.827019,24.347703,新開村新開4鄰20號旁,2025-03,max_daily_rainfall,中央氣象署 CODiS / 現存測站清單,https://codis.cwa.gov.tw/ ; https://hdps.cwa.gov.tw/static/state.html,C1E511-2025.csv,最大日降水量,0,mm,0,mm,直接採用該測站 CODiS 2025 年月報表欄位「最大日降水量」作為系統測站層級資料；目前未進行鄉鎮推估。,完整
water,C1E511,新開,署屬自動站,苗栗縣,大湖鄉,326,120.827019,24.347703,新開村新開4鄰20號旁,2025-04,rainfall,中央氣象署 CODiS / 現存測站清單,https://codis.cwa.gov.tw/ ; https://hdps.cwa.gov.tw/static/state.html,C1E511-2025.csv,降水量,0,mm,0,mm,直接採用該測站 CODiS 2025 年月報表欄位「降水量」作為系統測站層級資料；目前未進行鄉鎮推估。,完整
water,C1E511,新開,署屬自動站,苗栗縣,大湖鄉,326,120.827019,24.347703,新開村新開4鄰20號旁,2025-04,rainfall_days,中央氣象署 CODiS / 現存測站清單,https://codis.cwa.gov.tw/ ; https://hdps.cwa.gov.tw/static/state.html,C1E511-2025.csv,降水日數,0,day,0,day,直接採用該測站 CODiS 2025 年月報表欄位「降水日數」作為系統測站層級資料；目前未進行鄉鎮推估。,完整
water,C1E511,新開,署屬自動站,苗栗縣,大湖鄉,326,120.827019,24.347703,新開村新開4鄰20號旁,2025-04,max_daily_rainfall,中央氣象署 CODiS / 現存測站清單,https://codis.cwa.gov.tw/ ; https://hdps.cwa.gov.tw/static/state.html,C1E511-2025.csv,最大日降水量,0,mm,0,mm,直接採用該測站 CODiS 2025 年月報表欄位「最大日降水量」作為系統測站層級資料；目前未進行鄉鎮推估。,完整
water,C1E511,新開,署屬自動站,苗栗縣,大湖鄉,326,120.827019,24.347703,新開村新開4鄰20號旁,2025-05,rainfall,中央氣象署 CODiS / 現存測站清單,https://codis.cwa.gov.tw/ ; https://hdps.cwa.gov.tw/static/state.html,C1E511-2025.csv,降水量,0,mm,0,mm,直接採用該測站 CODiS 2025 年月報表欄位「降水量」作為系統測站層級資料；目前未進行鄉鎮推估。,完整
water,C1E511,新開,署屬自動站,苗栗縣,大湖鄉,326,120.827019,24.347703,新開村新開4鄰20號旁,2025-05,rainfall_days,中央氣象署 CODiS / 現存測站清單,https://codis.cwa.gov.tw/ ; https://hdps.cwa.gov.tw/static/state.html,C1E511-2025.csv,降水日數,0,day,0,day,直接採用該測站 CODiS 2025 年月報表欄位「降水日數」作為系統測站層級資料；目前未進行鄉鎮推估。,完整
water,C1E511,新開,署屬自動站,苗栗縣,大湖鄉,326,120.827019,24.347703,新開村新開4鄰20號旁,2025-05,max_daily_rainfall,中央氣象署 CODiS / 現存測站清單,https://codis.cwa.gov.tw/ ; https://hdps.cwa.gov.tw/static/state.html,C1E511-2025.csv,最大日降水量,0,mm,0,mm,直接採用該測站 CODiS 2025 年月報表欄位「最大日降水量」作為系統測站層級資料；目前未進行鄉鎮推估。,完整
water,C1E511,新開,署屬自動站,苗栗縣,大湖鄉,326,120.827019,24.347703,新開村新開4鄰20號旁,2025-06,rainfall,中央氣象署 CODiS / 現存測站清單,https://codis.cwa.gov.tw/ ; https://hdps.cwa.gov.tw/static/state.html,C1E511-2025.csv,降水量,0,mm,0,mm,直接採用該測站 CODiS 2025 年月報表欄位「降水量」作為系統測站層級資料；目前未進行鄉鎮推估。,完整
water,C1E511,新開,署屬自動站,苗栗縣,大湖鄉,326,120.827019,24.347703,新開村新開4鄰20號旁,2025-06,rainfall_days,中央氣象署 CODiS / 現存測站清單,https://codis.cwa.gov.tw/ ; https://hdps.cwa.gov.tw/static/state.html,C1E511-2025.csv,降水日數,0,day,0,day,直接採用該測站 CODiS 2025 年月報表欄位「降水日數」作為系統測站層級資料；目前未進行鄉鎮推估。,完整
water,C1E511,新開,署屬自動站,苗栗縣,大湖鄉,326,120.827019,24.347703,新開村新開4鄰20號旁,2025-06,max_daily_rainfall,中央氣象署 CODiS / 現存測站清單,https://codis.cwa.gov.tw/ ; https://hdps.cwa.gov.tw/static/state.html,C1E511-2025.csv,最大日降水量,0,mm,0,mm,直接採用該測站 CODiS 2025 年月報表欄位「最大日降水量」作為系統測站層級資料；目前未進行鄉鎮推估。,完整
water,C1E511,新開,署屬自動站,苗栗縣,大湖鄉,326,120.827019,24.347703,新開村新開4鄰20號旁,2025-07,rainfall,中央氣象署 CODiS / 現存測站清單,https://codis.cwa.gov.tw/ ; https://hdps.cwa.gov.tw/static/state.html,C1E511-2025.csv,降水量,404,mm,404,mm,直接採用該測站 CODiS 2025 年月報表欄位「降水量」作為系統測站層級資料；目前未進行鄉鎮推估。,完整
water,C1E511,新開,署屬自動站,苗栗縣,大湖鄉,326,120.827019,24.347703,新開村新開4鄰20號旁,2025-07,rainfall_days,中央氣象署 CODiS / 現存測站清單,https://codis.cwa.gov.tw/ ; https://hdps.cwa.gov.tw/static/state.html,C1E511-2025.csv,降水日數,14,day,14,day,直接採用該測站 CODiS 2025 年月報表欄位「降水日數」作為系統測站層級資料；目前未進行鄉鎮推估。,完整
water,C1E511,新開,署屬自動站,苗栗縣,大湖鄉,326,120.827019,24.347703,新開村新開4鄰20號旁,2025-07,max_daily_rainfall,中央氣象署 CODiS / 現存測站清單,https://codis.cwa.gov.tw/ ; https://hdps.cwa.gov.tw/static/state.html,C1E511-2025.csv,最大日降水量,101,mm,101,mm,直接採用該測站 CODiS 2025 年月報表欄位「最大日降水量」作為系統測站層級資料；目前未進行鄉鎮推估。,完整
water,C1E511,新開,署屬自動站,苗栗縣,大湖鄉,326,120.827019,24.347703,新開村新開4鄰20號旁,2025-08,rainfall,中央氣象署 CODiS / 現存測站清單,https://codis.cwa.gov.tw/ ; https://hdps.cwa.gov.tw/static/state.html,C1E511-2025.csv,降水量,335.5,mm,335.5,mm,直接採用該測站 CODiS 2025 年月報表欄位「降水量」作為系統測站層級資料；目前未進行鄉鎮推估。,完整
water,C1E511,新開,署屬自動站,苗栗縣,大湖鄉,326,120.827019,24.347703,新開村新開4鄰20號旁,2025-08,rainfall_days,中央氣象署 CODiS / 現存測站清單,https://codis.cwa.gov.tw/ ; https://hdps.cwa.gov.tw/static/state.html,C1E511-2025.csv,降水日數,11,day,11,day,直接採用該測站 CODiS 2025 年月報表欄位「降水日數」作為系統測站層級資料；目前未進行鄉鎮推估。,完整
water,C1E511,新開,署屬自動站,苗栗縣,大湖鄉,326,120.827019,24.347703,新開村新開4鄰20號旁,2025-08,max_daily_rainfall,中央氣象署 CODiS / 現存測站清單,https://codis.cwa.gov.tw/ ; https://hdps.cwa.gov.tw/static/state.html,C1E511-2025.csv,最大日降水量,93.5,mm,93.5,mm,直接採用該測站 CODiS 2025 年月報表欄位「最大日降水量」作為系統測站層級資料；目前未進行鄉鎮推估。,完整
water,C1E511,新開,署屬自動站,苗栗縣,大湖鄉,326,120.827019,24.347703,新開村新開4鄰20號旁,2025-09,rainfall,中央氣象署 CODiS / 現存測站清單,https://codis.cwa.gov.tw/ ; https://hdps.cwa.gov.tw/static/state.html,C1E511-2025.csv,降水量,293.5,mm,293.5,mm,直接採用該測站 CODiS 2025 年月報表欄位「降水量」作為系統測站層級資料；目前未進行鄉鎮推估。,完整
water,C1E511,新開,署屬自動站,苗栗縣,大湖鄉,326,120.827019,24.347703,新開村新開4鄰20號旁,2025-09,rainfall_days,中央氣象署 CODiS / 現存測站清單,https://codis.cwa.gov.tw/ ; https://hdps.cwa.gov.tw/static/state.html,C1E511-2025.csv,降水日數,13,day,13,day,直接採用該測站 CODiS 2025 年月報表欄位「降水日數」作為系統測站層級資料；目前未進行鄉鎮推估。,完整
water,C1E511,新開,署屬自動站,苗栗縣,大湖鄉,326,120.827019,24.347703,新開村新開4鄰20號旁,2025-09,max_daily_rainfall,中央氣象署 CODiS / 現存測站清單,https://codis.cwa.gov.tw/ ; https://hdps.cwa.gov.tw/static/state.html,C1E511-2025.csv,最大日降水量,155.5,mm,155.5,mm,直接採用該測站 CODiS 2025 年月報表欄位「最大日降水量」作為系統測站層級資料；目前未進行鄉鎮推估。,完整
water,C1E511,新開,署屬自動站,苗栗縣,大湖鄉,326,120.827019,24.347703,新開村新開4鄰20號旁,2025-10,rainfall,中央氣象署 CODiS / 現存測站清單,https://codis.cwa.gov.tw/ ; https://hdps.cwa.gov.tw/static/state.html,C1E511-2025.csv,降水量,20.5,mm,20.5,mm,直接採用該測站 CODiS 2025 年月報表欄位「降水量」作為系統測站層級資料；目前未進行鄉鎮推估。,完整
water,C1E511,新開,署屬自動站,苗栗縣,大湖鄉,326,120.827019,24.347703,新開村新開4鄰20號旁,2025-10,rainfall_days,中央氣象署 CODiS / 現存測站清單,https://codis.cwa.gov.tw/ ; https://hdps.cwa.gov.tw/static/state.html,C1E511-2025.csv,降水日數,2,day,2,day,直接採用該測站 CODiS 2025 年月報表欄位「降水日數」作為系統測站層級資料；目前未進行鄉鎮推估。,完整
water,C1E511,新開,署屬自動站,苗栗縣,大湖鄉,326,120.827019,24.347703,新開村新開4鄰20號旁,2025-10,max_daily_rainfall,中央氣象署 CODiS / 現存測站清單,https://codis.cwa.gov.tw/ ; https://hdps.cwa.gov.tw/static/state.html,C1E511-2025.csv,最大日降水量,10.5,mm,10.5,mm,直接採用該測站 CODiS 2025 年月報表欄位「最大日降水量」作為系統測站層級資料；目前未進行鄉鎮推估。,完整
water,C1E511,新開,署屬自動站,苗栗縣,大湖鄉,326,120.827019,24.347703,新開村新開4鄰20號旁,2025-11,rainfall,中央氣象署 CODiS / 現存測站清單,https://codis.cwa.gov.tw/ ; https://hdps.cwa.gov.tw/static/state.html,C1E511-2025.csv,降水量,4.5,mm,4.5,mm,直接採用該測站 CODiS 2025 年月報表欄位「降水量」作為系統測站層級資料；目前未進行鄉鎮推估。,完整
water,C1E511,新開,署屬自動站,苗栗縣,大湖鄉,326,120.827019,24.347703,新開村新開4鄰20號旁,2025-11,rainfall_days,中央氣象署 CODiS / 現存測站清單,https://codis.cwa.gov.tw/ ; https://hdps.cwa.gov.tw/static/state.html,C1E511-2025.csv,降水日數,5,day,5,day,直接採用該測站 CODiS 2025 年月報表欄位「降水日數」作為系統測站層級資料；目前未進行鄉鎮推估。,完整
water,C1E511,新開,署屬自動站,苗栗縣,大湖鄉,326,120.827019,24.347703,新開村新開4鄰20號旁,2025-11,max_daily_rainfall,中央氣象署 CODiS / 現存測站清單,https://codis.cwa.gov.tw/ ; https://hdps.cwa.gov.tw/static/state.html,C1E511-2025.csv,最大日降水量,2,mm,2,mm,直接採用該測站 CODiS 2025 年月報表欄位「最大日降水量」作為系統測站層級資料；目前未進行鄉鎮推估。,完整
water,C1E511,新開,署屬自動站,苗栗縣,大湖鄉,326,120.827019,24.347703,新開村新開4鄰20號旁,2025-12,rainfall,中央氣象署 CODiS / 現存測站清單,https://codis.cwa.gov.tw/ ; https://hdps.cwa.gov.tw/static/state.html,C1E511-2025.csv,降水量,5,mm,5,mm,直接採用該測站 CODiS 2025 年月報表欄位「降水量」作為系統測站層級資料；目前未進行鄉鎮推估。,完整
water,C1E511,新開,署屬自動站,苗栗縣,大湖鄉,326,120.827019,24.347703,新開村新開4鄰20號旁,2025-12,rainfall_days,中央氣象署 CODiS / 現存測站清單,https://codis.cwa.gov.tw/ ; https://hdps.cwa.gov.tw/static/state.html,C1E511-2025.csv,降水日數,3,day,3,day,直接採用該測站 CODiS 2025 年月報表欄位「降水日數」作為系統測站層級資料；目前未進行鄉鎮推估。,完整
water,C1E511,新開,署屬自動站,苗栗縣,大湖鄉,326,120.827019,24.347703,新開村新開4鄰20號旁,2025-12,max_daily_rainfall,中央氣象署 CODiS / 現存測站清單,https://codis.cwa.gov.tw/ ; https://hdps.cwa.gov.tw/static/state.html,C1E511-2025.csv,最大日降水量,2.5,mm,2.5,mm,直接採用該測站 CODiS 2025 年月報表欄位「最大日降水量」作為系統測站層級資料；目前未進行鄉鎮推估。,完整
water,C1E601,南勢,署屬自動站,苗栗縣,後龍鎮,125,120.734842,24.572486,南港里南勢山,2025-01,rainfall,中央氣象署 CODiS / 現存測站清單,https://codis.cwa.gov.tw/ ; https://hdps.cwa.gov.tw/static/state.html,C1E601-2025.csv,降水量,19.5,mm,19.5,mm,直接採用該測站 CODiS 2025 年月報表欄位「降水量」作為系統測站層級資料；目前未進行鄉鎮推估。,完整
water,C1E601,南勢,署屬自動站,苗栗縣,後龍鎮,125,120.734842,24.572486,南港里南勢山,2025-01,rainfall_days,中央氣象署 CODiS / 現存測站清單,https://codis.cwa.gov.tw/ ; https://hdps.cwa.gov.tw/static/state.html,C1E601-2025.csv,降水日數,9,day,9,day,直接採用該測站 CODiS 2025 年月報表欄位「降水日數」作為系統測站層級資料；目前未進行鄉鎮推估。,完整
water,C1E601,南勢,署屬自動站,苗栗縣,後龍鎮,125,120.734842,24.572486,南港里南勢山,2025-01,max_daily_rainfall,中央氣象署 CODiS / 現存測站清單,https://codis.cwa.gov.tw/ ; https://hdps.cwa.gov.tw/static/state.html,C1E601-2025.csv,最大日降水量,5.5,mm,5.5,mm,直接採用該測站 CODiS 2025 年月報表欄位「最大日降水量」作為系統測站層級資料；目前未進行鄉鎮推估。,完整
water,C1E601,南勢,署屬自動站,苗栗縣,後龍鎮,125,120.734842,24.572486,南港里南勢山,2025-02,rainfall,中央氣象署 CODiS / 現存測站清單,https://codis.cwa.gov.tw/ ; https://hdps.cwa.gov.tw/static/state.html,C1E601-2025.csv,降水量,52.5,mm,52.5,mm,直接採用該測站 CODiS 2025 年月報表欄位「降水量」作為系統測站層級資料；目前未進行鄉鎮推估。,完整
water,C1E601,南勢,署屬自動站,苗栗縣,後龍鎮,125,120.734842,24.572486,南港里南勢山,2025-02,rainfall_days,中央氣象署 CODiS / 現存測站清單,https://codis.cwa.gov.tw/ ; https://hdps.cwa.gov.tw/static/state.html,C1E601-2025.csv,降水日數,7,day,7,day,直接採用該測站 CODiS 2025 年月報表欄位「降水日數」作為系統測站層級資料；目前未進行鄉鎮推估。,完整
water,C1E601,南勢,署屬自動站,苗栗縣,後龍鎮,125,120.734842,24.572486,南港里南勢山,2025-02,max_daily_rainfall,中央氣象署 CODiS / 現存測站清單,https://codis.cwa.gov.tw/ ; https://hdps.cwa.gov.tw/static/state.html,C1E601-2025.csv,最大日降水量,27,mm,27,mm,直接採用該測站 CODiS 2025 年月報表欄位「最大日降水量」作為系統測站層級資料；目前未進行鄉鎮推估。,完整
water,C1E601,南勢,署屬自動站,苗栗縣,後龍鎮,125,120.734842,24.572486,南港里南勢山,2025-03,rainfall,中央氣象署 CODiS / 現存測站清單,https://codis.cwa.gov.tw/ ; https://hdps.cwa.gov.tw/static/state.html,C1E601-2025.csv,降水量,229,mm,229,mm,直接採用該測站 CODiS 2025 年月報表欄位「降水量」作為系統測站層級資料；目前未進行鄉鎮推估。,完整
water,C1E601,南勢,署屬自動站,苗栗縣,後龍鎮,125,120.734842,24.572486,南港里南勢山,2025-03,rainfall_days,中央氣象署 CODiS / 現存測站清單,https://codis.cwa.gov.tw/ ; https://hdps.cwa.gov.tw/static/state.html,C1E601-2025.csv,降水日數,11,day,11,day,直接採用該測站 CODiS 2025 年月報表欄位「降水日數」作為系統測站層級資料；目前未進行鄉鎮推估。,完整
water,C1E601,南勢,署屬自動站,苗栗縣,後龍鎮,125,120.734842,24.572486,南港里南勢山,2025-03,max_daily_rainfall,中央氣象署 CODiS / 現存測站清單,https://codis.cwa.gov.tw/ ; https://hdps.cwa.gov.tw/static/state.html,C1E601-2025.csv,最大日降水量,65.5,mm,65.5,mm,直接採用該測站 CODiS 2025 年月報表欄位「最大日降水量」作為系統測站層級資料；目前未進行鄉鎮推估。,完整
water,C1E601,南勢,署屬自動站,苗栗縣,後龍鎮,125,120.734842,24.572486,南港里南勢山,2025-04,rainfall,中央氣象署 CODiS / 現存測站清單,https://codis.cwa.gov.tw/ ; https://hdps.cwa.gov.tw/static/state.html,C1E601-2025.csv,降水量,139,mm,139,mm,直接採用該測站 CODiS 2025 年月報表欄位「降水量」作為系統測站層級資料；目前未進行鄉鎮推估。,完整
water,C1E601,南勢,署屬自動站,苗栗縣,後龍鎮,125,120.734842,24.572486,南港里南勢山,2025-04,rainfall_days,中央氣象署 CODiS / 現存測站清單,https://codis.cwa.gov.tw/ ; https://hdps.cwa.gov.tw/static/state.html,C1E601-2025.csv,降水日數,13,day,13,day,直接採用該測站 CODiS 2025 年月報表欄位「降水日數」作為系統測站層級資料；目前未進行鄉鎮推估。,完整
water,C1E601,南勢,署屬自動站,苗栗縣,後龍鎮,125,120.734842,24.572486,南港里南勢山,2025-04,max_daily_rainfall,中央氣象署 CODiS / 現存測站清單,https://codis.cwa.gov.tw/ ; https://hdps.cwa.gov.tw/static/state.html,C1E601-2025.csv,最大日降水量,51,mm,51,mm,直接採用該測站 CODiS 2025 年月報表欄位「最大日降水量」作為系統測站層級資料；目前未進行鄉鎮推估。,完整
water,C1E601,南勢,署屬自動站,苗栗縣,後龍鎮,125,120.734842,24.572486,南港里南勢山,2025-05,rainfall,中央氣象署 CODiS / 現存測站清單,https://codis.cwa.gov.tw/ ; https://hdps.cwa.gov.tw/static/state.html,C1E601-2025.csv,降水量,268,mm,268,mm,直接採用該測站 CODiS 2025 年月報表欄位「降水量」作為系統測站層級資料；目前未進行鄉鎮推估。,完整
water,C1E601,南勢,署屬自動站,苗栗縣,後龍鎮,125,120.734842,24.572486,南港里南勢山,2025-05,rainfall_days,中央氣象署 CODiS / 現存測站清單,https://codis.cwa.gov.tw/ ; https://hdps.cwa.gov.tw/static/state.html,C1E601-2025.csv,降水日數,10,day,10,day,直接採用該測站 CODiS 2025 年月報表欄位「降水日數」作為系統測站層級資料；目前未進行鄉鎮推估。,完整
water,C1E601,南勢,署屬自動站,苗栗縣,後龍鎮,125,120.734842,24.572486,南港里南勢山,2025-05,max_daily_rainfall,中央氣象署 CODiS / 現存測站清單,https://codis.cwa.gov.tw/ ; https://hdps.cwa.gov.tw/static/state.html,C1E601-2025.csv,最大日降水量,72.5,mm,72.5,mm,直接採用該測站 CODiS 2025 年月報表欄位「最大日降水量」作為系統測站層級資料；目前未進行鄉鎮推估。,完整
water,C1E601,南勢,署屬自動站,苗栗縣,後龍鎮,125,120.734842,24.572486,南港里南勢山,2025-06,rainfall,中央氣象署 CODiS / 現存測站清單,https://codis.cwa.gov.tw/ ; https://hdps.cwa.gov.tw/static/state.html,C1E601-2025.csv,降水量,73.5,mm,73.5,mm,直接採用該測站 CODiS 2025 年月報表欄位「降水量」作為系統測站層級資料；目前未進行鄉鎮推估。,完整
water,C1E601,南勢,署屬自動站,苗栗縣,後龍鎮,125,120.734842,24.572486,南港里南勢山,2025-06,rainfall_days,中央氣象署 CODiS / 現存測站清單,https://codis.cwa.gov.tw/ ; https://hdps.cwa.gov.tw/static/state.html,C1E601-2025.csv,降水日數,10,day,10,day,直接採用該測站 CODiS 2025 年月報表欄位「降水日數」作為系統測站層級資料；目前未進行鄉鎮推估。,完整
water,C1E601,南勢,署屬自動站,苗栗縣,後龍鎮,125,120.734842,24.572486,南港里南勢山,2025-06,max_daily_rainfall,中央氣象署 CODiS / 現存測站清單,https://codis.cwa.gov.tw/ ; https://hdps.cwa.gov.tw/static/state.html,C1E601-2025.csv,最大日降水量,14.5,mm,14.5,mm,直接採用該測站 CODiS 2025 年月報表欄位「最大日降水量」作為系統測站層級資料；目前未進行鄉鎮推估。,完整
water,C1E601,南勢,署屬自動站,苗栗縣,後龍鎮,125,120.734842,24.572486,南港里南勢山,2025-07,rainfall,中央氣象署 CODiS / 現存測站清單,https://codis.cwa.gov.tw/ ; https://hdps.cwa.gov.tw/static/state.html,C1E601-2025.csv,降水量,605.5,mm,605.5,mm,直接採用該測站 CODiS 2025 年月報表欄位「降水量」作為系統測站層級資料；目前未進行鄉鎮推估。,完整
water,C1E601,南勢,署屬自動站,苗栗縣,後龍鎮,125,120.734842,24.572486,南港里南勢山,2025-07,rainfall_days,中央氣象署 CODiS / 現存測站清單,https://codis.cwa.gov.tw/ ; https://hdps.cwa.gov.tw/static/state.html,C1E601-2025.csv,降水日數,17,day,17,day,直接採用該測站 CODiS 2025 年月報表欄位「降水日數」作為系統測站層級資料；目前未進行鄉鎮推估。,完整
water,C1E601,南勢,署屬自動站,苗栗縣,後龍鎮,125,120.734842,24.572486,南港里南勢山,2025-07,max_daily_rainfall,中央氣象署 CODiS / 現存測站清單,https://codis.cwa.gov.tw/ ; https://hdps.cwa.gov.tw/static/state.html,C1E601-2025.csv,最大日降水量,297.5,mm,297.5,mm,直接採用該測站 CODiS 2025 年月報表欄位「最大日降水量」作為系統測站層級資料；目前未進行鄉鎮推估。,完整
water,C1E601,南勢,署屬自動站,苗栗縣,後龍鎮,125,120.734842,24.572486,南港里南勢山,2025-08,rainfall,中央氣象署 CODiS / 現存測站清單,https://codis.cwa.gov.tw/ ; https://hdps.cwa.gov.tw/static/state.html,C1E601-2025.csv,降水量,51.5,mm,51.5,mm,直接採用該測站 CODiS 2025 年月報表欄位「降水量」作為系統測站層級資料；目前未進行鄉鎮推估。,完整
water,C1E601,南勢,署屬自動站,苗栗縣,後龍鎮,125,120.734842,24.572486,南港里南勢山,2025-08,rainfall_days,中央氣象署 CODiS / 現存測站清單,https://codis.cwa.gov.tw/ ; https://hdps.cwa.gov.tw/static/state.html,C1E601-2025.csv,降水日數,7,day,7,day,直接採用該測站 CODiS 2025 年月報表欄位「降水日數」作為系統測站層級資料；目前未進行鄉鎮推估。,完整
water,C1E601,南勢,署屬自動站,苗栗縣,後龍鎮,125,120.734842,24.572486,南港里南勢山,2025-08,max_daily_rainfall,中央氣象署 CODiS / 現存測站清單,https://codis.cwa.gov.tw/ ; https://hdps.cwa.gov.tw/static/state.html,C1E601-2025.csv,最大日降水量,16,mm,16,mm,直接採用該測站 CODiS 2025 年月報表欄位「最大日降水量」作為系統測站層級資料；目前未進行鄉鎮推估。,完整
water,C1E601,南勢,署屬自動站,苗栗縣,後龍鎮,125,120.734842,24.572486,南港里南勢山,2025-09,rainfall,中央氣象署 CODiS / 現存測站清單,https://codis.cwa.gov.tw/ ; https://hdps.cwa.gov.tw/static/state.html,C1E601-2025.csv,降水量,70.5,mm,70.5,mm,直接採用該測站 CODiS 2025 年月報表欄位「降水量」作為系統測站層級資料；目前未進行鄉鎮推估。,完整
water,C1E601,南勢,署屬自動站,苗栗縣,後龍鎮,125,120.734842,24.572486,南港里南勢山,2025-09,rainfall_days,中央氣象署 CODiS / 現存測站清單,https://codis.cwa.gov.tw/ ; https://hdps.cwa.gov.tw/static/state.html,C1E601-2025.csv,降水日數,6,day,6,day,直接採用該測站 CODiS 2025 年月報表欄位「降水日數」作為系統測站層級資料；目前未進行鄉鎮推估。,完整
water,C1E601,南勢,署屬自動站,苗栗縣,後龍鎮,125,120.734842,24.572486,南港里南勢山,2025-09,max_daily_rainfall,中央氣象署 CODiS / 現存測站清單,https://codis.cwa.gov.tw/ ; https://hdps.cwa.gov.tw/static/state.html,C1E601-2025.csv,最大日降水量,41.5,mm,41.5,mm,直接採用該測站 CODiS 2025 年月報表欄位「最大日降水量」作為系統測站層級資料；目前未進行鄉鎮推估。,完整
water,C1E601,南勢,署屬自動站,苗栗縣,後龍鎮,125,120.734842,24.572486,南港里南勢山,2025-10,rainfall,中央氣象署 CODiS / 現存測站清單,https://codis.cwa.gov.tw/ ; https://hdps.cwa.gov.tw/static/state.html,C1E601-2025.csv,降水量,29.5,mm,29.5,mm,直接採用該測站 CODiS 2025 年月報表欄位「降水量」作為系統測站層級資料；目前未進行鄉鎮推估。,完整
water,C1E601,南勢,署屬自動站,苗栗縣,後龍鎮,125,120.734842,24.572486,南港里南勢山,2025-10,rainfall_days,中央氣象署 CODiS / 現存測站清單,https://codis.cwa.gov.tw/ ; https://hdps.cwa.gov.tw/static/state.html,C1E601-2025.csv,降水日數,5,day,5,day,直接採用該測站 CODiS 2025 年月報表欄位「降水日數」作為系統測站層級資料；目前未進行鄉鎮推估。,完整
water,C1E601,南勢,署屬自動站,苗栗縣,後龍鎮,125,120.734842,24.572486,南港里南勢山,2025-10,max_daily_rainfall,中央氣象署 CODiS / 現存測站清單,https://codis.cwa.gov.tw/ ; https://hdps.cwa.gov.tw/static/state.html,C1E601-2025.csv,最大日降水量,12,mm,12,mm,直接採用該測站 CODiS 2025 年月報表欄位「最大日降水量」作為系統測站層級資料；目前未進行鄉鎮推估。,完整
water,C1E601,南勢,署屬自動站,苗栗縣,後龍鎮,125,120.734842,24.572486,南港里南勢山,2025-11,rainfall,中央氣象署 CODiS / 現存測站清單,https://codis.cwa.gov.tw/ ; https://hdps.cwa.gov.tw/static/state.html,C1E601-2025.csv,降水量,27.5,mm,27.5,mm,直接採用該測站 CODiS 2025 年月報表欄位「降水量」作為系統測站層級資料；目前未進行鄉鎮推估。,完整
water,C1E601,南勢,署屬自動站,苗栗縣,後龍鎮,125,120.734842,24.572486,南港里南勢山,2025-11,rainfall_days,中央氣象署 CODiS / 現存測站清單,https://codis.cwa.gov.tw/ ; https://hdps.cwa.gov.tw/static/state.html,C1E601-2025.csv,降水日數,4,day,4,day,直接採用該測站 CODiS 2025 年月報表欄位「降水日數」作為系統測站層級資料；目前未進行鄉鎮推估。,完整
water,C1E601,南勢,署屬自動站,苗栗縣,後龍鎮,125,120.734842,24.572486,南港里南勢山,2025-11,max_daily_rainfall,中央氣象署 CODiS / 現存測站清單,https://codis.cwa.gov.tw/ ; https://hdps.cwa.gov.tw/static/state.html,C1E601-2025.csv,最大日降水量,14,mm,14,mm,直接採用該測站 CODiS 2025 年月報表欄位「最大日降水量」作為系統測站層級資料；目前未進行鄉鎮推估。,完整
water,C1E601,南勢,署屬自動站,苗栗縣,後龍鎮,125,120.734842,24.572486,南港里南勢山,2025-12,rainfall,中央氣象署 CODiS / 現存測站清單,https://codis.cwa.gov.tw/ ; https://hdps.cwa.gov.tw/static/state.html,C1E601-2025.csv,降水量,1.5,mm,1.5,mm,直接採用該測站 CODiS 2025 年月報表欄位「降水量」作為系統測站層級資料；目前未進行鄉鎮推估。,完整
water,C1E601,南勢,署屬自動站,苗栗縣,後龍鎮,125,120.734842,24.572486,南港里南勢山,2025-12,rainfall_days,中央氣象署 CODiS / 現存測站清單,https://codis.cwa.gov.tw/ ; https://hdps.cwa.gov.tw/static/state.html,C1E601-2025.csv,降水日數,3,day,3,day,直接採用該測站 CODiS 2025 年月報表欄位「降水日數」作為系統測站層級資料；目前未進行鄉鎮推估。,完整
water,C1E601,南勢,署屬自動站,苗栗縣,後龍鎮,125,120.734842,24.572486,南港里南勢山,2025-12,max_daily_rainfall,中央氣象署 CODiS / 現存測站清單,https://codis.cwa.gov.tw/ ; https://hdps.cwa.gov.tw/static/state.html,C1E601-2025.csv,最大日降水量,0.5,mm,0.5,mm,直接採用該測站 CODiS 2025 年月報表欄位「最大日降水量」作為系統測站層級資料；目前未進行鄉鎮推估。,完整
water,C1E670,南礦,署屬自動站,苗栗縣,南庄鄉,1209,121.002836,24.538278,蓬萊林道末端(南庄事業區18林班地),2025-01,rainfall,中央氣象署 CODiS / 現存測站清單,https://codis.cwa.gov.tw/ ; https://hdps.cwa.gov.tw/static/state.html,C1E670-2025.csv,降水量,70,mm,70,mm,直接採用該測站 CODiS 2025 年月報表欄位「降水量」作為系統測站層級資料；目前未進行鄉鎮推估。,完整
water,C1E670,南礦,署屬自動站,苗栗縣,南庄鄉,1209,121.002836,24.538278,蓬萊林道末端(南庄事業區18林班地),2025-01,rainfall_days,中央氣象署 CODiS / 現存測站清單,https://codis.cwa.gov.tw/ ; https://hdps.cwa.gov.tw/static/state.html,C1E670-2025.csv,降水日數,10,day,10,day,直接採用該測站 CODiS 2025 年月報表欄位「降水日數」作為系統測站層級資料；目前未進行鄉鎮推估。,完整
water,C1E670,南礦,署屬自動站,苗栗縣,南庄鄉,1209,121.002836,24.538278,蓬萊林道末端(南庄事業區18林班地),2025-01,max_daily_rainfall,中央氣象署 CODiS / 現存測站清單,https://codis.cwa.gov.tw/ ; https://hdps.cwa.gov.tw/static/state.html,C1E670-2025.csv,最大日降水量,15,mm,15,mm,直接採用該測站 CODiS 2025 年月報表欄位「最大日降水量」作為系統測站層級資料；目前未進行鄉鎮推估。,完整
water,C1E670,南礦,署屬自動站,苗栗縣,南庄鄉,1209,121.002836,24.538278,蓬萊林道末端(南庄事業區18林班地),2025-02,rainfall,中央氣象署 CODiS / 現存測站清單,https://codis.cwa.gov.tw/ ; https://hdps.cwa.gov.tw/static/state.html,C1E670-2025.csv,降水量,134,mm,134,mm,直接採用該測站 CODiS 2025 年月報表欄位「降水量」作為系統測站層級資料；目前未進行鄉鎮推估。,完整
water,C1E670,南礦,署屬自動站,苗栗縣,南庄鄉,1209,121.002836,24.538278,蓬萊林道末端(南庄事業區18林班地),2025-02,rainfall_days,中央氣象署 CODiS / 現存測站清單,https://codis.cwa.gov.tw/ ; https://hdps.cwa.gov.tw/static/state.html,C1E670-2025.csv,降水日數,11,day,11,day,直接採用該測站 CODiS 2025 年月報表欄位「降水日數」作為系統測站層級資料；目前未進行鄉鎮推估。,完整
water,C1E670,南礦,署屬自動站,苗栗縣,南庄鄉,1209,121.002836,24.538278,蓬萊林道末端(南庄事業區18林班地),2025-02,max_daily_rainfall,中央氣象署 CODiS / 現存測站清單,https://codis.cwa.gov.tw/ ; https://hdps.cwa.gov.tw/static/state.html,C1E670-2025.csv,最大日降水量,49.5,mm,49.5,mm,直接採用該測站 CODiS 2025 年月報表欄位「最大日降水量」作為系統測站層級資料；目前未進行鄉鎮推估。,完整
water,C1E670,南礦,署屬自動站,苗栗縣,南庄鄉,1209,121.002836,24.538278,蓬萊林道末端(南庄事業區18林班地),2025-03,rainfall,中央氣象署 CODiS / 現存測站清單,https://codis.cwa.gov.tw/ ; https://hdps.cwa.gov.tw/static/state.html,C1E670-2025.csv,降水量,374,mm,374,mm,直接採用該測站 CODiS 2025 年月報表欄位「降水量」作為系統測站層級資料；目前未進行鄉鎮推估。,完整
water,C1E670,南礦,署屬自動站,苗栗縣,南庄鄉,1209,121.002836,24.538278,蓬萊林道末端(南庄事業區18林班地),2025-03,rainfall_days,中央氣象署 CODiS / 現存測站清單,https://codis.cwa.gov.tw/ ; https://hdps.cwa.gov.tw/static/state.html,C1E670-2025.csv,降水日數,13,day,13,day,直接採用該測站 CODiS 2025 年月報表欄位「降水日數」作為系統測站層級資料；目前未進行鄉鎮推估。,完整
water,C1E670,南礦,署屬自動站,苗栗縣,南庄鄉,1209,121.002836,24.538278,蓬萊林道末端(南庄事業區18林班地),2025-03,max_daily_rainfall,中央氣象署 CODiS / 現存測站清單,https://codis.cwa.gov.tw/ ; https://hdps.cwa.gov.tw/static/state.html,C1E670-2025.csv,最大日降水量,85,mm,85,mm,直接採用該測站 CODiS 2025 年月報表欄位「最大日降水量」作為系統測站層級資料；目前未進行鄉鎮推估。,完整
water,C1E670,南礦,署屬自動站,苗栗縣,南庄鄉,1209,121.002836,24.538278,蓬萊林道末端(南庄事業區18林班地),2025-04,rainfall,中央氣象署 CODiS / 現存測站清單,https://codis.cwa.gov.tw/ ; https://hdps.cwa.gov.tw/static/state.html,C1E670-2025.csv,降水量,214,mm,214,mm,直接採用該測站 CODiS 2025 年月報表欄位「降水量」作為系統測站層級資料；目前未進行鄉鎮推估。,完整
water,C1E670,南礦,署屬自動站,苗栗縣,南庄鄉,1209,121.002836,24.538278,蓬萊林道末端(南庄事業區18林班地),2025-04,rainfall_days,中央氣象署 CODiS / 現存測站清單,https://codis.cwa.gov.tw/ ; https://hdps.cwa.gov.tw/static/state.html,C1E670-2025.csv,降水日數,17,day,17,day,直接採用該測站 CODiS 2025 年月報表欄位「降水日數」作為系統測站層級資料；目前未進行鄉鎮推估。,完整
water,C1E670,南礦,署屬自動站,苗栗縣,南庄鄉,1209,121.002836,24.538278,蓬萊林道末端(南庄事業區18林班地),2025-04,max_daily_rainfall,中央氣象署 CODiS / 現存測站清單,https://codis.cwa.gov.tw/ ; https://hdps.cwa.gov.tw/static/state.html,C1E670-2025.csv,最大日降水量,43,mm,43,mm,直接採用該測站 CODiS 2025 年月報表欄位「最大日降水量」作為系統測站層級資料；目前未進行鄉鎮推估。,完整
water,C1E670,南礦,署屬自動站,苗栗縣,南庄鄉,1209,121.002836,24.538278,蓬萊林道末端(南庄事業區18林班地),2025-05,rainfall,中央氣象署 CODiS / 現存測站清單,https://codis.cwa.gov.tw/ ; https://hdps.cwa.gov.tw/static/state.html,C1E670-2025.csv,降水量,454.5,mm,454.5,mm,直接採用該測站 CODiS 2025 年月報表欄位「降水量」作為系統測站層級資料；目前未進行鄉鎮推估。,完整
water,C1E670,南礦,署屬自動站,苗栗縣,南庄鄉,1209,121.002836,24.538278,蓬萊林道末端(南庄事業區18林班地),2025-05,rainfall_days,中央氣象署 CODiS / 現存測站清單,https://codis.cwa.gov.tw/ ; https://hdps.cwa.gov.tw/static/state.html,C1E670-2025.csv,降水日數,13,day,13,day,直接採用該測站 CODiS 2025 年月報表欄位「降水日數」作為系統測站層級資料；目前未進行鄉鎮推估。,完整
water,C1E670,南礦,署屬自動站,苗栗縣,南庄鄉,1209,121.002836,24.538278,蓬萊林道末端(南庄事業區18林班地),2025-05,max_daily_rainfall,中央氣象署 CODiS / 現存測站清單,https://codis.cwa.gov.tw/ ; https://hdps.cwa.gov.tw/static/state.html,C1E670-2025.csv,最大日降水量,97.5,mm,97.5,mm,直接採用該測站 CODiS 2025 年月報表欄位「最大日降水量」作為系統測站層級資料；目前未進行鄉鎮推估。,完整
water,C1E670,南礦,署屬自動站,苗栗縣,南庄鄉,1209,121.002836,24.538278,蓬萊林道末端(南庄事業區18林班地),2025-06,rainfall,中央氣象署 CODiS / 現存測站清單,https://codis.cwa.gov.tw/ ; https://hdps.cwa.gov.tw/static/state.html,C1E670-2025.csv,降水量,341.5,mm,341.5,mm,直接採用該測站 CODiS 2025 年月報表欄位「降水量」作為系統測站層級資料；目前未進行鄉鎮推估。,完整
water,C1E670,南礦,署屬自動站,苗栗縣,南庄鄉,1209,121.002836,24.538278,蓬萊林道末端(南庄事業區18林班地),2025-06,rainfall_days,中央氣象署 CODiS / 現存測站清單,https://codis.cwa.gov.tw/ ; https://hdps.cwa.gov.tw/static/state.html,C1E670-2025.csv,降水日數,19,day,19,day,直接採用該測站 CODiS 2025 年月報表欄位「降水日數」作為系統測站層級資料；目前未進行鄉鎮推估。,完整
water,C1E670,南礦,署屬自動站,苗栗縣,南庄鄉,1209,121.002836,24.538278,蓬萊林道末端(南庄事業區18林班地),2025-06,max_daily_rainfall,中央氣象署 CODiS / 現存測站清單,https://codis.cwa.gov.tw/ ; https://hdps.cwa.gov.tw/static/state.html,C1E670-2025.csv,最大日降水量,84.5,mm,84.5,mm,直接採用該測站 CODiS 2025 年月報表欄位「最大日降水量」作為系統測站層級資料；目前未進行鄉鎮推估。,完整
water,C1E670,南礦,署屬自動站,苗栗縣,南庄鄉,1209,121.002836,24.538278,蓬萊林道末端(南庄事業區18林班地),2025-07,rainfall,中央氣象署 CODiS / 現存測站清單,https://codis.cwa.gov.tw/ ; https://hdps.cwa.gov.tw/static/state.html,C1E670-2025.csv,降水量,547,mm,547,mm,直接採用該測站 CODiS 2025 年月報表欄位「降水量」作為系統測站層級資料；目前未進行鄉鎮推估。,完整
water,C1E670,南礦,署屬自動站,苗栗縣,南庄鄉,1209,121.002836,24.538278,蓬萊林道末端(南庄事業區18林班地),2025-07,rainfall_days,中央氣象署 CODiS / 現存測站清單,https://codis.cwa.gov.tw/ ; https://hdps.cwa.gov.tw/static/state.html,C1E670-2025.csv,降水日數,22,day,22,day,直接採用該測站 CODiS 2025 年月報表欄位「降水日數」作為系統測站層級資料；目前未進行鄉鎮推估。,完整
water,C1E670,南礦,署屬自動站,苗栗縣,南庄鄉,1209,121.002836,24.538278,蓬萊林道末端(南庄事業區18林班地),2025-07,max_daily_rainfall,中央氣象署 CODiS / 現存測站清單,https://codis.cwa.gov.tw/ ; https://hdps.cwa.gov.tw/static/state.html,C1E670-2025.csv,最大日降水量,131,mm,131,mm,直接採用該測站 CODiS 2025 年月報表欄位「最大日降水量」作為系統測站層級資料；目前未進行鄉鎮推估。,完整
water,C1E670,南礦,署屬自動站,苗栗縣,南庄鄉,1209,121.002836,24.538278,蓬萊林道末端(南庄事業區18林班地),2025-08,rainfall,中央氣象署 CODiS / 現存測站清單,https://codis.cwa.gov.tw/ ; https://hdps.cwa.gov.tw/static/state.html,C1E670-2025.csv,降水量,165,mm,165,mm,直接採用該測站 CODiS 2025 年月報表欄位「降水量」作為系統測站層級資料；目前未進行鄉鎮推估。,完整
water,C1E670,南礦,署屬自動站,苗栗縣,南庄鄉,1209,121.002836,24.538278,蓬萊林道末端(南庄事業區18林班地),2025-08,rainfall_days,中央氣象署 CODiS / 現存測站清單,https://codis.cwa.gov.tw/ ; https://hdps.cwa.gov.tw/static/state.html,C1E670-2025.csv,降水日數,14,day,14,day,直接採用該測站 CODiS 2025 年月報表欄位「降水日數」作為系統測站層級資料；目前未進行鄉鎮推估。,完整
water,C1E670,南礦,署屬自動站,苗栗縣,南庄鄉,1209,121.002836,24.538278,蓬萊林道末端(南庄事業區18林班地),2025-08,max_daily_rainfall,中央氣象署 CODiS / 現存測站清單,https://codis.cwa.gov.tw/ ; https://hdps.cwa.gov.tw/static/state.html,C1E670-2025.csv,最大日降水量,50.5,mm,50.5,mm,直接採用該測站 CODiS 2025 年月報表欄位「最大日降水量」作為系統測站層級資料；目前未進行鄉鎮推估。,完整
water,C1E670,南礦,署屬自動站,苗栗縣,南庄鄉,1209,121.002836,24.538278,蓬萊林道末端(南庄事業區18林班地),2025-09,rainfall,中央氣象署 CODiS / 現存測站清單,https://codis.cwa.gov.tw/ ; https://hdps.cwa.gov.tw/static/state.html,C1E670-2025.csv,降水量,226.5,mm,226.5,mm,直接採用該測站 CODiS 2025 年月報表欄位「降水量」作為系統測站層級資料；目前未進行鄉鎮推估。,完整
water,C1E670,南礦,署屬自動站,苗栗縣,南庄鄉,1209,121.002836,24.538278,蓬萊林道末端(南庄事業區18林班地),2025-09,rainfall_days,中央氣象署 CODiS / 現存測站清單,https://codis.cwa.gov.tw/ ; https://hdps.cwa.gov.tw/static/state.html,C1E670-2025.csv,降水日數,17,day,17,day,直接採用該測站 CODiS 2025 年月報表欄位「降水日數」作為系統測站層級資料；目前未進行鄉鎮推估。,完整
water,C1E670,南礦,署屬自動站,苗栗縣,南庄鄉,1209,121.002836,24.538278,蓬萊林道末端(南庄事業區18林班地),2025-09,max_daily_rainfall,中央氣象署 CODiS / 現存測站清單,https://codis.cwa.gov.tw/ ; https://hdps.cwa.gov.tw/static/state.html,C1E670-2025.csv,最大日降水量,74.5,mm,74.5,mm,直接採用該測站 CODiS 2025 年月報表欄位「最大日降水量」作為系統測站層級資料；目前未進行鄉鎮推估。,完整
water,C1E670,南礦,署屬自動站,苗栗縣,南庄鄉,1209,121.002836,24.538278,蓬萊林道末端(南庄事業區18林班地),2025-10,rainfall,中央氣象署 CODiS / 現存測站清單,https://codis.cwa.gov.tw/ ; https://hdps.cwa.gov.tw/static/state.html,C1E670-2025.csv,降水量,96,mm,96,mm,直接採用該測站 CODiS 2025 年月報表欄位「降水量」作為系統測站層級資料；目前未進行鄉鎮推估。,完整
water,C1E670,南礦,署屬自動站,苗栗縣,南庄鄉,1209,121.002836,24.538278,蓬萊林道末端(南庄事業區18林班地),2025-10,rainfall_days,中央氣象署 CODiS / 現存測站清單,https://codis.cwa.gov.tw/ ; https://hdps.cwa.gov.tw/static/state.html,C1E670-2025.csv,降水日數,10,day,10,day,直接採用該測站 CODiS 2025 年月報表欄位「降水日數」作為系統測站層級資料；目前未進行鄉鎮推估。,完整
water,C1E670,南礦,署屬自動站,苗栗縣,南庄鄉,1209,121.002836,24.538278,蓬萊林道末端(南庄事業區18林班地),2025-10,max_daily_rainfall,中央氣象署 CODiS / 現存測站清單,https://codis.cwa.gov.tw/ ; https://hdps.cwa.gov.tw/static/state.html,C1E670-2025.csv,最大日降水量,32,mm,32,mm,直接採用該測站 CODiS 2025 年月報表欄位「最大日降水量」作為系統測站層級資料；目前未進行鄉鎮推估。,完整
water,C1E670,南礦,署屬自動站,苗栗縣,南庄鄉,1209,121.002836,24.538278,蓬萊林道末端(南庄事業區18林班地),2025-11,rainfall,中央氣象署 CODiS / 現存測站清單,https://codis.cwa.gov.tw/ ; https://hdps.cwa.gov.tw/static/state.html,C1E670-2025.csv,降水量,28.5,mm,28.5,mm,直接採用該測站 CODiS 2025 年月報表欄位「降水量」作為系統測站層級資料；目前未進行鄉鎮推估。,完整
water,C1E670,南礦,署屬自動站,苗栗縣,南庄鄉,1209,121.002836,24.538278,蓬萊林道末端(南庄事業區18林班地),2025-11,rainfall_days,中央氣象署 CODiS / 現存測站清單,https://codis.cwa.gov.tw/ ; https://hdps.cwa.gov.tw/static/state.html,C1E670-2025.csv,降水日數,12,day,12,day,直接採用該測站 CODiS 2025 年月報表欄位「降水日數」作為系統測站層級資料；目前未進行鄉鎮推估。,完整
water,C1E670,南礦,署屬自動站,苗栗縣,南庄鄉,1209,121.002836,24.538278,蓬萊林道末端(南庄事業區18林班地),2025-11,max_daily_rainfall,中央氣象署 CODiS / 現存測站清單,https://codis.cwa.gov.tw/ ; https://hdps.cwa.gov.tw/static/state.html,C1E670-2025.csv,最大日降水量,11.5,mm,11.5,mm,直接採用該測站 CODiS 2025 年月報表欄位「最大日降水量」作為系統測站層級資料；目前未進行鄉鎮推估。,完整
water,C1E670,南礦,署屬自動站,苗栗縣,南庄鄉,1209,121.002836,24.538278,蓬萊林道末端(南庄事業區18林班地),2025-12,rainfall,中央氣象署 CODiS / 現存測站清單,https://codis.cwa.gov.tw/ ; https://hdps.cwa.gov.tw/static/state.html,C1E670-2025.csv,降水量,6.5,mm,6.5,mm,直接採用該測站 CODiS 2025 年月報表欄位「降水量」作為系統測站層級資料；目前未進行鄉鎮推估。,完整
water,C1E670,南礦,署屬自動站,苗栗縣,南庄鄉,1209,121.002836,24.538278,蓬萊林道末端(南庄事業區18林班地),2025-12,rainfall_days,中央氣象署 CODiS / 現存測站清單,https://codis.cwa.gov.tw/ ; https://hdps.cwa.gov.tw/static/state.html,C1E670-2025.csv,降水日數,4,day,4,day,直接採用該測站 CODiS 2025 年月報表欄位「降水日數」作為系統測站層級資料；目前未進行鄉鎮推估。,完整
water,C1E670,南礦,署屬自動站,苗栗縣,南庄鄉,1209,121.002836,24.538278,蓬萊林道末端(南庄事業區18林班地),2025-12,max_daily_rainfall,中央氣象署 CODiS / 現存測站清單,https://codis.cwa.gov.tw/ ; https://hdps.cwa.gov.tw/static/state.html,C1E670-2025.csv,最大日降水量,4,mm,4,mm,直接採用該測站 CODiS 2025 年月報表欄位「最大日降水量」作為系統測站層級資料；目前未進行鄉鎮推估。,完整
water,C1E681,南勢山,署屬自動站,苗栗縣,泰安鄉,977,120.923831,24.421669,大興村(從泰安國小進入站址車程約10分鐘),2025-01,rainfall,中央氣象署 CODiS / 現存測站清單,https://codis.cwa.gov.tw/ ; https://hdps.cwa.gov.tw/static/state.html,C1E681-2025.csv,降水量,43.5,mm,43.5,mm,直接採用該測站 CODiS 2025 年月報表欄位「降水量」作為系統測站層級資料；目前未進行鄉鎮推估。,完整
water,C1E681,南勢山,署屬自動站,苗栗縣,泰安鄉,977,120.923831,24.421669,大興村(從泰安國小進入站址車程約10分鐘),2025-01,rainfall_days,中央氣象署 CODiS / 現存測站清單,https://codis.cwa.gov.tw/ ; https://hdps.cwa.gov.tw/static/state.html,C1E681-2025.csv,降水日數,9,day,9,day,直接採用該測站 CODiS 2025 年月報表欄位「降水日數」作為系統測站層級資料；目前未進行鄉鎮推估。,完整
water,C1E681,南勢山,署屬自動站,苗栗縣,泰安鄉,977,120.923831,24.421669,大興村(從泰安國小進入站址車程約10分鐘),2025-01,max_daily_rainfall,中央氣象署 CODiS / 現存測站清單,https://codis.cwa.gov.tw/ ; https://hdps.cwa.gov.tw/static/state.html,C1E681-2025.csv,最大日降水量,10.5,mm,10.5,mm,直接採用該測站 CODiS 2025 年月報表欄位「最大日降水量」作為系統測站層級資料；目前未進行鄉鎮推估。,完整
water,C1E681,南勢山,署屬自動站,苗栗縣,泰安鄉,977,120.923831,24.421669,大興村(從泰安國小進入站址車程約10分鐘),2025-02,rainfall,中央氣象署 CODiS / 現存測站清單,https://codis.cwa.gov.tw/ ; https://hdps.cwa.gov.tw/static/state.html,C1E681-2025.csv,降水量,89.5,mm,89.5,mm,直接採用該測站 CODiS 2025 年月報表欄位「降水量」作為系統測站層級資料；目前未進行鄉鎮推估。,完整
water,C1E681,南勢山,署屬自動站,苗栗縣,泰安鄉,977,120.923831,24.421669,大興村(從泰安國小進入站址車程約10分鐘),2025-02,rainfall_days,中央氣象署 CODiS / 現存測站清單,https://codis.cwa.gov.tw/ ; https://hdps.cwa.gov.tw/static/state.html,C1E681-2025.csv,降水日數,10,day,10,day,直接採用該測站 CODiS 2025 年月報表欄位「降水日數」作為系統測站層級資料；目前未進行鄉鎮推估。,完整
water,C1E681,南勢山,署屬自動站,苗栗縣,泰安鄉,977,120.923831,24.421669,大興村(從泰安國小進入站址車程約10分鐘),2025-02,max_daily_rainfall,中央氣象署 CODiS / 現存測站清單,https://codis.cwa.gov.tw/ ; https://hdps.cwa.gov.tw/static/state.html,C1E681-2025.csv,最大日降水量,43.5,mm,43.5,mm,直接採用該測站 CODiS 2025 年月報表欄位「最大日降水量」作為系統測站層級資料；目前未進行鄉鎮推估。,完整
water,C1E681,南勢山,署屬自動站,苗栗縣,泰安鄉,977,120.923831,24.421669,大興村(從泰安國小進入站址車程約10分鐘),2025-03,rainfall,中央氣象署 CODiS / 現存測站清單,https://codis.cwa.gov.tw/ ; https://hdps.cwa.gov.tw/static/state.html,C1E681-2025.csv,降水量,253.5,mm,253.5,mm,直接採用該測站 CODiS 2025 年月報表欄位「降水量」作為系統測站層級資料；目前未進行鄉鎮推估。,完整
water,C1E681,南勢山,署屬自動站,苗栗縣,泰安鄉,977,120.923831,24.421669,大興村(從泰安國小進入站址車程約10分鐘),2025-03,rainfall_days,中央氣象署 CODiS / 現存測站清單,https://codis.cwa.gov.tw/ ; https://hdps.cwa.gov.tw/static/state.html,C1E681-2025.csv,降水日數,13,day,13,day,直接採用該測站 CODiS 2025 年月報表欄位「降水日數」作為系統測站層級資料；目前未進行鄉鎮推估。,完整
water,C1E681,南勢山,署屬自動站,苗栗縣,泰安鄉,977,120.923831,24.421669,大興村(從泰安國小進入站址車程約10分鐘),2025-03,max_daily_rainfall,中央氣象署 CODiS / 現存測站清單,https://codis.cwa.gov.tw/ ; https://hdps.cwa.gov.tw/static/state.html,C1E681-2025.csv,最大日降水量,58,mm,58,mm,直接採用該測站 CODiS 2025 年月報表欄位「最大日降水量」作為系統測站層級資料；目前未進行鄉鎮推估。,完整
water,C1E681,南勢山,署屬自動站,苗栗縣,泰安鄉,977,120.923831,24.421669,大興村(從泰安國小進入站址車程約10分鐘),2025-04,rainfall,中央氣象署 CODiS / 現存測站清單,https://codis.cwa.gov.tw/ ; https://hdps.cwa.gov.tw/static/state.html,C1E681-2025.csv,降水量,146.5,mm,146.5,mm,直接採用該測站 CODiS 2025 年月報表欄位「降水量」作為系統測站層級資料；目前未進行鄉鎮推估。,完整
water,C1E681,南勢山,署屬自動站,苗栗縣,泰安鄉,977,120.923831,24.421669,大興村(從泰安國小進入站址車程約10分鐘),2025-04,rainfall_days,中央氣象署 CODiS / 現存測站清單,https://codis.cwa.gov.tw/ ; https://hdps.cwa.gov.tw/static/state.html,C1E681-2025.csv,降水日數,14,day,14,day,直接採用該測站 CODiS 2025 年月報表欄位「降水日數」作為系統測站層級資料；目前未進行鄉鎮推估。,完整
water,C1E681,南勢山,署屬自動站,苗栗縣,泰安鄉,977,120.923831,24.421669,大興村(從泰安國小進入站址車程約10分鐘),2025-04,max_daily_rainfall,中央氣象署 CODiS / 現存測站清單,https://codis.cwa.gov.tw/ ; https://hdps.cwa.gov.tw/static/state.html,C1E681-2025.csv,最大日降水量,46,mm,46,mm,直接採用該測站 CODiS 2025 年月報表欄位「最大日降水量」作為系統測站層級資料；目前未進行鄉鎮推估。,完整
water,C1E681,南勢山,署屬自動站,苗栗縣,泰安鄉,977,120.923831,24.421669,大興村(從泰安國小進入站址車程約10分鐘),2025-05,rainfall,中央氣象署 CODiS / 現存測站清單,https://codis.cwa.gov.tw/ ; https://hdps.cwa.gov.tw/static/state.html,C1E681-2025.csv,降水量,348,mm,348,mm,直接採用該測站 CODiS 2025 年月報表欄位「降水量」作為系統測站層級資料；目前未進行鄉鎮推估。,完整
water,C1E681,南勢山,署屬自動站,苗栗縣,泰安鄉,977,120.923831,24.421669,大興村(從泰安國小進入站址車程約10分鐘),2025-05,rainfall_days,中央氣象署 CODiS / 現存測站清單,https://codis.cwa.gov.tw/ ; https://hdps.cwa.gov.tw/static/state.html,C1E681-2025.csv,降水日數,12,day,12,day,直接採用該測站 CODiS 2025 年月報表欄位「降水日數」作為系統測站層級資料；目前未進行鄉鎮推估。,完整
water,C1E681,南勢山,署屬自動站,苗栗縣,泰安鄉,977,120.923831,24.421669,大興村(從泰安國小進入站址車程約10分鐘),2025-05,max_daily_rainfall,中央氣象署 CODiS / 現存測站清單,https://codis.cwa.gov.tw/ ; https://hdps.cwa.gov.tw/static/state.html,C1E681-2025.csv,最大日降水量,101,mm,101,mm,直接採用該測站 CODiS 2025 年月報表欄位「最大日降水量」作為系統測站層級資料；目前未進行鄉鎮推估。,完整
water,C1E681,南勢山,署屬自動站,苗栗縣,泰安鄉,977,120.923831,24.421669,大興村(從泰安國小進入站址車程約10分鐘),2025-06,rainfall,中央氣象署 CODiS / 現存測站清單,https://codis.cwa.gov.tw/ ; https://hdps.cwa.gov.tw/static/state.html,C1E681-2025.csv,降水量,195.5,mm,195.5,mm,直接採用該測站 CODiS 2025 年月報表欄位「降水量」作為系統測站層級資料；目前未進行鄉鎮推估。,完整
water,C1E681,南勢山,署屬自動站,苗栗縣,泰安鄉,977,120.923831,24.421669,大興村(從泰安國小進入站址車程約10分鐘),2025-06,rainfall_days,中央氣象署 CODiS / 現存測站清單,https://codis.cwa.gov.tw/ ; https://hdps.cwa.gov.tw/static/state.html,C1E681-2025.csv,降水日數,17,day,17,day,直接採用該測站 CODiS 2025 年月報表欄位「降水日數」作為系統測站層級資料；目前未進行鄉鎮推估。,完整
water,C1E681,南勢山,署屬自動站,苗栗縣,泰安鄉,977,120.923831,24.421669,大興村(從泰安國小進入站址車程約10分鐘),2025-06,max_daily_rainfall,中央氣象署 CODiS / 現存測站清單,https://codis.cwa.gov.tw/ ; https://hdps.cwa.gov.tw/static/state.html,C1E681-2025.csv,最大日降水量,44,mm,44,mm,直接採用該測站 CODiS 2025 年月報表欄位「最大日降水量」作為系統測站層級資料；目前未進行鄉鎮推估。,完整
water,C1E681,南勢山,署屬自動站,苗栗縣,泰安鄉,977,120.923831,24.421669,大興村(從泰安國小進入站址車程約10分鐘),2025-07,rainfall,中央氣象署 CODiS / 現存測站清單,https://codis.cwa.gov.tw/ ; https://hdps.cwa.gov.tw/static/state.html,C1E681-2025.csv,降水量,525,mm,525,mm,直接採用該測站 CODiS 2025 年月報表欄位「降水量」作為系統測站層級資料；目前未進行鄉鎮推估。,完整
water,C1E681,南勢山,署屬自動站,苗栗縣,泰安鄉,977,120.923831,24.421669,大興村(從泰安國小進入站址車程約10分鐘),2025-07,rainfall_days,中央氣象署 CODiS / 現存測站清單,https://codis.cwa.gov.tw/ ; https://hdps.cwa.gov.tw/static/state.html,C1E681-2025.csv,降水日數,22,day,22,day,直接採用該測站 CODiS 2025 年月報表欄位「降水日數」作為系統測站層級資料；目前未進行鄉鎮推估。,完整
water,C1E681,南勢山,署屬自動站,苗栗縣,泰安鄉,977,120.923831,24.421669,大興村(從泰安國小進入站址車程約10分鐘),2025-07,max_daily_rainfall,中央氣象署 CODiS / 現存測站清單,https://codis.cwa.gov.tw/ ; https://hdps.cwa.gov.tw/static/state.html,C1E681-2025.csv,最大日降水量,105.5,mm,105.5,mm,直接採用該測站 CODiS 2025 年月報表欄位「最大日降水量」作為系統測站層級資料；目前未進行鄉鎮推估。,完整
water,C1E681,南勢山,署屬自動站,苗栗縣,泰安鄉,977,120.923831,24.421669,大興村(從泰安國小進入站址車程約10分鐘),2025-08,rainfall,中央氣象署 CODiS / 現存測站清單,https://codis.cwa.gov.tw/ ; https://hdps.cwa.gov.tw/static/state.html,C1E681-2025.csv,降水量,176.5,mm,176.5,mm,直接採用該測站 CODiS 2025 年月報表欄位「降水量」作為系統測站層級資料；目前未進行鄉鎮推估。,完整
water,C1E681,南勢山,署屬自動站,苗栗縣,泰安鄉,977,120.923831,24.421669,大興村(從泰安國小進入站址車程約10分鐘),2025-08,rainfall_days,中央氣象署 CODiS / 現存測站清單,https://codis.cwa.gov.tw/ ; https://hdps.cwa.gov.tw/static/state.html,C1E681-2025.csv,降水日數,11,day,11,day,直接採用該測站 CODiS 2025 年月報表欄位「降水日數」作為系統測站層級資料；目前未進行鄉鎮推估。,完整
water,C1E681,南勢山,署屬自動站,苗栗縣,泰安鄉,977,120.923831,24.421669,大興村(從泰安國小進入站址車程約10分鐘),2025-08,max_daily_rainfall,中央氣象署 CODiS / 現存測站清單,https://codis.cwa.gov.tw/ ; https://hdps.cwa.gov.tw/static/state.html,C1E681-2025.csv,最大日降水量,55,mm,55,mm,直接採用該測站 CODiS 2025 年月報表欄位「最大日降水量」作為系統測站層級資料；目前未進行鄉鎮推估。,完整
water,C1E681,南勢山,署屬自動站,苗栗縣,泰安鄉,977,120.923831,24.421669,大興村(從泰安國小進入站址車程約10分鐘),2025-09,rainfall,中央氣象署 CODiS / 現存測站清單,https://codis.cwa.gov.tw/ ; https://hdps.cwa.gov.tw/static/state.html,C1E681-2025.csv,降水量,245.5,mm,245.5,mm,直接採用該測站 CODiS 2025 年月報表欄位「降水量」作為系統測站層級資料；目前未進行鄉鎮推估。,完整
water,C1E681,南勢山,署屬自動站,苗栗縣,泰安鄉,977,120.923831,24.421669,大興村(從泰安國小進入站址車程約10分鐘),2025-09,rainfall_days,中央氣象署 CODiS / 現存測站清單,https://codis.cwa.gov.tw/ ; https://hdps.cwa.gov.tw/static/state.html,C1E681-2025.csv,降水日數,17,day,17,day,直接採用該測站 CODiS 2025 年月報表欄位「降水日數」作為系統測站層級資料；目前未進行鄉鎮推估。,完整
water,C1E681,南勢山,署屬自動站,苗栗縣,泰安鄉,977,120.923831,24.421669,大興村(從泰安國小進入站址車程約10分鐘),2025-09,max_daily_rainfall,中央氣象署 CODiS / 現存測站清單,https://codis.cwa.gov.tw/ ; https://hdps.cwa.gov.tw/static/state.html,C1E681-2025.csv,最大日降水量,98,mm,98,mm,直接採用該測站 CODiS 2025 年月報表欄位「最大日降水量」作為系統測站層級資料；目前未進行鄉鎮推估。,完整
water,C1E681,南勢山,署屬自動站,苗栗縣,泰安鄉,977,120.923831,24.421669,大興村(從泰安國小進入站址車程約10分鐘),2025-10,rainfall,中央氣象署 CODiS / 現存測站清單,https://codis.cwa.gov.tw/ ; https://hdps.cwa.gov.tw/static/state.html,C1E681-2025.csv,降水量,42,mm,42,mm,直接採用該測站 CODiS 2025 年月報表欄位「降水量」作為系統測站層級資料；目前未進行鄉鎮推估。,完整
water,C1E681,南勢山,署屬自動站,苗栗縣,泰安鄉,977,120.923831,24.421669,大興村(從泰安國小進入站址車程約10分鐘),2025-10,rainfall_days,中央氣象署 CODiS / 現存測站清單,https://codis.cwa.gov.tw/ ; https://hdps.cwa.gov.tw/static/state.html,C1E681-2025.csv,降水日數,4,day,4,day,直接採用該測站 CODiS 2025 年月報表欄位「降水日數」作為系統測站層級資料；目前未進行鄉鎮推估。,完整
water,C1E681,南勢山,署屬自動站,苗栗縣,泰安鄉,977,120.923831,24.421669,大興村(從泰安國小進入站址車程約10分鐘),2025-10,max_daily_rainfall,中央氣象署 CODiS / 現存測站清單,https://codis.cwa.gov.tw/ ; https://hdps.cwa.gov.tw/static/state.html,C1E681-2025.csv,最大日降水量,21,mm,21,mm,直接採用該測站 CODiS 2025 年月報表欄位「最大日降水量」作為系統測站層級資料；目前未進行鄉鎮推估。,完整
water,C1E681,南勢山,署屬自動站,苗栗縣,泰安鄉,977,120.923831,24.421669,大興村(從泰安國小進入站址車程約10分鐘),2025-11,rainfall,中央氣象署 CODiS / 現存測站清單,https://codis.cwa.gov.tw/ ; https://hdps.cwa.gov.tw/static/state.html,C1E681-2025.csv,降水量,8.5,mm,8.5,mm,直接採用該測站 CODiS 2025 年月報表欄位「降水量」作為系統測站層級資料；目前未進行鄉鎮推估。,完整
water,C1E681,南勢山,署屬自動站,苗栗縣,泰安鄉,977,120.923831,24.421669,大興村(從泰安國小進入站址車程約10分鐘),2025-11,rainfall_days,中央氣象署 CODiS / 現存測站清單,https://codis.cwa.gov.tw/ ; https://hdps.cwa.gov.tw/static/state.html,C1E681-2025.csv,降水日數,7,day,7,day,直接採用該測站 CODiS 2025 年月報表欄位「降水日數」作為系統測站層級資料；目前未進行鄉鎮推估。,完整
water,C1E681,南勢山,署屬自動站,苗栗縣,泰安鄉,977,120.923831,24.421669,大興村(從泰安國小進入站址車程約10分鐘),2025-11,max_daily_rainfall,中央氣象署 CODiS / 現存測站清單,https://codis.cwa.gov.tw/ ; https://hdps.cwa.gov.tw/static/state.html,C1E681-2025.csv,最大日降水量,3.5,mm,3.5,mm,直接採用該測站 CODiS 2025 年月報表欄位「最大日降水量」作為系統測站層級資料；目前未進行鄉鎮推估。,完整
water,C1E681,南勢山,署屬自動站,苗栗縣,泰安鄉,977,120.923831,24.421669,大興村(從泰安國小進入站址車程約10分鐘),2025-12,rainfall,中央氣象署 CODiS / 現存測站清單,https://codis.cwa.gov.tw/ ; https://hdps.cwa.gov.tw/static/state.html,C1E681-2025.csv,降水量,13,mm,13,mm,直接採用該測站 CODiS 2025 年月報表欄位「降水量」作為系統測站層級資料；目前未進行鄉鎮推估。,完整
water,C1E681,南勢山,署屬自動站,苗栗縣,泰安鄉,977,120.923831,24.421669,大興村(從泰安國小進入站址車程約10分鐘),2025-12,rainfall_days,中央氣象署 CODiS / 現存測站清單,https://codis.cwa.gov.tw/ ; https://hdps.cwa.gov.tw/static/state.html,C1E681-2025.csv,降水日數,3,day,3,day,直接採用該測站 CODiS 2025 年月報表欄位「降水日數」作為系統測站層級資料；目前未進行鄉鎮推估。,完整
water,C1E681,南勢山,署屬自動站,苗栗縣,泰安鄉,977,120.923831,24.421669,大興村(從泰安國小進入站址車程約10分鐘),2025-12,max_daily_rainfall,中央氣象署 CODiS / 現存測站清單,https://codis.cwa.gov.tw/ ; https://hdps.cwa.gov.tw/static/state.html,C1E681-2025.csv,最大日降水量,8,mm,8,mm,直接採用該測站 CODiS 2025 年月報表欄位「最大日降水量」作為系統測站層級資料；目前未進行鄉鎮推估。,完整
water,C1E691,南湖,署屬自動站,苗栗縣,大湖鄉,786,120.837533,24.40135,位於南湖台3線135k處之吊樑道山上,2025-01,rainfall,中央氣象署 CODiS / 現存測站清單,https://codis.cwa.gov.tw/ ; https://hdps.cwa.gov.tw/static/state.html,C1E691-2025.csv,降水量,25,mm,25,mm,直接採用該測站 CODiS 2025 年月報表欄位「降水量」作為系統測站層級資料；目前未進行鄉鎮推估。,完整
water,C1E691,南湖,署屬自動站,苗栗縣,大湖鄉,786,120.837533,24.40135,位於南湖台3線135k處之吊樑道山上,2025-01,rainfall_days,中央氣象署 CODiS / 現存測站清單,https://codis.cwa.gov.tw/ ; https://hdps.cwa.gov.tw/static/state.html,C1E691-2025.csv,降水日數,6,day,6,day,直接採用該測站 CODiS 2025 年月報表欄位「降水日數」作為系統測站層級資料；目前未進行鄉鎮推估。,完整
water,C1E691,南湖,署屬自動站,苗栗縣,大湖鄉,786,120.837533,24.40135,位於南湖台3線135k處之吊樑道山上,2025-01,max_daily_rainfall,中央氣象署 CODiS / 現存測站清單,https://codis.cwa.gov.tw/ ; https://hdps.cwa.gov.tw/static/state.html,C1E691-2025.csv,最大日降水量,5.5,mm,5.5,mm,直接採用該測站 CODiS 2025 年月報表欄位「最大日降水量」作為系統測站層級資料；目前未進行鄉鎮推估。,完整
water,C1E691,南湖,署屬自動站,苗栗縣,大湖鄉,786,120.837533,24.40135,位於南湖台3線135k處之吊樑道山上,2025-02,rainfall,中央氣象署 CODiS / 現存測站清單,https://codis.cwa.gov.tw/ ; https://hdps.cwa.gov.tw/static/state.html,C1E691-2025.csv,降水量,79,mm,79,mm,直接採用該測站 CODiS 2025 年月報表欄位「降水量」作為系統測站層級資料；目前未進行鄉鎮推估。,完整
water,C1E691,南湖,署屬自動站,苗栗縣,大湖鄉,786,120.837533,24.40135,位於南湖台3線135k處之吊樑道山上,2025-02,rainfall_days,中央氣象署 CODiS / 現存測站清單,https://codis.cwa.gov.tw/ ; https://hdps.cwa.gov.tw/static/state.html,C1E691-2025.csv,降水日數,7,day,7,day,直接採用該測站 CODiS 2025 年月報表欄位「降水日數」作為系統測站層級資料；目前未進行鄉鎮推估。,完整
water,C1E691,南湖,署屬自動站,苗栗縣,大湖鄉,786,120.837533,24.40135,位於南湖台3線135k處之吊樑道山上,2025-02,max_daily_rainfall,中央氣象署 CODiS / 現存測站清單,https://codis.cwa.gov.tw/ ; https://hdps.cwa.gov.tw/static/state.html,C1E691-2025.csv,最大日降水量,36.5,mm,36.5,mm,直接採用該測站 CODiS 2025 年月報表欄位「最大日降水量」作為系統測站層級資料；目前未進行鄉鎮推估。,完整
water,C1E691,南湖,署屬自動站,苗栗縣,大湖鄉,786,120.837533,24.40135,位於南湖台3線135k處之吊樑道山上,2025-03,rainfall,中央氣象署 CODiS / 現存測站清單,https://codis.cwa.gov.tw/ ; https://hdps.cwa.gov.tw/static/state.html,C1E691-2025.csv,降水量,187,mm,187,mm,直接採用該測站 CODiS 2025 年月報表欄位「降水量」作為系統測站層級資料；目前未進行鄉鎮推估。,完整
water,C1E691,南湖,署屬自動站,苗栗縣,大湖鄉,786,120.837533,24.40135,位於南湖台3線135k處之吊樑道山上,2025-03,rainfall_days,中央氣象署 CODiS / 現存測站清單,https://codis.cwa.gov.tw/ ; https://hdps.cwa.gov.tw/static/state.html,C1E691-2025.csv,降水日數,12,day,12,day,直接採用該測站 CODiS 2025 年月報表欄位「降水日數」作為系統測站層級資料；目前未進行鄉鎮推估。,完整
water,C1E691,南湖,署屬自動站,苗栗縣,大湖鄉,786,120.837533,24.40135,位於南湖台3線135k處之吊樑道山上,2025-03,max_daily_rainfall,中央氣象署 CODiS / 現存測站清單,https://codis.cwa.gov.tw/ ; https://hdps.cwa.gov.tw/static/state.html,C1E691-2025.csv,最大日降水量,52.5,mm,52.5,mm,直接採用該測站 CODiS 2025 年月報表欄位「最大日降水量」作為系統測站層級資料；目前未進行鄉鎮推估。,完整
water,C1E691,南湖,署屬自動站,苗栗縣,大湖鄉,786,120.837533,24.40135,位於南湖台3線135k處之吊樑道山上,2025-04,rainfall,中央氣象署 CODiS / 現存測站清單,https://codis.cwa.gov.tw/ ; https://hdps.cwa.gov.tw/static/state.html,C1E691-2025.csv,降水量,108.5,mm,108.5,mm,直接採用該測站 CODiS 2025 年月報表欄位「降水量」作為系統測站層級資料；目前未進行鄉鎮推估。,完整
water,C1E691,南湖,署屬自動站,苗栗縣,大湖鄉,786,120.837533,24.40135,位於南湖台3線135k處之吊樑道山上,2025-04,rainfall_days,中央氣象署 CODiS / 現存測站清單,https://codis.cwa.gov.tw/ ; https://hdps.cwa.gov.tw/static/state.html,C1E691-2025.csv,降水日數,14,day,14,day,直接採用該測站 CODiS 2025 年月報表欄位「降水日數」作為系統測站層級資料；目前未進行鄉鎮推估。,完整
water,C1E691,南湖,署屬自動站,苗栗縣,大湖鄉,786,120.837533,24.40135,位於南湖台3線135k處之吊樑道山上,2025-04,max_daily_rainfall,中央氣象署 CODiS / 現存測站清單,https://codis.cwa.gov.tw/ ; https://hdps.cwa.gov.tw/static/state.html,C1E691-2025.csv,最大日降水量,52,mm,52,mm,直接採用該測站 CODiS 2025 年月報表欄位「最大日降水量」作為系統測站層級資料；目前未進行鄉鎮推估。,完整
water,C1E691,南湖,署屬自動站,苗栗縣,大湖鄉,786,120.837533,24.40135,位於南湖台3線135k處之吊樑道山上,2025-05,rainfall,中央氣象署 CODiS / 現存測站清單,https://codis.cwa.gov.tw/ ; https://hdps.cwa.gov.tw/static/state.html,C1E691-2025.csv,降水量,343,mm,343,mm,直接採用該測站 CODiS 2025 年月報表欄位「降水量」作為系統測站層級資料；目前未進行鄉鎮推估。,完整
water,C1E691,南湖,署屬自動站,苗栗縣,大湖鄉,786,120.837533,24.40135,位於南湖台3線135k處之吊樑道山上,2025-05,rainfall_days,中央氣象署 CODiS / 現存測站清單,https://codis.cwa.gov.tw/ ; https://hdps.cwa.gov.tw/static/state.html,C1E691-2025.csv,降水日數,12,day,12,day,直接採用該測站 CODiS 2025 年月報表欄位「降水日數」作為系統測站層級資料；目前未進行鄉鎮推估。,完整
water,C1E691,南湖,署屬自動站,苗栗縣,大湖鄉,786,120.837533,24.40135,位於南湖台3線135k處之吊樑道山上,2025-05,max_daily_rainfall,中央氣象署 CODiS / 現存測站清單,https://codis.cwa.gov.tw/ ; https://hdps.cwa.gov.tw/static/state.html,C1E691-2025.csv,最大日降水量,88.5,mm,88.5,mm,直接採用該測站 CODiS 2025 年月報表欄位「最大日降水量」作為系統測站層級資料；目前未進行鄉鎮推估。,完整
water,C1E691,南湖,署屬自動站,苗栗縣,大湖鄉,786,120.837533,24.40135,位於南湖台3線135k處之吊樑道山上,2025-06,rainfall,中央氣象署 CODiS / 現存測站清單,https://codis.cwa.gov.tw/ ; https://hdps.cwa.gov.tw/static/state.html,C1E691-2025.csv,降水量,153.5,mm,153.5,mm,直接採用該測站 CODiS 2025 年月報表欄位「降水量」作為系統測站層級資料；目前未進行鄉鎮推估。,完整
water,C1E691,南湖,署屬自動站,苗栗縣,大湖鄉,786,120.837533,24.40135,位於南湖台3線135k處之吊樑道山上,2025-06,rainfall_days,中央氣象署 CODiS / 現存測站清單,https://codis.cwa.gov.tw/ ; https://hdps.cwa.gov.tw/static/state.html,C1E691-2025.csv,降水日數,12,day,12,day,直接採用該測站 CODiS 2025 年月報表欄位「降水日數」作為系統測站層級資料；目前未進行鄉鎮推估。,完整
water,C1E691,南湖,署屬自動站,苗栗縣,大湖鄉,786,120.837533,24.40135,位於南湖台3線135k處之吊樑道山上,2025-06,max_daily_rainfall,中央氣象署 CODiS / 現存測站清單,https://codis.cwa.gov.tw/ ; https://hdps.cwa.gov.tw/static/state.html,C1E691-2025.csv,最大日降水量,42,mm,42,mm,直接採用該測站 CODiS 2025 年月報表欄位「最大日降水量」作為系統測站層級資料；目前未進行鄉鎮推估。,完整
water,C1E691,南湖,署屬自動站,苗栗縣,大湖鄉,786,120.837533,24.40135,位於南湖台3線135k處之吊樑道山上,2025-07,rainfall,中央氣象署 CODiS / 現存測站清單,https://codis.cwa.gov.tw/ ; https://hdps.cwa.gov.tw/static/state.html,C1E691-2025.csv,降水量,461.5,mm,461.5,mm,直接採用該測站 CODiS 2025 年月報表欄位「降水量」作為系統測站層級資料；目前未進行鄉鎮推估。,完整
water,C1E691,南湖,署屬自動站,苗栗縣,大湖鄉,786,120.837533,24.40135,位於南湖台3線135k處之吊樑道山上,2025-07,rainfall_days,中央氣象署 CODiS / 現存測站清單,https://codis.cwa.gov.tw/ ; https://hdps.cwa.gov.tw/static/state.html,C1E691-2025.csv,降水日數,20,day,20,day,直接採用該測站 CODiS 2025 年月報表欄位「降水日數」作為系統測站層級資料；目前未進行鄉鎮推估。,完整
water,C1E691,南湖,署屬自動站,苗栗縣,大湖鄉,786,120.837533,24.40135,位於南湖台3線135k處之吊樑道山上,2025-07,max_daily_rainfall,中央氣象署 CODiS / 現存測站清單,https://codis.cwa.gov.tw/ ; https://hdps.cwa.gov.tw/static/state.html,C1E691-2025.csv,最大日降水量,100,mm,100,mm,直接採用該測站 CODiS 2025 年月報表欄位「最大日降水量」作為系統測站層級資料；目前未進行鄉鎮推估。,完整
water,C1E691,南湖,署屬自動站,苗栗縣,大湖鄉,786,120.837533,24.40135,位於南湖台3線135k處之吊樑道山上,2025-08,rainfall,中央氣象署 CODiS / 現存測站清單,https://codis.cwa.gov.tw/ ; https://hdps.cwa.gov.tw/static/state.html,C1E691-2025.csv,降水量,166.5,mm,166.5,mm,直接採用該測站 CODiS 2025 年月報表欄位「降水量」作為系統測站層級資料；目前未進行鄉鎮推估。,完整
water,C1E691,南湖,署屬自動站,苗栗縣,大湖鄉,786,120.837533,24.40135,位於南湖台3線135k處之吊樑道山上,2025-08,rainfall_days,中央氣象署 CODiS / 現存測站清單,https://codis.cwa.gov.tw/ ; https://hdps.cwa.gov.tw/static/state.html,C1E691-2025.csv,降水日數,9,day,9,day,直接採用該測站 CODiS 2025 年月報表欄位「降水日數」作為系統測站層級資料；目前未進行鄉鎮推估。,完整
water,C1E691,南湖,署屬自動站,苗栗縣,大湖鄉,786,120.837533,24.40135,位於南湖台3線135k處之吊樑道山上,2025-08,max_daily_rainfall,中央氣象署 CODiS / 現存測站清單,https://codis.cwa.gov.tw/ ; https://hdps.cwa.gov.tw/static/state.html,C1E691-2025.csv,最大日降水量,52.5,mm,52.5,mm,直接採用該測站 CODiS 2025 年月報表欄位「最大日降水量」作為系統測站層級資料；目前未進行鄉鎮推估。,完整
water,C1E691,南湖,署屬自動站,苗栗縣,大湖鄉,786,120.837533,24.40135,位於南湖台3線135k處之吊樑道山上,2025-09,rainfall,中央氣象署 CODiS / 現存測站清單,https://codis.cwa.gov.tw/ ; https://hdps.cwa.gov.tw/static/state.html,C1E691-2025.csv,降水量,309.5,mm,309.5,mm,直接採用該測站 CODiS 2025 年月報表欄位「降水量」作為系統測站層級資料；目前未進行鄉鎮推估。,完整
water,C1E691,南湖,署屬自動站,苗栗縣,大湖鄉,786,120.837533,24.40135,位於南湖台3線135k處之吊樑道山上,2025-09,rainfall_days,中央氣象署 CODiS / 現存測站清單,https://codis.cwa.gov.tw/ ; https://hdps.cwa.gov.tw/static/state.html,C1E691-2025.csv,降水日數,12,day,12,day,直接採用該測站 CODiS 2025 年月報表欄位「降水日數」作為系統測站層級資料；目前未進行鄉鎮推估。,完整
water,C1E691,南湖,署屬自動站,苗栗縣,大湖鄉,786,120.837533,24.40135,位於南湖台3線135k處之吊樑道山上,2025-09,max_daily_rainfall,中央氣象署 CODiS / 現存測站清單,https://codis.cwa.gov.tw/ ; https://hdps.cwa.gov.tw/static/state.html,C1E691-2025.csv,最大日降水量,153.5,mm,153.5,mm,直接採用該測站 CODiS 2025 年月報表欄位「最大日降水量」作為系統測站層級資料；目前未進行鄉鎮推估。,完整
water,C1E691,南湖,署屬自動站,苗栗縣,大湖鄉,786,120.837533,24.40135,位於南湖台3線135k處之吊樑道山上,2025-10,rainfall,中央氣象署 CODiS / 現存測站清單,https://codis.cwa.gov.tw/ ; https://hdps.cwa.gov.tw/static/state.html,C1E691-2025.csv,降水量,37,mm,37,mm,直接採用該測站 CODiS 2025 年月報表欄位「降水量」作為系統測站層級資料；目前未進行鄉鎮推估。,完整
water,C1E691,南湖,署屬自動站,苗栗縣,大湖鄉,786,120.837533,24.40135,位於南湖台3線135k處之吊樑道山上,2025-10,rainfall_days,中央氣象署 CODiS / 現存測站清單,https://codis.cwa.gov.tw/ ; https://hdps.cwa.gov.tw/static/state.html,C1E691-2025.csv,降水日數,5,day,5,day,直接採用該測站 CODiS 2025 年月報表欄位「降水日數」作為系統測站層級資料；目前未進行鄉鎮推估。,完整
water,C1E691,南湖,署屬自動站,苗栗縣,大湖鄉,786,120.837533,24.40135,位於南湖台3線135k處之吊樑道山上,2025-10,max_daily_rainfall,中央氣象署 CODiS / 現存測站清單,https://codis.cwa.gov.tw/ ; https://hdps.cwa.gov.tw/static/state.html,C1E691-2025.csv,最大日降水量,22.5,mm,22.5,mm,直接採用該測站 CODiS 2025 年月報表欄位「最大日降水量」作為系統測站層級資料；目前未進行鄉鎮推估。,完整
water,C1E691,南湖,署屬自動站,苗栗縣,大湖鄉,786,120.837533,24.40135,位於南湖台3線135k處之吊樑道山上,2025-11,rainfall,中央氣象署 CODiS / 現存測站清單,https://codis.cwa.gov.tw/ ; https://hdps.cwa.gov.tw/static/state.html,C1E691-2025.csv,降水量,10,mm,10,mm,直接採用該測站 CODiS 2025 年月報表欄位「降水量」作為系統測站層級資料；目前未進行鄉鎮推估。,完整
water,C1E691,南湖,署屬自動站,苗栗縣,大湖鄉,786,120.837533,24.40135,位於南湖台3線135k處之吊樑道山上,2025-11,rainfall_days,中央氣象署 CODiS / 現存測站清單,https://codis.cwa.gov.tw/ ; https://hdps.cwa.gov.tw/static/state.html,C1E691-2025.csv,降水日數,5,day,5,day,直接採用該測站 CODiS 2025 年月報表欄位「降水日數」作為系統測站層級資料；目前未進行鄉鎮推估。,完整
water,C1E691,南湖,署屬自動站,苗栗縣,大湖鄉,786,120.837533,24.40135,位於南湖台3線135k處之吊樑道山上,2025-11,max_daily_rainfall,中央氣象署 CODiS / 現存測站清單,https://codis.cwa.gov.tw/ ; https://hdps.cwa.gov.tw/static/state.html,C1E691-2025.csv,最大日降水量,4,mm,4,mm,直接採用該測站 CODiS 2025 年月報表欄位「最大日降水量」作為系統測站層級資料；目前未進行鄉鎮推估。,完整
water,C1E691,南湖,署屬自動站,苗栗縣,大湖鄉,786,120.837533,24.40135,位於南湖台3線135k處之吊樑道山上,2025-12,rainfall,中央氣象署 CODiS / 現存測站清單,https://codis.cwa.gov.tw/ ; https://hdps.cwa.gov.tw/static/state.html,C1E691-2025.csv,降水量,6.5,mm,6.5,mm,直接採用該測站 CODiS 2025 年月報表欄位「降水量」作為系統測站層級資料；目前未進行鄉鎮推估。,完整
water,C1E691,南湖,署屬自動站,苗栗縣,大湖鄉,786,120.837533,24.40135,位於南湖台3線135k處之吊樑道山上,2025-12,rainfall_days,中央氣象署 CODiS / 現存測站清單,https://codis.cwa.gov.tw/ ; https://hdps.cwa.gov.tw/static/state.html,C1E691-2025.csv,降水日數,1,day,1,day,直接採用該測站 CODiS 2025 年月報表欄位「降水日數」作為系統測站層級資料；目前未進行鄉鎮推估。,完整
water,C1E691,南湖,署屬自動站,苗栗縣,大湖鄉,786,120.837533,24.40135,位於南湖台3線135k處之吊樑道山上,2025-12,max_daily_rainfall,中央氣象署 CODiS / 現存測站清單,https://codis.cwa.gov.tw/ ; https://hdps.cwa.gov.tw/static/state.html,C1E691-2025.csv,最大日降水量,6.5,mm,6.5,mm,直接採用該測站 CODiS 2025 年月報表欄位「最大日降水量」作為系統測站層級資料；目前未進行鄉鎮推估。,完整
water,C1E701,八卦,署屬自動站,苗栗縣,泰安鄉,737,120.927619,24.491756,與八卦派出所相距約1.2k處,2025-01,rainfall,中央氣象署 CODiS / 現存測站清單,https://codis.cwa.gov.tw/ ; https://hdps.cwa.gov.tw/static/state.html,C1E701-2025.csv,降水量,43,mm,43,mm,直接採用該測站 CODiS 2025 年月報表欄位「降水量」作為系統測站層級資料；目前未進行鄉鎮推估。,完整
water,C1E701,八卦,署屬自動站,苗栗縣,泰安鄉,737,120.927619,24.491756,與八卦派出所相距約1.2k處,2025-01,rainfall_days,中央氣象署 CODiS / 現存測站清單,https://codis.cwa.gov.tw/ ; https://hdps.cwa.gov.tw/static/state.html,C1E701-2025.csv,降水日數,9,day,9,day,直接採用該測站 CODiS 2025 年月報表欄位「降水日數」作為系統測站層級資料；目前未進行鄉鎮推估。,完整
water,C1E701,八卦,署屬自動站,苗栗縣,泰安鄉,737,120.927619,24.491756,與八卦派出所相距約1.2k處,2025-01,max_daily_rainfall,中央氣象署 CODiS / 現存測站清單,https://codis.cwa.gov.tw/ ; https://hdps.cwa.gov.tw/static/state.html,C1E701-2025.csv,最大日降水量,12,mm,12,mm,直接採用該測站 CODiS 2025 年月報表欄位「最大日降水量」作為系統測站層級資料；目前未進行鄉鎮推估。,完整
water,C1E701,八卦,署屬自動站,苗栗縣,泰安鄉,737,120.927619,24.491756,與八卦派出所相距約1.2k處,2025-02,rainfall,中央氣象署 CODiS / 現存測站清單,https://codis.cwa.gov.tw/ ; https://hdps.cwa.gov.tw/static/state.html,C1E701-2025.csv,降水量,82.5,mm,82.5,mm,直接採用該測站 CODiS 2025 年月報表欄位「降水量」作為系統測站層級資料；目前未進行鄉鎮推估。,完整
water,C1E701,八卦,署屬自動站,苗栗縣,泰安鄉,737,120.927619,24.491756,與八卦派出所相距約1.2k處,2025-02,rainfall_days,中央氣象署 CODiS / 現存測站清單,https://codis.cwa.gov.tw/ ; https://hdps.cwa.gov.tw/static/state.html,C1E701-2025.csv,降水日數,10,day,10,day,直接採用該測站 CODiS 2025 年月報表欄位「降水日數」作為系統測站層級資料；目前未進行鄉鎮推估。,完整
water,C1E701,八卦,署屬自動站,苗栗縣,泰安鄉,737,120.927619,24.491756,與八卦派出所相距約1.2k處,2025-02,max_daily_rainfall,中央氣象署 CODiS / 現存測站清單,https://codis.cwa.gov.tw/ ; https://hdps.cwa.gov.tw/static/state.html,C1E701-2025.csv,最大日降水量,36.5,mm,36.5,mm,直接採用該測站 CODiS 2025 年月報表欄位「最大日降水量」作為系統測站層級資料；目前未進行鄉鎮推估。,完整
water,C1E701,八卦,署屬自動站,苗栗縣,泰安鄉,737,120.927619,24.491756,與八卦派出所相距約1.2k處,2025-03,rainfall,中央氣象署 CODiS / 現存測站清單,https://codis.cwa.gov.tw/ ; https://hdps.cwa.gov.tw/static/state.html,C1E701-2025.csv,降水量,286.5,mm,286.5,mm,直接採用該測站 CODiS 2025 年月報表欄位「降水量」作為系統測站層級資料；目前未進行鄉鎮推估。,完整
water,C1E701,八卦,署屬自動站,苗栗縣,泰安鄉,737,120.927619,24.491756,與八卦派出所相距約1.2k處,2025-03,rainfall_days,中央氣象署 CODiS / 現存測站清單,https://codis.cwa.gov.tw/ ; https://hdps.cwa.gov.tw/static/state.html,C1E701-2025.csv,降水日數,13,day,13,day,直接採用該測站 CODiS 2025 年月報表欄位「降水日數」作為系統測站層級資料；目前未進行鄉鎮推估。,完整
water,C1E701,八卦,署屬自動站,苗栗縣,泰安鄉,737,120.927619,24.491756,與八卦派出所相距約1.2k處,2025-03,max_daily_rainfall,中央氣象署 CODiS / 現存測站清單,https://codis.cwa.gov.tw/ ; https://hdps.cwa.gov.tw/static/state.html,C1E701-2025.csv,最大日降水量,91.5,mm,91.5,mm,直接採用該測站 CODiS 2025 年月報表欄位「最大日降水量」作為系統測站層級資料；目前未進行鄉鎮推估。,完整
water,C1E701,八卦,署屬自動站,苗栗縣,泰安鄉,737,120.927619,24.491756,與八卦派出所相距約1.2k處,2025-04,rainfall,中央氣象署 CODiS / 現存測站清單,https://codis.cwa.gov.tw/ ; https://hdps.cwa.gov.tw/static/state.html,C1E701-2025.csv,降水量,130,mm,130,mm,直接採用該測站 CODiS 2025 年月報表欄位「降水量」作為系統測站層級資料；目前未進行鄉鎮推估。,完整
water,C1E701,八卦,署屬自動站,苗栗縣,泰安鄉,737,120.927619,24.491756,與八卦派出所相距約1.2k處,2025-04,rainfall_days,中央氣象署 CODiS / 現存測站清單,https://codis.cwa.gov.tw/ ; https://hdps.cwa.gov.tw/static/state.html,C1E701-2025.csv,降水日數,15,day,15,day,直接採用該測站 CODiS 2025 年月報表欄位「降水日數」作為系統測站層級資料；目前未進行鄉鎮推估。,完整
water,C1E701,八卦,署屬自動站,苗栗縣,泰安鄉,737,120.927619,24.491756,與八卦派出所相距約1.2k處,2025-04,max_daily_rainfall,中央氣象署 CODiS / 現存測站清單,https://codis.cwa.gov.tw/ ; https://hdps.cwa.gov.tw/static/state.html,C1E701-2025.csv,最大日降水量,45.5,mm,45.5,mm,直接採用該測站 CODiS 2025 年月報表欄位「最大日降水量」作為系統測站層級資料；目前未進行鄉鎮推估。,完整
water,C1E701,八卦,署屬自動站,苗栗縣,泰安鄉,737,120.927619,24.491756,與八卦派出所相距約1.2k處,2025-05,rainfall,中央氣象署 CODiS / 現存測站清單,https://codis.cwa.gov.tw/ ; https://hdps.cwa.gov.tw/static/state.html,C1E701-2025.csv,降水量,342.5,mm,342.5,mm,直接採用該測站 CODiS 2025 年月報表欄位「降水量」作為系統測站層級資料；目前未進行鄉鎮推估。,完整
water,C1E701,八卦,署屬自動站,苗栗縣,泰安鄉,737,120.927619,24.491756,與八卦派出所相距約1.2k處,2025-05,rainfall_days,中央氣象署 CODiS / 現存測站清單,https://codis.cwa.gov.tw/ ; https://hdps.cwa.gov.tw/static/state.html,C1E701-2025.csv,降水日數,10,day,10,day,直接採用該測站 CODiS 2025 年月報表欄位「降水日數」作為系統測站層級資料；目前未進行鄉鎮推估。,完整
water,C1E701,八卦,署屬自動站,苗栗縣,泰安鄉,737,120.927619,24.491756,與八卦派出所相距約1.2k處,2025-05,max_daily_rainfall,中央氣象署 CODiS / 現存測站清單,https://codis.cwa.gov.tw/ ; https://hdps.cwa.gov.tw/static/state.html,C1E701-2025.csv,最大日降水量,88.5,mm,88.5,mm,直接採用該測站 CODiS 2025 年月報表欄位「最大日降水量」作為系統測站層級資料；目前未進行鄉鎮推估。,完整
water,C1E701,八卦,署屬自動站,苗栗縣,泰安鄉,737,120.927619,24.491756,與八卦派出所相距約1.2k處,2025-06,rainfall,中央氣象署 CODiS / 現存測站清單,https://codis.cwa.gov.tw/ ; https://hdps.cwa.gov.tw/static/state.html,C1E701-2025.csv,降水量,202.5,mm,202.5,mm,直接採用該測站 CODiS 2025 年月報表欄位「降水量」作為系統測站層級資料；目前未進行鄉鎮推估。,完整
water,C1E701,八卦,署屬自動站,苗栗縣,泰安鄉,737,120.927619,24.491756,與八卦派出所相距約1.2k處,2025-06,rainfall_days,中央氣象署 CODiS / 現存測站清單,https://codis.cwa.gov.tw/ ; https://hdps.cwa.gov.tw/static/state.html,C1E701-2025.csv,降水日數,15,day,15,day,直接採用該測站 CODiS 2025 年月報表欄位「降水日數」作為系統測站層級資料；目前未進行鄉鎮推估。,完整
water,C1E701,八卦,署屬自動站,苗栗縣,泰安鄉,737,120.927619,24.491756,與八卦派出所相距約1.2k處,2025-06,max_daily_rainfall,中央氣象署 CODiS / 現存測站清單,https://codis.cwa.gov.tw/ ; https://hdps.cwa.gov.tw/static/state.html,C1E701-2025.csv,最大日降水量,46.5,mm,46.5,mm,直接採用該測站 CODiS 2025 年月報表欄位「最大日降水量」作為系統測站層級資料；目前未進行鄉鎮推估。,完整
water,C1E701,八卦,署屬自動站,苗栗縣,泰安鄉,737,120.927619,24.491756,與八卦派出所相距約1.2k處,2025-07,rainfall,中央氣象署 CODiS / 現存測站清單,https://codis.cwa.gov.tw/ ; https://hdps.cwa.gov.tw/static/state.html,C1E701-2025.csv,降水量,531,mm,531,mm,直接採用該測站 CODiS 2025 年月報表欄位「降水量」作為系統測站層級資料；目前未進行鄉鎮推估。,完整
water,C1E701,八卦,署屬自動站,苗栗縣,泰安鄉,737,120.927619,24.491756,與八卦派出所相距約1.2k處,2025-07,rainfall_days,中央氣象署 CODiS / 現存測站清單,https://codis.cwa.gov.tw/ ; https://hdps.cwa.gov.tw/static/state.html,C1E701-2025.csv,降水日數,22,day,22,day,直接採用該測站 CODiS 2025 年月報表欄位「降水日數」作為系統測站層級資料；目前未進行鄉鎮推估。,完整
water,C1E701,八卦,署屬自動站,苗栗縣,泰安鄉,737,120.927619,24.491756,與八卦派出所相距約1.2k處,2025-07,max_daily_rainfall,中央氣象署 CODiS / 現存測站清單,https://codis.cwa.gov.tw/ ; https://hdps.cwa.gov.tw/static/state.html,C1E701-2025.csv,最大日降水量,106,mm,106,mm,直接採用該測站 CODiS 2025 年月報表欄位「最大日降水量」作為系統測站層級資料；目前未進行鄉鎮推估。,完整
water,C1E701,八卦,署屬自動站,苗栗縣,泰安鄉,737,120.927619,24.491756,與八卦派出所相距約1.2k處,2025-08,rainfall,中央氣象署 CODiS / 現存測站清單,https://codis.cwa.gov.tw/ ; https://hdps.cwa.gov.tw/static/state.html,C1E701-2025.csv,降水量,141,mm,141,mm,直接採用該測站 CODiS 2025 年月報表欄位「降水量」作為系統測站層級資料；目前未進行鄉鎮推估。,完整
water,C1E701,八卦,署屬自動站,苗栗縣,泰安鄉,737,120.927619,24.491756,與八卦派出所相距約1.2k處,2025-08,rainfall_days,中央氣象署 CODiS / 現存測站清單,https://codis.cwa.gov.tw/ ; https://hdps.cwa.gov.tw/static/state.html,C1E701-2025.csv,降水日數,13,day,13,day,直接採用該測站 CODiS 2025 年月報表欄位「降水日數」作為系統測站層級資料；目前未進行鄉鎮推估。,完整
water,C1E701,八卦,署屬自動站,苗栗縣,泰安鄉,737,120.927619,24.491756,與八卦派出所相距約1.2k處,2025-08,max_daily_rainfall,中央氣象署 CODiS / 現存測站清單,https://codis.cwa.gov.tw/ ; https://hdps.cwa.gov.tw/static/state.html,C1E701-2025.csv,最大日降水量,56,mm,56,mm,直接採用該測站 CODiS 2025 年月報表欄位「最大日降水量」作為系統測站層級資料；目前未進行鄉鎮推估。,完整
water,C1E701,八卦,署屬自動站,苗栗縣,泰安鄉,737,120.927619,24.491756,與八卦派出所相距約1.2k處,2025-09,rainfall,中央氣象署 CODiS / 現存測站清單,https://codis.cwa.gov.tw/ ; https://hdps.cwa.gov.tw/static/state.html,C1E701-2025.csv,降水量,202.5,mm,202.5,mm,直接採用該測站 CODiS 2025 年月報表欄位「降水量」作為系統測站層級資料；目前未進行鄉鎮推估。,完整
water,C1E701,八卦,署屬自動站,苗栗縣,泰安鄉,737,120.927619,24.491756,與八卦派出所相距約1.2k處,2025-09,rainfall_days,中央氣象署 CODiS / 現存測站清單,https://codis.cwa.gov.tw/ ; https://hdps.cwa.gov.tw/static/state.html,C1E701-2025.csv,降水日數,13,day,13,day,直接採用該測站 CODiS 2025 年月報表欄位「降水日數」作為系統測站層級資料；目前未進行鄉鎮推估。,完整
water,C1E701,八卦,署屬自動站,苗栗縣,泰安鄉,737,120.927619,24.491756,與八卦派出所相距約1.2k處,2025-09,max_daily_rainfall,中央氣象署 CODiS / 現存測站清單,https://codis.cwa.gov.tw/ ; https://hdps.cwa.gov.tw/static/state.html,C1E701-2025.csv,最大日降水量,111,mm,111,mm,直接採用該測站 CODiS 2025 年月報表欄位「最大日降水量」作為系統測站層級資料；目前未進行鄉鎮推估。,完整
water,C1E701,八卦,署屬自動站,苗栗縣,泰安鄉,737,120.927619,24.491756,與八卦派出所相距約1.2k處,2025-10,rainfall,中央氣象署 CODiS / 現存測站清單,https://codis.cwa.gov.tw/ ; https://hdps.cwa.gov.tw/static/state.html,C1E701-2025.csv,降水量,21.5,mm,21.5,mm,直接採用該測站 CODiS 2025 年月報表欄位「降水量」作為系統測站層級資料；目前未進行鄉鎮推估。,完整
water,C1E701,八卦,署屬自動站,苗栗縣,泰安鄉,737,120.927619,24.491756,與八卦派出所相距約1.2k處,2025-10,rainfall_days,中央氣象署 CODiS / 現存測站清單,https://codis.cwa.gov.tw/ ; https://hdps.cwa.gov.tw/static/state.html,C1E701-2025.csv,降水日數,3,day,3,day,直接採用該測站 CODiS 2025 年月報表欄位「降水日數」作為系統測站層級資料；目前未進行鄉鎮推估。,完整
water,C1E701,八卦,署屬自動站,苗栗縣,泰安鄉,737,120.927619,24.491756,與八卦派出所相距約1.2k處,2025-10,max_daily_rainfall,中央氣象署 CODiS / 現存測站清單,https://codis.cwa.gov.tw/ ; https://hdps.cwa.gov.tw/static/state.html,C1E701-2025.csv,最大日降水量,18,mm,18,mm,直接採用該測站 CODiS 2025 年月報表欄位「最大日降水量」作為系統測站層級資料；目前未進行鄉鎮推估。,完整
water,C1E701,八卦,署屬自動站,苗栗縣,泰安鄉,737,120.927619,24.491756,與八卦派出所相距約1.2k處,2025-11,rainfall,中央氣象署 CODiS / 現存測站清單,https://codis.cwa.gov.tw/ ; https://hdps.cwa.gov.tw/static/state.html,C1E701-2025.csv,降水量,21,mm,21,mm,直接採用該測站 CODiS 2025 年月報表欄位「降水量」作為系統測站層級資料；目前未進行鄉鎮推估。,完整
water,C1E701,八卦,署屬自動站,苗栗縣,泰安鄉,737,120.927619,24.491756,與八卦派出所相距約1.2k處,2025-11,rainfall_days,中央氣象署 CODiS / 現存測站清單,https://codis.cwa.gov.tw/ ; https://hdps.cwa.gov.tw/static/state.html,C1E701-2025.csv,降水日數,8,day,8,day,直接採用該測站 CODiS 2025 年月報表欄位「降水日數」作為系統測站層級資料；目前未進行鄉鎮推估。,完整
water,C1E701,八卦,署屬自動站,苗栗縣,泰安鄉,737,120.927619,24.491756,與八卦派出所相距約1.2k處,2025-11,max_daily_rainfall,中央氣象署 CODiS / 現存測站清單,https://codis.cwa.gov.tw/ ; https://hdps.cwa.gov.tw/static/state.html,C1E701-2025.csv,最大日降水量,8,mm,8,mm,直接採用該測站 CODiS 2025 年月報表欄位「最大日降水量」作為系統測站層級資料；目前未進行鄉鎮推估。,完整
water,C1E701,八卦,署屬自動站,苗栗縣,泰安鄉,737,120.927619,24.491756,與八卦派出所相距約1.2k處,2025-12,rainfall,中央氣象署 CODiS / 現存測站清單,https://codis.cwa.gov.tw/ ; https://hdps.cwa.gov.tw/static/state.html,C1E701-2025.csv,降水量,5.5,mm,5.5,mm,直接採用該測站 CODiS 2025 年月報表欄位「降水量」作為系統測站層級資料；目前未進行鄉鎮推估。,完整
water,C1E701,八卦,署屬自動站,苗栗縣,泰安鄉,737,120.927619,24.491756,與八卦派出所相距約1.2k處,2025-12,rainfall_days,中央氣象署 CODiS / 現存測站清單,https://codis.cwa.gov.tw/ ; https://hdps.cwa.gov.tw/static/state.html,C1E701-2025.csv,降水日數,4,day,4,day,直接採用該測站 CODiS 2025 年月報表欄位「降水日數」作為系統測站層級資料；目前未進行鄉鎮推估。,完整
water,C1E701,八卦,署屬自動站,苗栗縣,泰安鄉,737,120.927619,24.491756,與八卦派出所相距約1.2k處,2025-12,max_daily_rainfall,中央氣象署 CODiS / 現存測站清單,https://codis.cwa.gov.tw/ ; https://hdps.cwa.gov.tw/static/state.html,C1E701-2025.csv,最大日降水量,2.5,mm,2.5,mm,直接採用該測站 CODiS 2025 年月報表欄位「最大日降水量」作為系統測站層級資料；目前未進行鄉鎮推估。,完整
water,C1E711,馬拉邦山,署屬自動站,苗栗縣,大湖鄉,990,120.901656,24.367306,東興村(馬拉邦山登山口),2025-01,rainfall,中央氣象署 CODiS / 現存測站清單,https://codis.cwa.gov.tw/ ; https://hdps.cwa.gov.tw/static/state.html,C1E711-2025.csv,降水量,41,mm,41,mm,直接採用該測站 CODiS 2025 年月報表欄位「降水量」作為系統測站層級資料；目前未進行鄉鎮推估。,完整
water,C1E711,馬拉邦山,署屬自動站,苗栗縣,大湖鄉,990,120.901656,24.367306,東興村(馬拉邦山登山口),2025-01,rainfall_days,中央氣象署 CODiS / 現存測站清單,https://codis.cwa.gov.tw/ ; https://hdps.cwa.gov.tw/static/state.html,C1E711-2025.csv,降水日數,9,day,9,day,直接採用該測站 CODiS 2025 年月報表欄位「降水日數」作為系統測站層級資料；目前未進行鄉鎮推估。,完整
water,C1E711,馬拉邦山,署屬自動站,苗栗縣,大湖鄉,990,120.901656,24.367306,東興村(馬拉邦山登山口),2025-01,max_daily_rainfall,中央氣象署 CODiS / 現存測站清單,https://codis.cwa.gov.tw/ ; https://hdps.cwa.gov.tw/static/state.html,C1E711-2025.csv,最大日降水量,10.5,mm,10.5,mm,直接採用該測站 CODiS 2025 年月報表欄位「最大日降水量」作為系統測站層級資料；目前未進行鄉鎮推估。,完整
water,C1E711,馬拉邦山,署屬自動站,苗栗縣,大湖鄉,990,120.901656,24.367306,東興村(馬拉邦山登山口),2025-02,rainfall,中央氣象署 CODiS / 現存測站清單,https://codis.cwa.gov.tw/ ; https://hdps.cwa.gov.tw/static/state.html,C1E711-2025.csv,降水量,89.5,mm,89.5,mm,直接採用該測站 CODiS 2025 年月報表欄位「降水量」作為系統測站層級資料；目前未進行鄉鎮推估。,完整
water,C1E711,馬拉邦山,署屬自動站,苗栗縣,大湖鄉,990,120.901656,24.367306,東興村(馬拉邦山登山口),2025-02,rainfall_days,中央氣象署 CODiS / 現存測站清單,https://codis.cwa.gov.tw/ ; https://hdps.cwa.gov.tw/static/state.html,C1E711-2025.csv,降水日數,9,day,9,day,直接採用該測站 CODiS 2025 年月報表欄位「降水日數」作為系統測站層級資料；目前未進行鄉鎮推估。,完整
water,C1E711,馬拉邦山,署屬自動站,苗栗縣,大湖鄉,990,120.901656,24.367306,東興村(馬拉邦山登山口),2025-02,max_daily_rainfall,中央氣象署 CODiS / 現存測站清單,https://codis.cwa.gov.tw/ ; https://hdps.cwa.gov.tw/static/state.html,C1E711-2025.csv,最大日降水量,44,mm,44,mm,直接採用該測站 CODiS 2025 年月報表欄位「最大日降水量」作為系統測站層級資料；目前未進行鄉鎮推估。,完整
water,C1E711,馬拉邦山,署屬自動站,苗栗縣,大湖鄉,990,120.901656,24.367306,東興村(馬拉邦山登山口),2025-03,rainfall,中央氣象署 CODiS / 現存測站清單,https://codis.cwa.gov.tw/ ; https://hdps.cwa.gov.tw/static/state.html,C1E711-2025.csv,降水量,244,mm,244,mm,直接採用該測站 CODiS 2025 年月報表欄位「降水量」作為系統測站層級資料；目前未進行鄉鎮推估。,完整
water,C1E711,馬拉邦山,署屬自動站,苗栗縣,大湖鄉,990,120.901656,24.367306,東興村(馬拉邦山登山口),2025-03,rainfall_days,中央氣象署 CODiS / 現存測站清單,https://codis.cwa.gov.tw/ ; https://hdps.cwa.gov.tw/static/state.html,C1E711-2025.csv,降水日數,12,day,12,day,直接採用該測站 CODiS 2025 年月報表欄位「降水日數」作為系統測站層級資料；目前未進行鄉鎮推估。,完整
water,C1E711,馬拉邦山,署屬自動站,苗栗縣,大湖鄉,990,120.901656,24.367306,東興村(馬拉邦山登山口),2025-03,max_daily_rainfall,中央氣象署 CODiS / 現存測站清單,https://codis.cwa.gov.tw/ ; https://hdps.cwa.gov.tw/static/state.html,C1E711-2025.csv,最大日降水量,59.5,mm,59.5,mm,直接採用該測站 CODiS 2025 年月報表欄位「最大日降水量」作為系統測站層級資料；目前未進行鄉鎮推估。,完整
water,C1E711,馬拉邦山,署屬自動站,苗栗縣,大湖鄉,990,120.901656,24.367306,東興村(馬拉邦山登山口),2025-04,rainfall,中央氣象署 CODiS / 現存測站清單,https://codis.cwa.gov.tw/ ; https://hdps.cwa.gov.tw/static/state.html,C1E711-2025.csv,降水量,139.5,mm,139.5,mm,直接採用該測站 CODiS 2025 年月報表欄位「降水量」作為系統測站層級資料；目前未進行鄉鎮推估。,完整
water,C1E711,馬拉邦山,署屬自動站,苗栗縣,大湖鄉,990,120.901656,24.367306,東興村(馬拉邦山登山口),2025-04,rainfall_days,中央氣象署 CODiS / 現存測站清單,https://codis.cwa.gov.tw/ ; https://hdps.cwa.gov.tw/static/state.html,C1E711-2025.csv,降水日數,14,day,14,day,直接採用該測站 CODiS 2025 年月報表欄位「降水日數」作為系統測站層級資料；目前未進行鄉鎮推估。,完整
water,C1E711,馬拉邦山,署屬自動站,苗栗縣,大湖鄉,990,120.901656,24.367306,東興村(馬拉邦山登山口),2025-04,max_daily_rainfall,中央氣象署 CODiS / 現存測站清單,https://codis.cwa.gov.tw/ ; https://hdps.cwa.gov.tw/static/state.html,C1E711-2025.csv,最大日降水量,44,mm,44,mm,直接採用該測站 CODiS 2025 年月報表欄位「最大日降水量」作為系統測站層級資料；目前未進行鄉鎮推估。,完整
water,C1E711,馬拉邦山,署屬自動站,苗栗縣,大湖鄉,990,120.901656,24.367306,東興村(馬拉邦山登山口),2025-05,rainfall,中央氣象署 CODiS / 現存測站清單,https://codis.cwa.gov.tw/ ; https://hdps.cwa.gov.tw/static/state.html,C1E711-2025.csv,降水量,314.5,mm,314.5,mm,直接採用該測站 CODiS 2025 年月報表欄位「降水量」作為系統測站層級資料；目前未進行鄉鎮推估。,完整
water,C1E711,馬拉邦山,署屬自動站,苗栗縣,大湖鄉,990,120.901656,24.367306,東興村(馬拉邦山登山口),2025-05,rainfall_days,中央氣象署 CODiS / 現存測站清單,https://codis.cwa.gov.tw/ ; https://hdps.cwa.gov.tw/static/state.html,C1E711-2025.csv,降水日數,12,day,12,day,直接採用該測站 CODiS 2025 年月報表欄位「降水日數」作為系統測站層級資料；目前未進行鄉鎮推估。,完整
water,C1E711,馬拉邦山,署屬自動站,苗栗縣,大湖鄉,990,120.901656,24.367306,東興村(馬拉邦山登山口),2025-05,max_daily_rainfall,中央氣象署 CODiS / 現存測站清單,https://codis.cwa.gov.tw/ ; https://hdps.cwa.gov.tw/static/state.html,C1E711-2025.csv,最大日降水量,87.5,mm,87.5,mm,直接採用該測站 CODiS 2025 年月報表欄位「最大日降水量」作為系統測站層級資料；目前未進行鄉鎮推估。,完整
water,C1E711,馬拉邦山,署屬自動站,苗栗縣,大湖鄉,990,120.901656,24.367306,東興村(馬拉邦山登山口),2025-06,rainfall,中央氣象署 CODiS / 現存測站清單,https://codis.cwa.gov.tw/ ; https://hdps.cwa.gov.tw/static/state.html,C1E711-2025.csv,降水量,298.5,mm,298.5,mm,直接採用該測站 CODiS 2025 年月報表欄位「降水量」作為系統測站層級資料；目前未進行鄉鎮推估。,完整
water,C1E711,馬拉邦山,署屬自動站,苗栗縣,大湖鄉,990,120.901656,24.367306,東興村(馬拉邦山登山口),2025-06,rainfall_days,中央氣象署 CODiS / 現存測站清單,https://codis.cwa.gov.tw/ ; https://hdps.cwa.gov.tw/static/state.html,C1E711-2025.csv,降水日數,19,day,19,day,直接採用該測站 CODiS 2025 年月報表欄位「降水日數」作為系統測站層級資料；目前未進行鄉鎮推估。,完整
water,C1E711,馬拉邦山,署屬自動站,苗栗縣,大湖鄉,990,120.901656,24.367306,東興村(馬拉邦山登山口),2025-06,max_daily_rainfall,中央氣象署 CODiS / 現存測站清單,https://codis.cwa.gov.tw/ ; https://hdps.cwa.gov.tw/static/state.html,C1E711-2025.csv,最大日降水量,71,mm,71,mm,直接採用該測站 CODiS 2025 年月報表欄位「最大日降水量」作為系統測站層級資料；目前未進行鄉鎮推估。,完整
water,C1E711,馬拉邦山,署屬自動站,苗栗縣,大湖鄉,990,120.901656,24.367306,東興村(馬拉邦山登山口),2025-07,rainfall,中央氣象署 CODiS / 現存測站清單,https://codis.cwa.gov.tw/ ; https://hdps.cwa.gov.tw/static/state.html,C1E711-2025.csv,降水量,713.5,mm,713.5,mm,直接採用該測站 CODiS 2025 年月報表欄位「降水量」作為系統測站層級資料；目前未進行鄉鎮推估。,完整
water,C1E711,馬拉邦山,署屬自動站,苗栗縣,大湖鄉,990,120.901656,24.367306,東興村(馬拉邦山登山口),2025-07,rainfall_days,中央氣象署 CODiS / 現存測站清單,https://codis.cwa.gov.tw/ ; https://hdps.cwa.gov.tw/static/state.html,C1E711-2025.csv,降水日數,24,day,24,day,直接採用該測站 CODiS 2025 年月報表欄位「降水日數」作為系統測站層級資料；目前未進行鄉鎮推估。,完整
water,C1E711,馬拉邦山,署屬自動站,苗栗縣,大湖鄉,990,120.901656,24.367306,東興村(馬拉邦山登山口),2025-07,max_daily_rainfall,中央氣象署 CODiS / 現存測站清單,https://codis.cwa.gov.tw/ ; https://hdps.cwa.gov.tw/static/state.html,C1E711-2025.csv,最大日降水量,158.5,mm,158.5,mm,直接採用該測站 CODiS 2025 年月報表欄位「最大日降水量」作為系統測站層級資料；目前未進行鄉鎮推估。,完整
water,C1E711,馬拉邦山,署屬自動站,苗栗縣,大湖鄉,990,120.901656,24.367306,東興村(馬拉邦山登山口),2025-08,rainfall,中央氣象署 CODiS / 現存測站清單,https://codis.cwa.gov.tw/ ; https://hdps.cwa.gov.tw/static/state.html,C1E711-2025.csv,降水量,230.5,mm,230.5,mm,直接採用該測站 CODiS 2025 年月報表欄位「降水量」作為系統測站層級資料；目前未進行鄉鎮推估。,完整
water,C1E711,馬拉邦山,署屬自動站,苗栗縣,大湖鄉,990,120.901656,24.367306,東興村(馬拉邦山登山口),2025-08,rainfall_days,中央氣象署 CODiS / 現存測站清單,https://codis.cwa.gov.tw/ ; https://hdps.cwa.gov.tw/static/state.html,C1E711-2025.csv,降水日數,16,day,16,day,直接採用該測站 CODiS 2025 年月報表欄位「降水日數」作為系統測站層級資料；目前未進行鄉鎮推估。,完整
water,C1E711,馬拉邦山,署屬自動站,苗栗縣,大湖鄉,990,120.901656,24.367306,東興村(馬拉邦山登山口),2025-08,max_daily_rainfall,中央氣象署 CODiS / 現存測站清單,https://codis.cwa.gov.tw/ ; https://hdps.cwa.gov.tw/static/state.html,C1E711-2025.csv,最大日降水量,63.5,mm,63.5,mm,直接採用該測站 CODiS 2025 年月報表欄位「最大日降水量」作為系統測站層級資料；目前未進行鄉鎮推估。,完整
water,C1E711,馬拉邦山,署屬自動站,苗栗縣,大湖鄉,990,120.901656,24.367306,東興村(馬拉邦山登山口),2025-09,rainfall,中央氣象署 CODiS / 現存測站清單,https://codis.cwa.gov.tw/ ; https://hdps.cwa.gov.tw/static/state.html,C1E711-2025.csv,降水量,274,mm,274,mm,直接採用該測站 CODiS 2025 年月報表欄位「降水量」作為系統測站層級資料；目前未進行鄉鎮推估。,完整
water,C1E711,馬拉邦山,署屬自動站,苗栗縣,大湖鄉,990,120.901656,24.367306,東興村(馬拉邦山登山口),2025-09,rainfall_days,中央氣象署 CODiS / 現存測站清單,https://codis.cwa.gov.tw/ ; https://hdps.cwa.gov.tw/static/state.html,C1E711-2025.csv,降水日數,14,day,14,day,直接採用該測站 CODiS 2025 年月報表欄位「降水日數」作為系統測站層級資料；目前未進行鄉鎮推估。,完整
water,C1E711,馬拉邦山,署屬自動站,苗栗縣,大湖鄉,990,120.901656,24.367306,東興村(馬拉邦山登山口),2025-09,max_daily_rainfall,中央氣象署 CODiS / 現存測站清單,https://codis.cwa.gov.tw/ ; https://hdps.cwa.gov.tw/static/state.html,C1E711-2025.csv,最大日降水量,118.5,mm,118.5,mm,直接採用該測站 CODiS 2025 年月報表欄位「最大日降水量」作為系統測站層級資料；目前未進行鄉鎮推估。,完整
water,C1E711,馬拉邦山,署屬自動站,苗栗縣,大湖鄉,990,120.901656,24.367306,東興村(馬拉邦山登山口),2025-10,rainfall,中央氣象署 CODiS / 現存測站清單,https://codis.cwa.gov.tw/ ; https://hdps.cwa.gov.tw/static/state.html,C1E711-2025.csv,降水量,33.5,mm,33.5,mm,直接採用該測站 CODiS 2025 年月報表欄位「降水量」作為系統測站層級資料；目前未進行鄉鎮推估。,完整
water,C1E711,馬拉邦山,署屬自動站,苗栗縣,大湖鄉,990,120.901656,24.367306,東興村(馬拉邦山登山口),2025-10,rainfall_days,中央氣象署 CODiS / 現存測站清單,https://codis.cwa.gov.tw/ ; https://hdps.cwa.gov.tw/static/state.html,C1E711-2025.csv,降水日數,5,day,5,day,直接採用該測站 CODiS 2025 年月報表欄位「降水日數」作為系統測站層級資料；目前未進行鄉鎮推估。,完整
water,C1E711,馬拉邦山,署屬自動站,苗栗縣,大湖鄉,990,120.901656,24.367306,東興村(馬拉邦山登山口),2025-10,max_daily_rainfall,中央氣象署 CODiS / 現存測站清單,https://codis.cwa.gov.tw/ ; https://hdps.cwa.gov.tw/static/state.html,C1E711-2025.csv,最大日降水量,17,mm,17,mm,直接採用該測站 CODiS 2025 年月報表欄位「最大日降水量」作為系統測站層級資料；目前未進行鄉鎮推估。,完整
water,C1E711,馬拉邦山,署屬自動站,苗栗縣,大湖鄉,990,120.901656,24.367306,東興村(馬拉邦山登山口),2025-11,rainfall,中央氣象署 CODiS / 現存測站清單,https://codis.cwa.gov.tw/ ; https://hdps.cwa.gov.tw/static/state.html,C1E711-2025.csv,降水量,11.5,mm,11.5,mm,直接採用該測站 CODiS 2025 年月報表欄位「降水量」作為系統測站層級資料；目前未進行鄉鎮推估。,完整
water,C1E711,馬拉邦山,署屬自動站,苗栗縣,大湖鄉,990,120.901656,24.367306,東興村(馬拉邦山登山口),2025-11,rainfall_days,中央氣象署 CODiS / 現存測站清單,https://codis.cwa.gov.tw/ ; https://hdps.cwa.gov.tw/static/state.html,C1E711-2025.csv,降水日數,3,day,3,day,直接採用該測站 CODiS 2025 年月報表欄位「降水日數」作為系統測站層級資料；目前未進行鄉鎮推估。,完整
water,C1E711,馬拉邦山,署屬自動站,苗栗縣,大湖鄉,990,120.901656,24.367306,東興村(馬拉邦山登山口),2025-11,max_daily_rainfall,中央氣象署 CODiS / 現存測站清單,https://codis.cwa.gov.tw/ ; https://hdps.cwa.gov.tw/static/state.html,C1E711-2025.csv,最大日降水量,6.5,mm,6.5,mm,直接採用該測站 CODiS 2025 年月報表欄位「最大日降水量」作為系統測站層級資料；目前未進行鄉鎮推估。,完整
water,C1E711,馬拉邦山,署屬自動站,苗栗縣,大湖鄉,990,120.901656,24.367306,東興村(馬拉邦山登山口),2025-12,rainfall,中央氣象署 CODiS / 現存測站清單,https://codis.cwa.gov.tw/ ; https://hdps.cwa.gov.tw/static/state.html,C1E711-2025.csv,降水量,7.5,mm,7.5,mm,直接採用該測站 CODiS 2025 年月報表欄位「降水量」作為系統測站層級資料；目前未進行鄉鎮推估。,完整
water,C1E711,馬拉邦山,署屬自動站,苗栗縣,大湖鄉,990,120.901656,24.367306,東興村(馬拉邦山登山口),2025-12,rainfall_days,中央氣象署 CODiS / 現存測站清單,https://codis.cwa.gov.tw/ ; https://hdps.cwa.gov.tw/static/state.html,C1E711-2025.csv,降水日數,4,day,4,day,直接採用該測站 CODiS 2025 年月報表欄位「降水日數」作為系統測站層級資料；目前未進行鄉鎮推估。,完整
water,C1E711,馬拉邦山,署屬自動站,苗栗縣,大湖鄉,990,120.901656,24.367306,東興村(馬拉邦山登山口),2025-12,max_daily_rainfall,中央氣象署 CODiS / 現存測站清單,https://codis.cwa.gov.tw/ ; https://hdps.cwa.gov.tw/static/state.html,C1E711-2025.csv,最大日降水量,4.5,mm,4.5,mm,直接採用該測站 CODiS 2025 年月報表欄位「最大日降水量」作為系統測站層級資料；目前未進行鄉鎮推估。,完整
water,C1E721,泰安,署屬自動站,苗栗縣,泰安鄉,1409,120.968036,24.489017,橫龍古道上(走路約5分鐘)之大湖事業區18林班地,2025-01,rainfall,中央氣象署 CODiS / 現存測站清單,https://codis.cwa.gov.tw/ ; https://hdps.cwa.gov.tw/static/state.html,C1E721-2025.csv,降水量,21,mm,21,mm,直接採用該測站 CODiS 2025 年月報表欄位「降水量」作為系統測站層級資料；目前未進行鄉鎮推估。,完整
water,C1E721,泰安,署屬自動站,苗栗縣,泰安鄉,1409,120.968036,24.489017,橫龍古道上(走路約5分鐘)之大湖事業區18林班地,2025-01,rainfall_days,中央氣象署 CODiS / 現存測站清單,https://codis.cwa.gov.tw/ ; https://hdps.cwa.gov.tw/static/state.html,C1E721-2025.csv,降水日數,5,day,5,day,直接採用該測站 CODiS 2025 年月報表欄位「降水日數」作為系統測站層級資料；目前未進行鄉鎮推估。,完整
water,C1E721,泰安,署屬自動站,苗栗縣,泰安鄉,1409,120.968036,24.489017,橫龍古道上(走路約5分鐘)之大湖事業區18林班地,2025-01,max_daily_rainfall,中央氣象署 CODiS / 現存測站清單,https://codis.cwa.gov.tw/ ; https://hdps.cwa.gov.tw/static/state.html,C1E721-2025.csv,最大日降水量,8,mm,8,mm,直接採用該測站 CODiS 2025 年月報表欄位「最大日降水量」作為系統測站層級資料；目前未進行鄉鎮推估。,完整
water,C1E721,泰安,署屬自動站,苗栗縣,泰安鄉,1409,120.968036,24.489017,橫龍古道上(走路約5分鐘)之大湖事業區18林班地,2025-02,rainfall,中央氣象署 CODiS / 現存測站清單,https://codis.cwa.gov.tw/ ; https://hdps.cwa.gov.tw/static/state.html,C1E721-2025.csv,降水量,,mm,,mm,直接採用該測站 CODiS 2025 年月報表欄位「降水量」作為系統測站層級資料；目前未進行鄉鎮推估。,缺值
water,C1E721,泰安,署屬自動站,苗栗縣,泰安鄉,1409,120.968036,24.489017,橫龍古道上(走路約5分鐘)之大湖事業區18林班地,2025-02,rainfall_days,中央氣象署 CODiS / 現存測站清單,https://codis.cwa.gov.tw/ ; https://hdps.cwa.gov.tw/static/state.html,C1E721-2025.csv,降水日數,,day,,day,直接採用該測站 CODiS 2025 年月報表欄位「降水日數」作為系統測站層級資料；目前未進行鄉鎮推估。,缺值
water,C1E721,泰安,署屬自動站,苗栗縣,泰安鄉,1409,120.968036,24.489017,橫龍古道上(走路約5分鐘)之大湖事業區18林班地,2025-02,max_daily_rainfall,中央氣象署 CODiS / 現存測站清單,https://codis.cwa.gov.tw/ ; https://hdps.cwa.gov.tw/static/state.html,C1E721-2025.csv,最大日降水量,,mm,,mm,直接採用該測站 CODiS 2025 年月報表欄位「最大日降水量」作為系統測站層級資料；目前未進行鄉鎮推估。,缺值
water,C1E721,泰安,署屬自動站,苗栗縣,泰安鄉,1409,120.968036,24.489017,橫龍古道上(走路約5分鐘)之大湖事業區18林班地,2025-03,rainfall,中央氣象署 CODiS / 現存測站清單,https://codis.cwa.gov.tw/ ; https://hdps.cwa.gov.tw/static/state.html,C1E721-2025.csv,降水量,,mm,,mm,直接採用該測站 CODiS 2025 年月報表欄位「降水量」作為系統測站層級資料；目前未進行鄉鎮推估。,缺值
water,C1E721,泰安,署屬自動站,苗栗縣,泰安鄉,1409,120.968036,24.489017,橫龍古道上(走路約5分鐘)之大湖事業區18林班地,2025-03,rainfall_days,中央氣象署 CODiS / 現存測站清單,https://codis.cwa.gov.tw/ ; https://hdps.cwa.gov.tw/static/state.html,C1E721-2025.csv,降水日數,,day,,day,直接採用該測站 CODiS 2025 年月報表欄位「降水日數」作為系統測站層級資料；目前未進行鄉鎮推估。,缺值
water,C1E721,泰安,署屬自動站,苗栗縣,泰安鄉,1409,120.968036,24.489017,橫龍古道上(走路約5分鐘)之大湖事業區18林班地,2025-03,max_daily_rainfall,中央氣象署 CODiS / 現存測站清單,https://codis.cwa.gov.tw/ ; https://hdps.cwa.gov.tw/static/state.html,C1E721-2025.csv,最大日降水量,,mm,,mm,直接採用該測站 CODiS 2025 年月報表欄位「最大日降水量」作為系統測站層級資料；目前未進行鄉鎮推估。,缺值
water,C1E721,泰安,署屬自動站,苗栗縣,泰安鄉,1409,120.968036,24.489017,橫龍古道上(走路約5分鐘)之大湖事業區18林班地,2025-04,rainfall,中央氣象署 CODiS / 現存測站清單,https://codis.cwa.gov.tw/ ; https://hdps.cwa.gov.tw/static/state.html,C1E721-2025.csv,降水量,,mm,,mm,直接採用該測站 CODiS 2025 年月報表欄位「降水量」作為系統測站層級資料；目前未進行鄉鎮推估。,缺值
water,C1E721,泰安,署屬自動站,苗栗縣,泰安鄉,1409,120.968036,24.489017,橫龍古道上(走路約5分鐘)之大湖事業區18林班地,2025-04,rainfall_days,中央氣象署 CODiS / 現存測站清單,https://codis.cwa.gov.tw/ ; https://hdps.cwa.gov.tw/static/state.html,C1E721-2025.csv,降水日數,,day,,day,直接採用該測站 CODiS 2025 年月報表欄位「降水日數」作為系統測站層級資料；目前未進行鄉鎮推估。,缺值
water,C1E721,泰安,署屬自動站,苗栗縣,泰安鄉,1409,120.968036,24.489017,橫龍古道上(走路約5分鐘)之大湖事業區18林班地,2025-04,max_daily_rainfall,中央氣象署 CODiS / 現存測站清單,https://codis.cwa.gov.tw/ ; https://hdps.cwa.gov.tw/static/state.html,C1E721-2025.csv,最大日降水量,,mm,,mm,直接採用該測站 CODiS 2025 年月報表欄位「最大日降水量」作為系統測站層級資料；目前未進行鄉鎮推估。,缺值
water,C1E721,泰安,署屬自動站,苗栗縣,泰安鄉,1409,120.968036,24.489017,橫龍古道上(走路約5分鐘)之大湖事業區18林班地,2025-05,rainfall,中央氣象署 CODiS / 現存測站清單,https://codis.cwa.gov.tw/ ; https://hdps.cwa.gov.tw/static/state.html,C1E721-2025.csv,降水量,,mm,,mm,直接採用該測站 CODiS 2025 年月報表欄位「降水量」作為系統測站層級資料；目前未進行鄉鎮推估。,缺值
water,C1E721,泰安,署屬自動站,苗栗縣,泰安鄉,1409,120.968036,24.489017,橫龍古道上(走路約5分鐘)之大湖事業區18林班地,2025-05,rainfall_days,中央氣象署 CODiS / 現存測站清單,https://codis.cwa.gov.tw/ ; https://hdps.cwa.gov.tw/static/state.html,C1E721-2025.csv,降水日數,,day,,day,直接採用該測站 CODiS 2025 年月報表欄位「降水日數」作為系統測站層級資料；目前未進行鄉鎮推估。,缺值
water,C1E721,泰安,署屬自動站,苗栗縣,泰安鄉,1409,120.968036,24.489017,橫龍古道上(走路約5分鐘)之大湖事業區18林班地,2025-05,max_daily_rainfall,中央氣象署 CODiS / 現存測站清單,https://codis.cwa.gov.tw/ ; https://hdps.cwa.gov.tw/static/state.html,C1E721-2025.csv,最大日降水量,,mm,,mm,直接採用該測站 CODiS 2025 年月報表欄位「最大日降水量」作為系統測站層級資料；目前未進行鄉鎮推估。,缺值
water,C1E721,泰安,署屬自動站,苗栗縣,泰安鄉,1409,120.968036,24.489017,橫龍古道上(走路約5分鐘)之大湖事業區18林班地,2025-06,rainfall,中央氣象署 CODiS / 現存測站清單,https://codis.cwa.gov.tw/ ; https://hdps.cwa.gov.tw/static/state.html,C1E721-2025.csv,降水量,,mm,,mm,直接採用該測站 CODiS 2025 年月報表欄位「降水量」作為系統測站層級資料；目前未進行鄉鎮推估。,缺值
water,C1E721,泰安,署屬自動站,苗栗縣,泰安鄉,1409,120.968036,24.489017,橫龍古道上(走路約5分鐘)之大湖事業區18林班地,2025-06,rainfall_days,中央氣象署 CODiS / 現存測站清單,https://codis.cwa.gov.tw/ ; https://hdps.cwa.gov.tw/static/state.html,C1E721-2025.csv,降水日數,,day,,day,直接採用該測站 CODiS 2025 年月報表欄位「降水日數」作為系統測站層級資料；目前未進行鄉鎮推估。,缺值
water,C1E721,泰安,署屬自動站,苗栗縣,泰安鄉,1409,120.968036,24.489017,橫龍古道上(走路約5分鐘)之大湖事業區18林班地,2025-06,max_daily_rainfall,中央氣象署 CODiS / 現存測站清單,https://codis.cwa.gov.tw/ ; https://hdps.cwa.gov.tw/static/state.html,C1E721-2025.csv,最大日降水量,,mm,,mm,直接採用該測站 CODiS 2025 年月報表欄位「最大日降水量」作為系統測站層級資料；目前未進行鄉鎮推估。,缺值
water,C1E721,泰安,署屬自動站,苗栗縣,泰安鄉,1409,120.968036,24.489017,橫龍古道上(走路約5分鐘)之大湖事業區18林班地,2025-07,rainfall,中央氣象署 CODiS / 現存測站清單,https://codis.cwa.gov.tw/ ; https://hdps.cwa.gov.tw/static/state.html,C1E721-2025.csv,降水量,247,mm,247,mm,直接採用該測站 CODiS 2025 年月報表欄位「降水量」作為系統測站層級資料；目前未進行鄉鎮推估。,完整
water,C1E721,泰安,署屬自動站,苗栗縣,泰安鄉,1409,120.968036,24.489017,橫龍古道上(走路約5分鐘)之大湖事業區18林班地,2025-07,rainfall_days,中央氣象署 CODiS / 現存測站清單,https://codis.cwa.gov.tw/ ; https://hdps.cwa.gov.tw/static/state.html,C1E721-2025.csv,降水日數,12,day,12,day,直接採用該測站 CODiS 2025 年月報表欄位「降水日數」作為系統測站層級資料；目前未進行鄉鎮推估。,完整
water,C1E721,泰安,署屬自動站,苗栗縣,泰安鄉,1409,120.968036,24.489017,橫龍古道上(走路約5分鐘)之大湖事業區18林班地,2025-07,max_daily_rainfall,中央氣象署 CODiS / 現存測站清單,https://codis.cwa.gov.tw/ ; https://hdps.cwa.gov.tw/static/state.html,C1E721-2025.csv,最大日降水量,93.5,mm,93.5,mm,直接採用該測站 CODiS 2025 年月報表欄位「最大日降水量」作為系統測站層級資料；目前未進行鄉鎮推估。,完整
water,C1E721,泰安,署屬自動站,苗栗縣,泰安鄉,1409,120.968036,24.489017,橫龍古道上(走路約5分鐘)之大湖事業區18林班地,2025-08,rainfall,中央氣象署 CODiS / 現存測站清單,https://codis.cwa.gov.tw/ ; https://hdps.cwa.gov.tw/static/state.html,C1E721-2025.csv,降水量,124.5,mm,124.5,mm,直接採用該測站 CODiS 2025 年月報表欄位「降水量」作為系統測站層級資料；目前未進行鄉鎮推估。,完整
water,C1E721,泰安,署屬自動站,苗栗縣,泰安鄉,1409,120.968036,24.489017,橫龍古道上(走路約5分鐘)之大湖事業區18林班地,2025-08,rainfall_days,中央氣象署 CODiS / 現存測站清單,https://codis.cwa.gov.tw/ ; https://hdps.cwa.gov.tw/static/state.html,C1E721-2025.csv,降水日數,14,day,14,day,直接採用該測站 CODiS 2025 年月報表欄位「降水日數」作為系統測站層級資料；目前未進行鄉鎮推估。,完整
water,C1E721,泰安,署屬自動站,苗栗縣,泰安鄉,1409,120.968036,24.489017,橫龍古道上(走路約5分鐘)之大湖事業區18林班地,2025-08,max_daily_rainfall,中央氣象署 CODiS / 現存測站清單,https://codis.cwa.gov.tw/ ; https://hdps.cwa.gov.tw/static/state.html,C1E721-2025.csv,最大日降水量,47,mm,47,mm,直接採用該測站 CODiS 2025 年月報表欄位「最大日降水量」作為系統測站層級資料；目前未進行鄉鎮推估。,完整
water,C1E721,泰安,署屬自動站,苗栗縣,泰安鄉,1409,120.968036,24.489017,橫龍古道上(走路約5分鐘)之大湖事業區18林班地,2025-09,rainfall,中央氣象署 CODiS / 現存測站清單,https://codis.cwa.gov.tw/ ; https://hdps.cwa.gov.tw/static/state.html,C1E721-2025.csv,降水量,154,mm,154,mm,直接採用該測站 CODiS 2025 年月報表欄位「降水量」作為系統測站層級資料；目前未進行鄉鎮推估。,完整
water,C1E721,泰安,署屬自動站,苗栗縣,泰安鄉,1409,120.968036,24.489017,橫龍古道上(走路約5分鐘)之大湖事業區18林班地,2025-09,rainfall_days,中央氣象署 CODiS / 現存測站清單,https://codis.cwa.gov.tw/ ; https://hdps.cwa.gov.tw/static/state.html,C1E721-2025.csv,降水日數,14,day,14,day,直接採用該測站 CODiS 2025 年月報表欄位「降水日數」作為系統測站層級資料；目前未進行鄉鎮推估。,完整
water,C1E721,泰安,署屬自動站,苗栗縣,泰安鄉,1409,120.968036,24.489017,橫龍古道上(走路約5分鐘)之大湖事業區18林班地,2025-09,max_daily_rainfall,中央氣象署 CODiS / 現存測站清單,https://codis.cwa.gov.tw/ ; https://hdps.cwa.gov.tw/static/state.html,C1E721-2025.csv,最大日降水量,62.5,mm,62.5,mm,直接採用該測站 CODiS 2025 年月報表欄位「最大日降水量」作為系統測站層級資料；目前未進行鄉鎮推估。,完整
water,C1E721,泰安,署屬自動站,苗栗縣,泰安鄉,1409,120.968036,24.489017,橫龍古道上(走路約5分鐘)之大湖事業區18林班地,2025-10,rainfall,中央氣象署 CODiS / 現存測站清單,https://codis.cwa.gov.tw/ ; https://hdps.cwa.gov.tw/static/state.html,C1E721-2025.csv,降水量,50.5,mm,50.5,mm,直接採用該測站 CODiS 2025 年月報表欄位「降水量」作為系統測站層級資料；目前未進行鄉鎮推估。,完整
water,C1E721,泰安,署屬自動站,苗栗縣,泰安鄉,1409,120.968036,24.489017,橫龍古道上(走路約5分鐘)之大湖事業區18林班地,2025-10,rainfall_days,中央氣象署 CODiS / 現存測站清單,https://codis.cwa.gov.tw/ ; https://hdps.cwa.gov.tw/static/state.html,C1E721-2025.csv,降水日數,5,day,5,day,直接採用該測站 CODiS 2025 年月報表欄位「降水日數」作為系統測站層級資料；目前未進行鄉鎮推估。,完整
water,C1E721,泰安,署屬自動站,苗栗縣,泰安鄉,1409,120.968036,24.489017,橫龍古道上(走路約5分鐘)之大湖事業區18林班地,2025-10,max_daily_rainfall,中央氣象署 CODiS / 現存測站清單,https://codis.cwa.gov.tw/ ; https://hdps.cwa.gov.tw/static/state.html,C1E721-2025.csv,最大日降水量,25.5,mm,25.5,mm,直接採用該測站 CODiS 2025 年月報表欄位「最大日降水量」作為系統測站層級資料；目前未進行鄉鎮推估。,完整
water,C1E721,泰安,署屬自動站,苗栗縣,泰安鄉,1409,120.968036,24.489017,橫龍古道上(走路約5分鐘)之大湖事業區18林班地,2025-11,rainfall,中央氣象署 CODiS / 現存測站清單,https://codis.cwa.gov.tw/ ; https://hdps.cwa.gov.tw/static/state.html,C1E721-2025.csv,降水量,8.5,mm,8.5,mm,直接採用該測站 CODiS 2025 年月報表欄位「降水量」作為系統測站層級資料；目前未進行鄉鎮推估。,完整
water,C1E721,泰安,署屬自動站,苗栗縣,泰安鄉,1409,120.968036,24.489017,橫龍古道上(走路約5分鐘)之大湖事業區18林班地,2025-11,rainfall_days,中央氣象署 CODiS / 現存測站清單,https://codis.cwa.gov.tw/ ; https://hdps.cwa.gov.tw/static/state.html,C1E721-2025.csv,降水日數,4,day,4,day,直接採用該測站 CODiS 2025 年月報表欄位「降水日數」作為系統測站層級資料；目前未進行鄉鎮推估。,完整
water,C1E721,泰安,署屬自動站,苗栗縣,泰安鄉,1409,120.968036,24.489017,橫龍古道上(走路約5分鐘)之大湖事業區18林班地,2025-11,max_daily_rainfall,中央氣象署 CODiS / 現存測站清單,https://codis.cwa.gov.tw/ ; https://hdps.cwa.gov.tw/static/state.html,C1E721-2025.csv,最大日降水量,3,mm,3,mm,直接採用該測站 CODiS 2025 年月報表欄位「最大日降水量」作為系統測站層級資料；目前未進行鄉鎮推估。,完整
water,C1E721,泰安,署屬自動站,苗栗縣,泰安鄉,1409,120.968036,24.489017,橫龍古道上(走路約5分鐘)之大湖事業區18林班地,2025-12,rainfall,中央氣象署 CODiS / 現存測站清單,https://codis.cwa.gov.tw/ ; https://hdps.cwa.gov.tw/static/state.html,C1E721-2025.csv,降水量,3,mm,3,mm,直接採用該測站 CODiS 2025 年月報表欄位「降水量」作為系統測站層級資料；目前未進行鄉鎮推估。,完整
water,C1E721,泰安,署屬自動站,苗栗縣,泰安鄉,1409,120.968036,24.489017,橫龍古道上(走路約5分鐘)之大湖事業區18林班地,2025-12,rainfall_days,中央氣象署 CODiS / 現存測站清單,https://codis.cwa.gov.tw/ ; https://hdps.cwa.gov.tw/static/state.html,C1E721-2025.csv,降水日數,4,day,4,day,直接採用該測站 CODiS 2025 年月報表欄位「降水日數」作為系統測站層級資料；目前未進行鄉鎮推估。,完整
water,C1E721,泰安,署屬自動站,苗栗縣,泰安鄉,1409,120.968036,24.489017,橫龍古道上(走路約5分鐘)之大湖事業區18林班地,2025-12,max_daily_rainfall,中央氣象署 CODiS / 現存測站清單,https://codis.cwa.gov.tw/ ; https://hdps.cwa.gov.tw/static/state.html,C1E721-2025.csv,最大日降水量,1.5,mm,1.5,mm,直接採用該測站 CODiS 2025 年月報表欄位「最大日降水量」作為系統測站層級資料；目前未進行鄉鎮推估。,完整
water,C1E770,公館,署屬自動站,苗栗縣,公館鄉,83,120.830806,24.526914,鶴岡村178號(鶴岡國中),2025-01,rainfall,中央氣象署 CODiS / 現存測站清單,https://codis.cwa.gov.tw/ ; https://hdps.cwa.gov.tw/static/state.html,C1E770-2025.csv,降水量,26.5,mm,26.5,mm,直接採用該測站 CODiS 2025 年月報表欄位「降水量」作為系統測站層級資料；目前未進行鄉鎮推估。,完整
water,C1E770,公館,署屬自動站,苗栗縣,公館鄉,83,120.830806,24.526914,鶴岡村178號(鶴岡國中),2025-01,rainfall_days,中央氣象署 CODiS / 現存測站清單,https://codis.cwa.gov.tw/ ; https://hdps.cwa.gov.tw/static/state.html,C1E770-2025.csv,降水日數,7,day,7,day,直接採用該測站 CODiS 2025 年月報表欄位「降水日數」作為系統測站層級資料；目前未進行鄉鎮推估。,完整
water,C1E770,公館,署屬自動站,苗栗縣,公館鄉,83,120.830806,24.526914,鶴岡村178號(鶴岡國中),2025-01,max_daily_rainfall,中央氣象署 CODiS / 現存測站清單,https://codis.cwa.gov.tw/ ; https://hdps.cwa.gov.tw/static/state.html,C1E770-2025.csv,最大日降水量,8.5,mm,8.5,mm,直接採用該測站 CODiS 2025 年月報表欄位「最大日降水量」作為系統測站層級資料；目前未進行鄉鎮推估。,完整
water,C1E770,公館,署屬自動站,苗栗縣,公館鄉,83,120.830806,24.526914,鶴岡村178號(鶴岡國中),2025-02,rainfall,中央氣象署 CODiS / 現存測站清單,https://codis.cwa.gov.tw/ ; https://hdps.cwa.gov.tw/static/state.html,C1E770-2025.csv,降水量,79.5,mm,79.5,mm,直接採用該測站 CODiS 2025 年月報表欄位「降水量」作為系統測站層級資料；目前未進行鄉鎮推估。,完整
water,C1E770,公館,署屬自動站,苗栗縣,公館鄉,83,120.830806,24.526914,鶴岡村178號(鶴岡國中),2025-02,rainfall_days,中央氣象署 CODiS / 現存測站清單,https://codis.cwa.gov.tw/ ; https://hdps.cwa.gov.tw/static/state.html,C1E770-2025.csv,降水日數,6,day,6,day,直接採用該測站 CODiS 2025 年月報表欄位「降水日數」作為系統測站層級資料；目前未進行鄉鎮推估。,完整
water,C1E770,公館,署屬自動站,苗栗縣,公館鄉,83,120.830806,24.526914,鶴岡村178號(鶴岡國中),2025-02,max_daily_rainfall,中央氣象署 CODiS / 現存測站清單,https://codis.cwa.gov.tw/ ; https://hdps.cwa.gov.tw/static/state.html,C1E770-2025.csv,最大日降水量,35,mm,35,mm,直接採用該測站 CODiS 2025 年月報表欄位「最大日降水量」作為系統測站層級資料；目前未進行鄉鎮推估。,完整
water,C1E770,公館,署屬自動站,苗栗縣,公館鄉,83,120.830806,24.526914,鶴岡村178號(鶴岡國中),2025-03,rainfall,中央氣象署 CODiS / 現存測站清單,https://codis.cwa.gov.tw/ ; https://hdps.cwa.gov.tw/static/state.html,C1E770-2025.csv,降水量,228.5,mm,228.5,mm,直接採用該測站 CODiS 2025 年月報表欄位「降水量」作為系統測站層級資料；目前未進行鄉鎮推估。,完整
water,C1E770,公館,署屬自動站,苗栗縣,公館鄉,83,120.830806,24.526914,鶴岡村178號(鶴岡國中),2025-03,rainfall_days,中央氣象署 CODiS / 現存測站清單,https://codis.cwa.gov.tw/ ; https://hdps.cwa.gov.tw/static/state.html,C1E770-2025.csv,降水日數,10,day,10,day,直接採用該測站 CODiS 2025 年月報表欄位「降水日數」作為系統測站層級資料；目前未進行鄉鎮推估。,完整
water,C1E770,公館,署屬自動站,苗栗縣,公館鄉,83,120.830806,24.526914,鶴岡村178號(鶴岡國中),2025-03,max_daily_rainfall,中央氣象署 CODiS / 現存測站清單,https://codis.cwa.gov.tw/ ; https://hdps.cwa.gov.tw/static/state.html,C1E770-2025.csv,最大日降水量,51.5,mm,51.5,mm,直接採用該測站 CODiS 2025 年月報表欄位「最大日降水量」作為系統測站層級資料；目前未進行鄉鎮推估。,完整
water,C1E770,公館,署屬自動站,苗栗縣,公館鄉,83,120.830806,24.526914,鶴岡村178號(鶴岡國中),2025-04,rainfall,中央氣象署 CODiS / 現存測站清單,https://codis.cwa.gov.tw/ ; https://hdps.cwa.gov.tw/static/state.html,C1E770-2025.csv,降水量,135.5,mm,135.5,mm,直接採用該測站 CODiS 2025 年月報表欄位「降水量」作為系統測站層級資料；目前未進行鄉鎮推估。,完整
water,C1E770,公館,署屬自動站,苗栗縣,公館鄉,83,120.830806,24.526914,鶴岡村178號(鶴岡國中),2025-04,rainfall_days,中央氣象署 CODiS / 現存測站清單,https://codis.cwa.gov.tw/ ; https://hdps.cwa.gov.tw/static/state.html,C1E770-2025.csv,降水日數,14,day,14,day,直接採用該測站 CODiS 2025 年月報表欄位「降水日數」作為系統測站層級資料；目前未進行鄉鎮推估。,完整
water,C1E770,公館,署屬自動站,苗栗縣,公館鄉,83,120.830806,24.526914,鶴岡村178號(鶴岡國中),2025-04,max_daily_rainfall,中央氣象署 CODiS / 現存測站清單,https://codis.cwa.gov.tw/ ; https://hdps.cwa.gov.tw/static/state.html,C1E770-2025.csv,最大日降水量,42.5,mm,42.5,mm,直接採用該測站 CODiS 2025 年月報表欄位「最大日降水量」作為系統測站層級資料；目前未進行鄉鎮推估。,完整
water,C1E770,公館,署屬自動站,苗栗縣,公館鄉,83,120.830806,24.526914,鶴岡村178號(鶴岡國中),2025-05,rainfall,中央氣象署 CODiS / 現存測站清單,https://codis.cwa.gov.tw/ ; https://hdps.cwa.gov.tw/static/state.html,C1E770-2025.csv,降水量,287.5,mm,287.5,mm,直接採用該測站 CODiS 2025 年月報表欄位「降水量」作為系統測站層級資料；目前未進行鄉鎮推估。,完整
water,C1E770,公館,署屬自動站,苗栗縣,公館鄉,83,120.830806,24.526914,鶴岡村178號(鶴岡國中),2025-05,rainfall_days,中央氣象署 CODiS / 現存測站清單,https://codis.cwa.gov.tw/ ; https://hdps.cwa.gov.tw/static/state.html,C1E770-2025.csv,降水日數,12,day,12,day,直接採用該測站 CODiS 2025 年月報表欄位「降水日數」作為系統測站層級資料；目前未進行鄉鎮推估。,完整
water,C1E770,公館,署屬自動站,苗栗縣,公館鄉,83,120.830806,24.526914,鶴岡村178號(鶴岡國中),2025-05,max_daily_rainfall,中央氣象署 CODiS / 現存測站清單,https://codis.cwa.gov.tw/ ; https://hdps.cwa.gov.tw/static/state.html,C1E770-2025.csv,最大日降水量,83,mm,83,mm,直接採用該測站 CODiS 2025 年月報表欄位「最大日降水量」作為系統測站層級資料；目前未進行鄉鎮推估。,完整
water,C1E770,公館,署屬自動站,苗栗縣,公館鄉,83,120.830806,24.526914,鶴岡村178號(鶴岡國中),2025-06,rainfall,中央氣象署 CODiS / 現存測站清單,https://codis.cwa.gov.tw/ ; https://hdps.cwa.gov.tw/static/state.html,C1E770-2025.csv,降水量,71,mm,71,mm,直接採用該測站 CODiS 2025 年月報表欄位「降水量」作為系統測站層級資料；目前未進行鄉鎮推估。,完整
water,C1E770,公館,署屬自動站,苗栗縣,公館鄉,83,120.830806,24.526914,鶴岡村178號(鶴岡國中),2025-06,rainfall_days,中央氣象署 CODiS / 現存測站清單,https://codis.cwa.gov.tw/ ; https://hdps.cwa.gov.tw/static/state.html,C1E770-2025.csv,降水日數,8,day,8,day,直接採用該測站 CODiS 2025 年月報表欄位「降水日數」作為系統測站層級資料；目前未進行鄉鎮推估。,完整
water,C1E770,公館,署屬自動站,苗栗縣,公館鄉,83,120.830806,24.526914,鶴岡村178號(鶴岡國中),2025-06,max_daily_rainfall,中央氣象署 CODiS / 現存測站清單,https://codis.cwa.gov.tw/ ; https://hdps.cwa.gov.tw/static/state.html,C1E770-2025.csv,最大日降水量,16.5,mm,16.5,mm,直接採用該測站 CODiS 2025 年月報表欄位「最大日降水量」作為系統測站層級資料；目前未進行鄉鎮推估。,完整
water,C1E770,公館,署屬自動站,苗栗縣,公館鄉,83,120.830806,24.526914,鶴岡村178號(鶴岡國中),2025-07,rainfall,中央氣象署 CODiS / 現存測站清單,https://codis.cwa.gov.tw/ ; https://hdps.cwa.gov.tw/static/state.html,C1E770-2025.csv,降水量,544.5,mm,544.5,mm,直接採用該測站 CODiS 2025 年月報表欄位「降水量」作為系統測站層級資料；目前未進行鄉鎮推估。,完整
water,C1E770,公館,署屬自動站,苗栗縣,公館鄉,83,120.830806,24.526914,鶴岡村178號(鶴岡國中),2025-07,rainfall_days,中央氣象署 CODiS / 現存測站清單,https://codis.cwa.gov.tw/ ; https://hdps.cwa.gov.tw/static/state.html,C1E770-2025.csv,降水日數,18,day,18,day,直接採用該測站 CODiS 2025 年月報表欄位「降水日數」作為系統測站層級資料；目前未進行鄉鎮推估。,完整
water,C1E770,公館,署屬自動站,苗栗縣,公館鄉,83,120.830806,24.526914,鶴岡村178號(鶴岡國中),2025-07,max_daily_rainfall,中央氣象署 CODiS / 現存測站清單,https://codis.cwa.gov.tw/ ; https://hdps.cwa.gov.tw/static/state.html,C1E770-2025.csv,最大日降水量,154.5,mm,154.5,mm,直接採用該測站 CODiS 2025 年月報表欄位「最大日降水量」作為系統測站層級資料；目前未進行鄉鎮推估。,完整
water,C1E770,公館,署屬自動站,苗栗縣,公館鄉,83,120.830806,24.526914,鶴岡村178號(鶴岡國中),2025-08,rainfall,中央氣象署 CODiS / 現存測站清單,https://codis.cwa.gov.tw/ ; https://hdps.cwa.gov.tw/static/state.html,C1E770-2025.csv,降水量,92.5,mm,92.5,mm,直接採用該測站 CODiS 2025 年月報表欄位「降水量」作為系統測站層級資料；目前未進行鄉鎮推估。,完整
water,C1E770,公館,署屬自動站,苗栗縣,公館鄉,83,120.830806,24.526914,鶴岡村178號(鶴岡國中),2025-08,rainfall_days,中央氣象署 CODiS / 現存測站清單,https://codis.cwa.gov.tw/ ; https://hdps.cwa.gov.tw/static/state.html,C1E770-2025.csv,降水日數,7,day,7,day,直接採用該測站 CODiS 2025 年月報表欄位「降水日數」作為系統測站層級資料；目前未進行鄉鎮推估。,完整
water,C1E770,公館,署屬自動站,苗栗縣,公館鄉,83,120.830806,24.526914,鶴岡村178號(鶴岡國中),2025-08,max_daily_rainfall,中央氣象署 CODiS / 現存測站清單,https://codis.cwa.gov.tw/ ; https://hdps.cwa.gov.tw/static/state.html,C1E770-2025.csv,最大日降水量,40,mm,40,mm,直接採用該測站 CODiS 2025 年月報表欄位「最大日降水量」作為系統測站層級資料；目前未進行鄉鎮推估。,完整
water,C1E770,公館,署屬自動站,苗栗縣,公館鄉,83,120.830806,24.526914,鶴岡村178號(鶴岡國中),2025-09,rainfall,中央氣象署 CODiS / 現存測站清單,https://codis.cwa.gov.tw/ ; https://hdps.cwa.gov.tw/static/state.html,C1E770-2025.csv,降水量,96,mm,96,mm,直接採用該測站 CODiS 2025 年月報表欄位「降水量」作為系統測站層級資料；目前未進行鄉鎮推估。,完整
water,C1E770,公館,署屬自動站,苗栗縣,公館鄉,83,120.830806,24.526914,鶴岡村178號(鶴岡國中),2025-09,rainfall_days,中央氣象署 CODiS / 現存測站清單,https://codis.cwa.gov.tw/ ; https://hdps.cwa.gov.tw/static/state.html,C1E770-2025.csv,降水日數,8,day,8,day,直接採用該測站 CODiS 2025 年月報表欄位「降水日數」作為系統測站層級資料；目前未進行鄉鎮推估。,完整
water,C1E770,公館,署屬自動站,苗栗縣,公館鄉,83,120.830806,24.526914,鶴岡村178號(鶴岡國中),2025-09,max_daily_rainfall,中央氣象署 CODiS / 現存測站清單,https://codis.cwa.gov.tw/ ; https://hdps.cwa.gov.tw/static/state.html,C1E770-2025.csv,最大日降水量,56.5,mm,56.5,mm,直接採用該測站 CODiS 2025 年月報表欄位「最大日降水量」作為系統測站層級資料；目前未進行鄉鎮推估。,完整
water,C1E770,公館,署屬自動站,苗栗縣,公館鄉,83,120.830806,24.526914,鶴岡村178號(鶴岡國中),2025-10,rainfall,中央氣象署 CODiS / 現存測站清單,https://codis.cwa.gov.tw/ ; https://hdps.cwa.gov.tw/static/state.html,C1E770-2025.csv,降水量,36,mm,36,mm,直接採用該測站 CODiS 2025 年月報表欄位「降水量」作為系統測站層級資料；目前未進行鄉鎮推估。,完整
water,C1E770,公館,署屬自動站,苗栗縣,公館鄉,83,120.830806,24.526914,鶴岡村178號(鶴岡國中),2025-10,rainfall_days,中央氣象署 CODiS / 現存測站清單,https://codis.cwa.gov.tw/ ; https://hdps.cwa.gov.tw/static/state.html,C1E770-2025.csv,降水日數,5,day,5,day,直接採用該測站 CODiS 2025 年月報表欄位「降水日數」作為系統測站層級資料；目前未進行鄉鎮推估。,完整
water,C1E770,公館,署屬自動站,苗栗縣,公館鄉,83,120.830806,24.526914,鶴岡村178號(鶴岡國中),2025-10,max_daily_rainfall,中央氣象署 CODiS / 現存測站清單,https://codis.cwa.gov.tw/ ; https://hdps.cwa.gov.tw/static/state.html,C1E770-2025.csv,最大日降水量,14,mm,14,mm,直接採用該測站 CODiS 2025 年月報表欄位「最大日降水量」作為系統測站層級資料；目前未進行鄉鎮推估。,完整
water,C1E770,公館,署屬自動站,苗栗縣,公館鄉,83,120.830806,24.526914,鶴岡村178號(鶴岡國中),2025-11,rainfall,中央氣象署 CODiS / 現存測站清單,https://codis.cwa.gov.tw/ ; https://hdps.cwa.gov.tw/static/state.html,C1E770-2025.csv,降水量,13,mm,13,mm,直接採用該測站 CODiS 2025 年月報表欄位「降水量」作為系統測站層級資料；目前未進行鄉鎮推估。,完整
water,C1E770,公館,署屬自動站,苗栗縣,公館鄉,83,120.830806,24.526914,鶴岡村178號(鶴岡國中),2025-11,rainfall_days,中央氣象署 CODiS / 現存測站清單,https://codis.cwa.gov.tw/ ; https://hdps.cwa.gov.tw/static/state.html,C1E770-2025.csv,降水日數,2,day,2,day,直接採用該測站 CODiS 2025 年月報表欄位「降水日數」作為系統測站層級資料；目前未進行鄉鎮推估。,完整
water,C1E770,公館,署屬自動站,苗栗縣,公館鄉,83,120.830806,24.526914,鶴岡村178號(鶴岡國中),2025-11,max_daily_rainfall,中央氣象署 CODiS / 現存測站清單,https://codis.cwa.gov.tw/ ; https://hdps.cwa.gov.tw/static/state.html,C1E770-2025.csv,最大日降水量,8.5,mm,8.5,mm,直接採用該測站 CODiS 2025 年月報表欄位「最大日降水量」作為系統測站層級資料；目前未進行鄉鎮推估。,完整
water,C1E770,公館,署屬自動站,苗栗縣,公館鄉,83,120.830806,24.526914,鶴岡村178號(鶴岡國中),2025-12,rainfall,中央氣象署 CODiS / 現存測站清單,https://codis.cwa.gov.tw/ ; https://hdps.cwa.gov.tw/static/state.html,C1E770-2025.csv,降水量,1,mm,1,mm,直接採用該測站 CODiS 2025 年月報表欄位「降水量」作為系統測站層級資料；目前未進行鄉鎮推估。,完整
water,C1E770,公館,署屬自動站,苗栗縣,公館鄉,83,120.830806,24.526914,鶴岡村178號(鶴岡國中),2025-12,rainfall_days,中央氣象署 CODiS / 現存測站清單,https://codis.cwa.gov.tw/ ; https://hdps.cwa.gov.tw/static/state.html,C1E770-2025.csv,降水日數,2,day,2,day,直接採用該測站 CODiS 2025 年月報表欄位「降水日數」作為系統測站層級資料；目前未進行鄉鎮推估。,完整
water,C1E770,公館,署屬自動站,苗栗縣,公館鄉,83,120.830806,24.526914,鶴岡村178號(鶴岡國中),2025-12,max_daily_rainfall,中央氣象署 CODiS / 現存測站清單,https://codis.cwa.gov.tw/ ; https://hdps.cwa.gov.tw/static/state.html,C1E770-2025.csv,最大日降水量,0.5,mm,0.5,mm,直接採用該測站 CODiS 2025 年月報表欄位「最大日降水量」作為系統測站層級資料；目前未進行鄉鎮推估。,完整
water,C1E890,國三N149K,署屬自動站,苗栗縣,,53,120.680019,24.463414,國道3號北向149K,2025-01,rainfall,中央氣象署 CODiS / 現存測站清單,https://codis.cwa.gov.tw/ ; https://hdps.cwa.gov.tw/static/state.html,C1E890-2025.csv,降水量,19.5,mm,19.5,mm,直接採用該測站 CODiS 2025 年月報表欄位「降水量」作為系統測站層級資料；目前未進行鄉鎮推估。,完整
water,C1E890,國三N149K,署屬自動站,苗栗縣,,53,120.680019,24.463414,國道3號北向149K,2025-01,rainfall_days,中央氣象署 CODiS / 現存測站清單,https://codis.cwa.gov.tw/ ; https://hdps.cwa.gov.tw/static/state.html,C1E890-2025.csv,降水日數,8,day,8,day,直接採用該測站 CODiS 2025 年月報表欄位「降水日數」作為系統測站層級資料；目前未進行鄉鎮推估。,完整
water,C1E890,國三N149K,署屬自動站,苗栗縣,,53,120.680019,24.463414,國道3號北向149K,2025-01,max_daily_rainfall,中央氣象署 CODiS / 現存測站清單,https://codis.cwa.gov.tw/ ; https://hdps.cwa.gov.tw/static/state.html,C1E890-2025.csv,最大日降水量,7,mm,7,mm,直接採用該測站 CODiS 2025 年月報表欄位「最大日降水量」作為系統測站層級資料；目前未進行鄉鎮推估。,完整
water,C1E890,國三N149K,署屬自動站,苗栗縣,,53,120.680019,24.463414,國道3號北向149K,2025-02,rainfall,中央氣象署 CODiS / 現存測站清單,https://codis.cwa.gov.tw/ ; https://hdps.cwa.gov.tw/static/state.html,C1E890-2025.csv,降水量,63,mm,63,mm,直接採用該測站 CODiS 2025 年月報表欄位「降水量」作為系統測站層級資料；目前未進行鄉鎮推估。,完整
water,C1E890,國三N149K,署屬自動站,苗栗縣,,53,120.680019,24.463414,國道3號北向149K,2025-02,rainfall_days,中央氣象署 CODiS / 現存測站清單,https://codis.cwa.gov.tw/ ; https://hdps.cwa.gov.tw/static/state.html,C1E890-2025.csv,降水日數,7,day,7,day,直接採用該測站 CODiS 2025 年月報表欄位「降水日數」作為系統測站層級資料；目前未進行鄉鎮推估。,完整
water,C1E890,國三N149K,署屬自動站,苗栗縣,,53,120.680019,24.463414,國道3號北向149K,2025-02,max_daily_rainfall,中央氣象署 CODiS / 現存測站清單,https://codis.cwa.gov.tw/ ; https://hdps.cwa.gov.tw/static/state.html,C1E890-2025.csv,最大日降水量,33.5,mm,33.5,mm,直接採用該測站 CODiS 2025 年月報表欄位「最大日降水量」作為系統測站層級資料；目前未進行鄉鎮推估。,完整
water,C1E890,國三N149K,署屬自動站,苗栗縣,,53,120.680019,24.463414,國道3號北向149K,2025-03,rainfall,中央氣象署 CODiS / 現存測站清單,https://codis.cwa.gov.tw/ ; https://hdps.cwa.gov.tw/static/state.html,C1E890-2025.csv,降水量,187,mm,187,mm,直接採用該測站 CODiS 2025 年月報表欄位「降水量」作為系統測站層級資料；目前未進行鄉鎮推估。,完整
water,C1E890,國三N149K,署屬自動站,苗栗縣,,53,120.680019,24.463414,國道3號北向149K,2025-03,rainfall_days,中央氣象署 CODiS / 現存測站清單,https://codis.cwa.gov.tw/ ; https://hdps.cwa.gov.tw/static/state.html,C1E890-2025.csv,降水日數,11,day,11,day,直接採用該測站 CODiS 2025 年月報表欄位「降水日數」作為系統測站層級資料；目前未進行鄉鎮推估。,完整
water,C1E890,國三N149K,署屬自動站,苗栗縣,,53,120.680019,24.463414,國道3號北向149K,2025-03,max_daily_rainfall,中央氣象署 CODiS / 現存測站清單,https://codis.cwa.gov.tw/ ; https://hdps.cwa.gov.tw/static/state.html,C1E890-2025.csv,最大日降水量,56.5,mm,56.5,mm,直接採用該測站 CODiS 2025 年月報表欄位「最大日降水量」作為系統測站層級資料；目前未進行鄉鎮推估。,完整
water,C1E890,國三N149K,署屬自動站,苗栗縣,,53,120.680019,24.463414,國道3號北向149K,2025-04,rainfall,中央氣象署 CODiS / 現存測站清單,https://codis.cwa.gov.tw/ ; https://hdps.cwa.gov.tw/static/state.html,C1E890-2025.csv,降水量,145.5,mm,145.5,mm,直接採用該測站 CODiS 2025 年月報表欄位「降水量」作為系統測站層級資料；目前未進行鄉鎮推估。,完整
water,C1E890,國三N149K,署屬自動站,苗栗縣,,53,120.680019,24.463414,國道3號北向149K,2025-04,rainfall_days,中央氣象署 CODiS / 現存測站清單,https://codis.cwa.gov.tw/ ; https://hdps.cwa.gov.tw/static/state.html,C1E890-2025.csv,降水日數,12,day,12,day,直接採用該測站 CODiS 2025 年月報表欄位「降水日數」作為系統測站層級資料；目前未進行鄉鎮推估。,完整
water,C1E890,國三N149K,署屬自動站,苗栗縣,,53,120.680019,24.463414,國道3號北向149K,2025-04,max_daily_rainfall,中央氣象署 CODiS / 現存測站清單,https://codis.cwa.gov.tw/ ; https://hdps.cwa.gov.tw/static/state.html,C1E890-2025.csv,最大日降水量,47,mm,47,mm,直接採用該測站 CODiS 2025 年月報表欄位「最大日降水量」作為系統測站層級資料；目前未進行鄉鎮推估。,完整
water,C1E890,國三N149K,署屬自動站,苗栗縣,,53,120.680019,24.463414,國道3號北向149K,2025-05,rainfall,中央氣象署 CODiS / 現存測站清單,https://codis.cwa.gov.tw/ ; https://hdps.cwa.gov.tw/static/state.html,C1E890-2025.csv,降水量,241.5,mm,241.5,mm,直接採用該測站 CODiS 2025 年月報表欄位「降水量」作為系統測站層級資料；目前未進行鄉鎮推估。,完整
water,C1E890,國三N149K,署屬自動站,苗栗縣,,53,120.680019,24.463414,國道3號北向149K,2025-05,rainfall_days,中央氣象署 CODiS / 現存測站清單,https://codis.cwa.gov.tw/ ; https://hdps.cwa.gov.tw/static/state.html,C1E890-2025.csv,降水日數,9,day,9,day,直接採用該測站 CODiS 2025 年月報表欄位「降水日數」作為系統測站層級資料；目前未進行鄉鎮推估。,完整
water,C1E890,國三N149K,署屬自動站,苗栗縣,,53,120.680019,24.463414,國道3號北向149K,2025-05,max_daily_rainfall,中央氣象署 CODiS / 現存測站清單,https://codis.cwa.gov.tw/ ; https://hdps.cwa.gov.tw/static/state.html,C1E890-2025.csv,最大日降水量,77,mm,77,mm,直接採用該測站 CODiS 2025 年月報表欄位「最大日降水量」作為系統測站層級資料；目前未進行鄉鎮推估。,完整
water,C1E890,國三N149K,署屬自動站,苗栗縣,,53,120.680019,24.463414,國道3號北向149K,2025-06,rainfall,中央氣象署 CODiS / 現存測站清單,https://codis.cwa.gov.tw/ ; https://hdps.cwa.gov.tw/static/state.html,C1E890-2025.csv,降水量,83,mm,83,mm,直接採用該測站 CODiS 2025 年月報表欄位「降水量」作為系統測站層級資料；目前未進行鄉鎮推估。,完整
water,C1E890,國三N149K,署屬自動站,苗栗縣,,53,120.680019,24.463414,國道3號北向149K,2025-06,rainfall_days,中央氣象署 CODiS / 現存測站清單,https://codis.cwa.gov.tw/ ; https://hdps.cwa.gov.tw/static/state.html,C1E890-2025.csv,降水日數,9,day,9,day,直接採用該測站 CODiS 2025 年月報表欄位「降水日數」作為系統測站層級資料；目前未進行鄉鎮推估。,完整
water,C1E890,國三N149K,署屬自動站,苗栗縣,,53,120.680019,24.463414,國道3號北向149K,2025-06,max_daily_rainfall,中央氣象署 CODiS / 現存測站清單,https://codis.cwa.gov.tw/ ; https://hdps.cwa.gov.tw/static/state.html,C1E890-2025.csv,最大日降水量,27.5,mm,27.5,mm,直接採用該測站 CODiS 2025 年月報表欄位「最大日降水量」作為系統測站層級資料；目前未進行鄉鎮推估。,完整
water,C1E890,國三N149K,署屬自動站,苗栗縣,,53,120.680019,24.463414,國道3號北向149K,2025-07,rainfall,中央氣象署 CODiS / 現存測站清單,https://codis.cwa.gov.tw/ ; https://hdps.cwa.gov.tw/static/state.html,C1E890-2025.csv,降水量,772,mm,772,mm,直接採用該測站 CODiS 2025 年月報表欄位「降水量」作為系統測站層級資料；目前未進行鄉鎮推估。,完整
water,C1E890,國三N149K,署屬自動站,苗栗縣,,53,120.680019,24.463414,國道3號北向149K,2025-07,rainfall_days,中央氣象署 CODiS / 現存測站清單,https://codis.cwa.gov.tw/ ; https://hdps.cwa.gov.tw/static/state.html,C1E890-2025.csv,降水日數,19,day,19,day,直接採用該測站 CODiS 2025 年月報表欄位「降水日數」作為系統測站層級資料；目前未進行鄉鎮推估。,完整
water,C1E890,國三N149K,署屬自動站,苗栗縣,,53,120.680019,24.463414,國道3號北向149K,2025-07,max_daily_rainfall,中央氣象署 CODiS / 現存測站清單,https://codis.cwa.gov.tw/ ; https://hdps.cwa.gov.tw/static/state.html,C1E890-2025.csv,最大日降水量,261.5,mm,261.5,mm,直接採用該測站 CODiS 2025 年月報表欄位「最大日降水量」作為系統測站層級資料；目前未進行鄉鎮推估。,完整
water,C1E890,國三N149K,署屬自動站,苗栗縣,,53,120.680019,24.463414,國道3號北向149K,2025-08,rainfall,中央氣象署 CODiS / 現存測站清單,https://codis.cwa.gov.tw/ ; https://hdps.cwa.gov.tw/static/state.html,C1E890-2025.csv,降水量,95,mm,95,mm,直接採用該測站 CODiS 2025 年月報表欄位「降水量」作為系統測站層級資料；目前未進行鄉鎮推估。,完整
water,C1E890,國三N149K,署屬自動站,苗栗縣,,53,120.680019,24.463414,國道3號北向149K,2025-08,rainfall_days,中央氣象署 CODiS / 現存測站清單,https://codis.cwa.gov.tw/ ; https://hdps.cwa.gov.tw/static/state.html,C1E890-2025.csv,降水日數,8,day,8,day,直接採用該測站 CODiS 2025 年月報表欄位「降水日數」作為系統測站層級資料；目前未進行鄉鎮推估。,完整
water,C1E890,國三N149K,署屬自動站,苗栗縣,,53,120.680019,24.463414,國道3號北向149K,2025-08,max_daily_rainfall,中央氣象署 CODiS / 現存測站清單,https://codis.cwa.gov.tw/ ; https://hdps.cwa.gov.tw/static/state.html,C1E890-2025.csv,最大日降水量,47,mm,47,mm,直接採用該測站 CODiS 2025 年月報表欄位「最大日降水量」作為系統測站層級資料；目前未進行鄉鎮推估。,完整
water,C1E890,國三N149K,署屬自動站,苗栗縣,,53,120.680019,24.463414,國道3號北向149K,2025-09,rainfall,中央氣象署 CODiS / 現存測站清單,https://codis.cwa.gov.tw/ ; https://hdps.cwa.gov.tw/static/state.html,C1E890-2025.csv,降水量,58,mm,58,mm,直接採用該測站 CODiS 2025 年月報表欄位「降水量」作為系統測站層級資料；目前未進行鄉鎮推估。,完整
water,C1E890,國三N149K,署屬自動站,苗栗縣,,53,120.680019,24.463414,國道3號北向149K,2025-09,rainfall_days,中央氣象署 CODiS / 現存測站清單,https://codis.cwa.gov.tw/ ; https://hdps.cwa.gov.tw/static/state.html,C1E890-2025.csv,降水日數,8,day,8,day,直接採用該測站 CODiS 2025 年月報表欄位「降水日數」作為系統測站層級資料；目前未進行鄉鎮推估。,完整
water,C1E890,國三N149K,署屬自動站,苗栗縣,,53,120.680019,24.463414,國道3號北向149K,2025-09,max_daily_rainfall,中央氣象署 CODiS / 現存測站清單,https://codis.cwa.gov.tw/ ; https://hdps.cwa.gov.tw/static/state.html,C1E890-2025.csv,最大日降水量,23.5,mm,23.5,mm,直接採用該測站 CODiS 2025 年月報表欄位「最大日降水量」作為系統測站層級資料；目前未進行鄉鎮推估。,完整
water,C1E890,國三N149K,署屬自動站,苗栗縣,,53,120.680019,24.463414,國道3號北向149K,2025-10,rainfall,中央氣象署 CODiS / 現存測站清單,https://codis.cwa.gov.tw/ ; https://hdps.cwa.gov.tw/static/state.html,C1E890-2025.csv,降水量,26.5,mm,26.5,mm,直接採用該測站 CODiS 2025 年月報表欄位「降水量」作為系統測站層級資料；目前未進行鄉鎮推估。,完整
water,C1E890,國三N149K,署屬自動站,苗栗縣,,53,120.680019,24.463414,國道3號北向149K,2025-10,rainfall_days,中央氣象署 CODiS / 現存測站清單,https://codis.cwa.gov.tw/ ; https://hdps.cwa.gov.tw/static/state.html,C1E890-2025.csv,降水日數,5,day,5,day,直接採用該測站 CODiS 2025 年月報表欄位「降水日數」作為系統測站層級資料；目前未進行鄉鎮推估。,完整
water,C1E890,國三N149K,署屬自動站,苗栗縣,,53,120.680019,24.463414,國道3號北向149K,2025-10,max_daily_rainfall,中央氣象署 CODiS / 現存測站清單,https://codis.cwa.gov.tw/ ; https://hdps.cwa.gov.tw/static/state.html,C1E890-2025.csv,最大日降水量,11.5,mm,11.5,mm,直接採用該測站 CODiS 2025 年月報表欄位「最大日降水量」作為系統測站層級資料；目前未進行鄉鎮推估。,完整
water,C1E890,國三N149K,署屬自動站,苗栗縣,,53,120.680019,24.463414,國道3號北向149K,2025-11,rainfall,中央氣象署 CODiS / 現存測站清單,https://codis.cwa.gov.tw/ ; https://hdps.cwa.gov.tw/static/state.html,C1E890-2025.csv,降水量,23.5,mm,23.5,mm,直接採用該測站 CODiS 2025 年月報表欄位「降水量」作為系統測站層級資料；目前未進行鄉鎮推估。,完整
water,C1E890,國三N149K,署屬自動站,苗栗縣,,53,120.680019,24.463414,國道3號北向149K,2025-11,rainfall_days,中央氣象署 CODiS / 現存測站清單,https://codis.cwa.gov.tw/ ; https://hdps.cwa.gov.tw/static/state.html,C1E890-2025.csv,降水日數,4,day,4,day,直接採用該測站 CODiS 2025 年月報表欄位「降水日數」作為系統測站層級資料；目前未進行鄉鎮推估。,完整
water,C1E890,國三N149K,署屬自動站,苗栗縣,,53,120.680019,24.463414,國道3號北向149K,2025-11,max_daily_rainfall,中央氣象署 CODiS / 現存測站清單,https://codis.cwa.gov.tw/ ; https://hdps.cwa.gov.tw/static/state.html,C1E890-2025.csv,最大日降水量,13.5,mm,13.5,mm,直接採用該測站 CODiS 2025 年月報表欄位「最大日降水量」作為系統測站層級資料；目前未進行鄉鎮推估。,完整
water,C1E890,國三N149K,署屬自動站,苗栗縣,,53,120.680019,24.463414,國道3號北向149K,2025-12,rainfall,中央氣象署 CODiS / 現存測站清單,https://codis.cwa.gov.tw/ ; https://hdps.cwa.gov.tw/static/state.html,C1E890-2025.csv,降水量,1.5,mm,1.5,mm,直接採用該測站 CODiS 2025 年月報表欄位「降水量」作為系統測站層級資料；目前未進行鄉鎮推估。,完整
water,C1E890,國三N149K,署屬自動站,苗栗縣,,53,120.680019,24.463414,國道3號北向149K,2025-12,rainfall_days,中央氣象署 CODiS / 現存測站清單,https://codis.cwa.gov.tw/ ; https://hdps.cwa.gov.tw/static/state.html,C1E890-2025.csv,降水日數,2,day,2,day,直接採用該測站 CODiS 2025 年月報表欄位「降水日數」作為系統測站層級資料；目前未進行鄉鎮推估。,完整
water,C1E890,國三N149K,署屬自動站,苗栗縣,,53,120.680019,24.463414,國道3號北向149K,2025-12,max_daily_rainfall,中央氣象署 CODiS / 現存測站清單,https://codis.cwa.gov.tw/ ; https://hdps.cwa.gov.tw/static/state.html,C1E890-2025.csv,最大日降水量,1,mm,1,mm,直接採用該測站 CODiS 2025 年月報表欄位「最大日降水量」作為系統測站層級資料；目前未進行鄉鎮推估。,完整
water,C1E900,國一N128K,署屬自動站,苗栗縣,,80,120.844186,24.560997,國道1號北向128K,2025-01,rainfall,中央氣象署 CODiS / 現存測站清單,https://codis.cwa.gov.tw/ ; https://hdps.cwa.gov.tw/static/state.html,C1E900-2025.csv,降水量,27.5,mm,27.5,mm,直接採用該測站 CODiS 2025 年月報表欄位「降水量」作為系統測站層級資料；目前未進行鄉鎮推估。,完整
water,C1E900,國一N128K,署屬自動站,苗栗縣,,80,120.844186,24.560997,國道1號北向128K,2025-01,rainfall_days,中央氣象署 CODiS / 現存測站清單,https://codis.cwa.gov.tw/ ; https://hdps.cwa.gov.tw/static/state.html,C1E900-2025.csv,降水日數,8,day,8,day,直接採用該測站 CODiS 2025 年月報表欄位「降水日數」作為系統測站層級資料；目前未進行鄉鎮推估。,完整
water,C1E900,國一N128K,署屬自動站,苗栗縣,,80,120.844186,24.560997,國道1號北向128K,2025-01,max_daily_rainfall,中央氣象署 CODiS / 現存測站清單,https://codis.cwa.gov.tw/ ; https://hdps.cwa.gov.tw/static/state.html,C1E900-2025.csv,最大日降水量,7.5,mm,7.5,mm,直接採用該測站 CODiS 2025 年月報表欄位「最大日降水量」作為系統測站層級資料；目前未進行鄉鎮推估。,完整
water,C1E900,國一N128K,署屬自動站,苗栗縣,,80,120.844186,24.560997,國道1號北向128K,2025-02,rainfall,中央氣象署 CODiS / 現存測站清單,https://codis.cwa.gov.tw/ ; https://hdps.cwa.gov.tw/static/state.html,C1E900-2025.csv,降水量,76,mm,76,mm,直接採用該測站 CODiS 2025 年月報表欄位「降水量」作為系統測站層級資料；目前未進行鄉鎮推估。,完整
water,C1E900,國一N128K,署屬自動站,苗栗縣,,80,120.844186,24.560997,國道1號北向128K,2025-02,rainfall_days,中央氣象署 CODiS / 現存測站清單,https://codis.cwa.gov.tw/ ; https://hdps.cwa.gov.tw/static/state.html,C1E900-2025.csv,降水日數,9,day,9,day,直接採用該測站 CODiS 2025 年月報表欄位「降水日數」作為系統測站層級資料；目前未進行鄉鎮推估。,完整
water,C1E900,國一N128K,署屬自動站,苗栗縣,,80,120.844186,24.560997,國道1號北向128K,2025-02,max_daily_rainfall,中央氣象署 CODiS / 現存測站清單,https://codis.cwa.gov.tw/ ; https://hdps.cwa.gov.tw/static/state.html,C1E900-2025.csv,最大日降水量,37,mm,37,mm,直接採用該測站 CODiS 2025 年月報表欄位「最大日降水量」作為系統測站層級資料；目前未進行鄉鎮推估。,完整
water,C1E900,國一N128K,署屬自動站,苗栗縣,,80,120.844186,24.560997,國道1號北向128K,2025-03,rainfall,中央氣象署 CODiS / 現存測站清單,https://codis.cwa.gov.tw/ ; https://hdps.cwa.gov.tw/static/state.html,C1E900-2025.csv,降水量,255,mm,255,mm,直接採用該測站 CODiS 2025 年月報表欄位「降水量」作為系統測站層級資料；目前未進行鄉鎮推估。,完整
water,C1E900,國一N128K,署屬自動站,苗栗縣,,80,120.844186,24.560997,國道1號北向128K,2025-03,rainfall_days,中央氣象署 CODiS / 現存測站清單,https://codis.cwa.gov.tw/ ; https://hdps.cwa.gov.tw/static/state.html,C1E900-2025.csv,降水日數,12,day,12,day,直接採用該測站 CODiS 2025 年月報表欄位「降水日數」作為系統測站層級資料；目前未進行鄉鎮推估。,完整
water,C1E900,國一N128K,署屬自動站,苗栗縣,,80,120.844186,24.560997,國道1號北向128K,2025-03,max_daily_rainfall,中央氣象署 CODiS / 現存測站清單,https://codis.cwa.gov.tw/ ; https://hdps.cwa.gov.tw/static/state.html,C1E900-2025.csv,最大日降水量,51.5,mm,51.5,mm,直接採用該測站 CODiS 2025 年月報表欄位「最大日降水量」作為系統測站層級資料；目前未進行鄉鎮推估。,完整
water,C1E900,國一N128K,署屬自動站,苗栗縣,,80,120.844186,24.560997,國道1號北向128K,2025-04,rainfall,中央氣象署 CODiS / 現存測站清單,https://codis.cwa.gov.tw/ ; https://hdps.cwa.gov.tw/static/state.html,C1E900-2025.csv,降水量,150,mm,150,mm,直接採用該測站 CODiS 2025 年月報表欄位「降水量」作為系統測站層級資料；目前未進行鄉鎮推估。,完整
water,C1E900,國一N128K,署屬自動站,苗栗縣,,80,120.844186,24.560997,國道1號北向128K,2025-04,rainfall_days,中央氣象署 CODiS / 現存測站清單,https://codis.cwa.gov.tw/ ; https://hdps.cwa.gov.tw/static/state.html,C1E900-2025.csv,降水日數,13,day,13,day,直接採用該測站 CODiS 2025 年月報表欄位「降水日數」作為系統測站層級資料；目前未進行鄉鎮推估。,完整
water,C1E900,國一N128K,署屬自動站,苗栗縣,,80,120.844186,24.560997,國道1號北向128K,2025-04,max_daily_rainfall,中央氣象署 CODiS / 現存測站清單,https://codis.cwa.gov.tw/ ; https://hdps.cwa.gov.tw/static/state.html,C1E900-2025.csv,最大日降水量,54,mm,54,mm,直接採用該測站 CODiS 2025 年月報表欄位「最大日降水量」作為系統測站層級資料；目前未進行鄉鎮推估。,完整
water,C1E900,國一N128K,署屬自動站,苗栗縣,,80,120.844186,24.560997,國道1號北向128K,2025-05,rainfall,中央氣象署 CODiS / 現存測站清單,https://codis.cwa.gov.tw/ ; https://hdps.cwa.gov.tw/static/state.html,C1E900-2025.csv,降水量,283.5,mm,283.5,mm,直接採用該測站 CODiS 2025 年月報表欄位「降水量」作為系統測站層級資料；目前未進行鄉鎮推估。,完整
water,C1E900,國一N128K,署屬自動站,苗栗縣,,80,120.844186,24.560997,國道1號北向128K,2025-05,rainfall_days,中央氣象署 CODiS / 現存測站清單,https://codis.cwa.gov.tw/ ; https://hdps.cwa.gov.tw/static/state.html,C1E900-2025.csv,降水日數,10,day,10,day,直接採用該測站 CODiS 2025 年月報表欄位「降水日數」作為系統測站層級資料；目前未進行鄉鎮推估。,完整
water,C1E900,國一N128K,署屬自動站,苗栗縣,,80,120.844186,24.560997,國道1號北向128K,2025-05,max_daily_rainfall,中央氣象署 CODiS / 現存測站清單,https://codis.cwa.gov.tw/ ; https://hdps.cwa.gov.tw/static/state.html,C1E900-2025.csv,最大日降水量,75,mm,75,mm,直接採用該測站 CODiS 2025 年月報表欄位「最大日降水量」作為系統測站層級資料；目前未進行鄉鎮推估。,完整
water,C1E900,國一N128K,署屬自動站,苗栗縣,,80,120.844186,24.560997,國道1號北向128K,2025-06,rainfall,中央氣象署 CODiS / 現存測站清單,https://codis.cwa.gov.tw/ ; https://hdps.cwa.gov.tw/static/state.html,C1E900-2025.csv,降水量,97,mm,97,mm,直接採用該測站 CODiS 2025 年月報表欄位「降水量」作為系統測站層級資料；目前未進行鄉鎮推估。,完整
water,C1E900,國一N128K,署屬自動站,苗栗縣,,80,120.844186,24.560997,國道1號北向128K,2025-06,rainfall_days,中央氣象署 CODiS / 現存測站清單,https://codis.cwa.gov.tw/ ; https://hdps.cwa.gov.tw/static/state.html,C1E900-2025.csv,降水日數,8,day,8,day,直接採用該測站 CODiS 2025 年月報表欄位「降水日數」作為系統測站層級資料；目前未進行鄉鎮推估。,完整
water,C1E900,國一N128K,署屬自動站,苗栗縣,,80,120.844186,24.560997,國道1號北向128K,2025-06,max_daily_rainfall,中央氣象署 CODiS / 現存測站清單,https://codis.cwa.gov.tw/ ; https://hdps.cwa.gov.tw/static/state.html,C1E900-2025.csv,最大日降水量,22,mm,22,mm,直接採用該測站 CODiS 2025 年月報表欄位「最大日降水量」作為系統測站層級資料；目前未進行鄉鎮推估。,完整
water,C1E900,國一N128K,署屬自動站,苗栗縣,,80,120.844186,24.560997,國道1號北向128K,2025-07,rainfall,中央氣象署 CODiS / 現存測站清單,https://codis.cwa.gov.tw/ ; https://hdps.cwa.gov.tw/static/state.html,C1E900-2025.csv,降水量,538.5,mm,538.5,mm,直接採用該測站 CODiS 2025 年月報表欄位「降水量」作為系統測站層級資料；目前未進行鄉鎮推估。,完整
water,C1E900,國一N128K,署屬自動站,苗栗縣,,80,120.844186,24.560997,國道1號北向128K,2025-07,rainfall_days,中央氣象署 CODiS / 現存測站清單,https://codis.cwa.gov.tw/ ; https://hdps.cwa.gov.tw/static/state.html,C1E900-2025.csv,降水日數,17,day,17,day,直接採用該測站 CODiS 2025 年月報表欄位「降水日數」作為系統測站層級資料；目前未進行鄉鎮推估。,完整
water,C1E900,國一N128K,署屬自動站,苗栗縣,,80,120.844186,24.560997,國道1號北向128K,2025-07,max_daily_rainfall,中央氣象署 CODiS / 現存測站清單,https://codis.cwa.gov.tw/ ; https://hdps.cwa.gov.tw/static/state.html,C1E900-2025.csv,最大日降水量,159.5,mm,159.5,mm,直接採用該測站 CODiS 2025 年月報表欄位「最大日降水量」作為系統測站層級資料；目前未進行鄉鎮推估。,完整
water,C1E900,國一N128K,署屬自動站,苗栗縣,,80,120.844186,24.560997,國道1號北向128K,2025-08,rainfall,中央氣象署 CODiS / 現存測站清單,https://codis.cwa.gov.tw/ ; https://hdps.cwa.gov.tw/static/state.html,C1E900-2025.csv,降水量,74.5,mm,74.5,mm,直接採用該測站 CODiS 2025 年月報表欄位「降水量」作為系統測站層級資料；目前未進行鄉鎮推估。,完整
water,C1E900,國一N128K,署屬自動站,苗栗縣,,80,120.844186,24.560997,國道1號北向128K,2025-08,rainfall_days,中央氣象署 CODiS / 現存測站清單,https://codis.cwa.gov.tw/ ; https://hdps.cwa.gov.tw/static/state.html,C1E900-2025.csv,降水日數,7,day,7,day,直接採用該測站 CODiS 2025 年月報表欄位「降水日數」作為系統測站層級資料；目前未進行鄉鎮推估。,完整
water,C1E900,國一N128K,署屬自動站,苗栗縣,,80,120.844186,24.560997,國道1號北向128K,2025-08,max_daily_rainfall,中央氣象署 CODiS / 現存測站清單,https://codis.cwa.gov.tw/ ; https://hdps.cwa.gov.tw/static/state.html,C1E900-2025.csv,最大日降水量,37,mm,37,mm,直接採用該測站 CODiS 2025 年月報表欄位「最大日降水量」作為系統測站層級資料；目前未進行鄉鎮推估。,完整
water,C1E900,國一N128K,署屬自動站,苗栗縣,,80,120.844186,24.560997,國道1號北向128K,2025-09,rainfall,中央氣象署 CODiS / 現存測站清單,https://codis.cwa.gov.tw/ ; https://hdps.cwa.gov.tw/static/state.html,C1E900-2025.csv,降水量,118.5,mm,118.5,mm,直接採用該測站 CODiS 2025 年月報表欄位「降水量」作為系統測站層級資料；目前未進行鄉鎮推估。,完整
water,C1E900,國一N128K,署屬自動站,苗栗縣,,80,120.844186,24.560997,國道1號北向128K,2025-09,rainfall_days,中央氣象署 CODiS / 現存測站清單,https://codis.cwa.gov.tw/ ; https://hdps.cwa.gov.tw/static/state.html,C1E900-2025.csv,降水日數,5,day,5,day,直接採用該測站 CODiS 2025 年月報表欄位「降水日數」作為系統測站層級資料；目前未進行鄉鎮推估。,完整
water,C1E900,國一N128K,署屬自動站,苗栗縣,,80,120.844186,24.560997,國道1號北向128K,2025-09,max_daily_rainfall,中央氣象署 CODiS / 現存測站清單,https://codis.cwa.gov.tw/ ; https://hdps.cwa.gov.tw/static/state.html,C1E900-2025.csv,最大日降水量,82.5,mm,82.5,mm,直接採用該測站 CODiS 2025 年月報表欄位「最大日降水量」作為系統測站層級資料；目前未進行鄉鎮推估。,完整
water,C1E900,國一N128K,署屬自動站,苗栗縣,,80,120.844186,24.560997,國道1號北向128K,2025-10,rainfall,中央氣象署 CODiS / 現存測站清單,https://codis.cwa.gov.tw/ ; https://hdps.cwa.gov.tw/static/state.html,C1E900-2025.csv,降水量,55.5,mm,55.5,mm,直接採用該測站 CODiS 2025 年月報表欄位「降水量」作為系統測站層級資料；目前未進行鄉鎮推估。,完整
water,C1E900,國一N128K,署屬自動站,苗栗縣,,80,120.844186,24.560997,國道1號北向128K,2025-10,rainfall_days,中央氣象署 CODiS / 現存測站清單,https://codis.cwa.gov.tw/ ; https://hdps.cwa.gov.tw/static/state.html,C1E900-2025.csv,降水日數,6,day,6,day,直接採用該測站 CODiS 2025 年月報表欄位「降水日數」作為系統測站層級資料；目前未進行鄉鎮推估。,完整
water,C1E900,國一N128K,署屬自動站,苗栗縣,,80,120.844186,24.560997,國道1號北向128K,2025-10,max_daily_rainfall,中央氣象署 CODiS / 現存測站清單,https://codis.cwa.gov.tw/ ; https://hdps.cwa.gov.tw/static/state.html,C1E900-2025.csv,最大日降水量,17.5,mm,17.5,mm,直接採用該測站 CODiS 2025 年月報表欄位「最大日降水量」作為系統測站層級資料；目前未進行鄉鎮推估。,完整
water,C1E900,國一N128K,署屬自動站,苗栗縣,,80,120.844186,24.560997,國道1號北向128K,2025-11,rainfall,中央氣象署 CODiS / 現存測站清單,https://codis.cwa.gov.tw/ ; https://hdps.cwa.gov.tw/static/state.html,C1E900-2025.csv,降水量,30,mm,30,mm,直接採用該測站 CODiS 2025 年月報表欄位「降水量」作為系統測站層級資料；目前未進行鄉鎮推估。,完整
water,C1E900,國一N128K,署屬自動站,苗栗縣,,80,120.844186,24.560997,國道1號北向128K,2025-11,rainfall_days,中央氣象署 CODiS / 現存測站清單,https://codis.cwa.gov.tw/ ; https://hdps.cwa.gov.tw/static/state.html,C1E900-2025.csv,降水日數,5,day,5,day,直接採用該測站 CODiS 2025 年月報表欄位「降水日數」作為系統測站層級資料；目前未進行鄉鎮推估。,完整
water,C1E900,國一N128K,署屬自動站,苗栗縣,,80,120.844186,24.560997,國道1號北向128K,2025-11,max_daily_rainfall,中央氣象署 CODiS / 現存測站清單,https://codis.cwa.gov.tw/ ; https://hdps.cwa.gov.tw/static/state.html,C1E900-2025.csv,最大日降水量,16,mm,16,mm,直接採用該測站 CODiS 2025 年月報表欄位「最大日降水量」作為系統測站層級資料；目前未進行鄉鎮推估。,完整
water,C1E900,國一N128K,署屬自動站,苗栗縣,,80,120.844186,24.560997,國道1號北向128K,2025-12,rainfall,中央氣象署 CODiS / 現存測站清單,https://codis.cwa.gov.tw/ ; https://hdps.cwa.gov.tw/static/state.html,C1E900-2025.csv,降水量,3.5,mm,3.5,mm,直接採用該測站 CODiS 2025 年月報表欄位「降水量」作為系統測站層級資料；目前未進行鄉鎮推估。,完整
water,C1E900,國一N128K,署屬自動站,苗栗縣,,80,120.844186,24.560997,國道1號北向128K,2025-12,rainfall_days,中央氣象署 CODiS / 現存測站清單,https://codis.cwa.gov.tw/ ; https://hdps.cwa.gov.tw/static/state.html,C1E900-2025.csv,降水日數,5,day,5,day,直接採用該測站 CODiS 2025 年月報表欄位「降水日數」作為系統測站層級資料；目前未進行鄉鎮推估。,完整
water,C1E900,國一N128K,署屬自動站,苗栗縣,,80,120.844186,24.560997,國道1號北向128K,2025-12,max_daily_rainfall,中央氣象署 CODiS / 現存測站清單,https://codis.cwa.gov.tw/ ; https://hdps.cwa.gov.tw/static/state.html,C1E900-2025.csv,最大日降水量,1,mm,1,mm,直接採用該測站 CODiS 2025 年月報表欄位「最大日降水量」作為系統測站層級資料；目前未進行鄉鎮推估。,完整
